Scenario,Parameter,ActualParameter,Replicate,RunIndex,Algorithm,ElapsedMs
digits,1,1,1,1,I,117.68789
digits,1,1,1,2,I,116.852735
digits,1,1,1,3,I,137.156054
digits,1,1,1,1,Q,113.181043
digits,1,1,1,2,Q,111.520533
digits,1,1,1,3,Q,113.156868
digits,1,1,1,1,M,116.984171
digits,1,1,1,2,M,124.041826
digits,1,1,1,3,M,108.576941
digits,1,1,1,1,H,110.297659
digits,1,1,1,2,H,112.185011
digits,1,1,1,3,H,110.136788
digits,1,1,1,1,R,109.450086
digits,1,1,1,2,R,113.330862
digits,1,1,1,3,R,118.804101
digits,1,1,2,1,I,119.460495
digits,1,1,2,2,I,117.337518
digits,1,1,2,3,I,123.113239
digits,1,1,2,1,Q,117.135451
digits,1,1,2,2,Q,112.624384
digits,1,1,2,3,Q,107.577005
digits,1,1,2,1,M,108.861199
digits,1,1,2,2,M,114.989636
digits,1,1,2,3,M,122.312134
digits,1,1,2,1,H,114.971433
digits,1,1,2,2,H,113.566806
digits,1,1,2,3,H,107.497361
digits,1,1,2,1,R,106.34952
digits,1,1,2,2,R,113.213562
digits,1,1,2,3,R,110.130728
digits,1,1,3,1,I,114.913003
digits,1,1,3,2,I,120.37333
digits,1,1,3,3,I,117.97592
digits,1,1,3,1,Q,114.421564
digits,1,1,3,2,Q,114.14994
digits,1,1,3,3,Q,120.758986
digits,1,1,3,1,M,113.937901
digits,1,1,3,2,M,108.055031
digits,1,1,3,3,M,121.431561
digits,1,1,3,1,H,110.987226
digits,1,1,3,2,H,109.475774
digits,1,1,3,3,H,114.766488
digits,1,1,3,1,R,107.421529
digits,1,1,3,2,R,113.692421
digits,1,1,3,3,R,113.088368
digits,1,1,4,1,I,120.065938
digits,1,1,4,2,I,119.617415
digits,1,1,4,3,I,117.090908
digits,1,1,4,1,Q,111.218572
digits,1,1,4,2,Q,108.061455
digits,1,1,4,3,Q,116.266166
digits,1,1,4,1,M,107.008478
digits,1,1,4,2,M,110.126107
digits,1,1,4,3,M,115.188058
digits,1,1,4,1,H,123.964925
digits,1,1,4,2,H,105.249817
digits,1,1,4,3,H,111.556178
digits,1,1,4,1,R,106.328469
digits,1,1,4,2,R,111.154526
digits,1,1,4,3,R,112.638538
digits,1,1,5,1,I,116.695345
digits,1,1,5,2,I,117.022254
digits,1,1,5,3,I,120.705165
digits,1,1,5,1,Q,109.540239
digits,1,1,5,2,Q,109.535667
digits,1,1,5,3,Q,105.687032
digits,1,1,5,1,M,111.17704
digits,1,1,5,2,M,122.204883
digits,1,1,5,3,M,114.186151
digits,1,1,5,1,H,105.403748
digits,1,1,5,2,H,100.610211
digits,1,1,5,3,H,114.750757
digits,1,1,5,1,R,115.790769
digits,1,1,5,2,R,112.627964
digits,1,1,5,3,R,107.445049
digits,1,1,6,1,I,117.836577
digits,1,1,6,2,I,103.63589
digits,1,1,6,3,I,118.039099
digits,1,1,6,1,Q,99.402189
digits,1,1,6,2,Q,111.711666
digits,1,1,6,3,Q,108.417862
digits,1,1,6,1,M,111.779824
digits,1,1,6,2,M,100.303107
digits,1,1,6,3,M,118.291352
digits,1,1,6,1,H,113.241228
digits,1,1,6,2,H,111.474448
digits,1,1,6,3,H,114.203409
digits,1,1,6,1,R,105.477726
digits,1,1,6,2,R,109.87708
digits,1,1,6,3,R,108.794654
digits,1,1,7,1,I,118.254692
digits,1,1,7,2,I,113.960052
digits,1,1,7,3,I,117.638526
digits,1,1,7,1,Q,109.639828
digits,1,1,7,2,Q,105.963801
digits,1,1,7,3,Q,101.592553
digits,1,1,7,1,M,107.86778
digits,1,1,7,2,M,110.206102
digits,1,1,7,3,M,108.175479
digits,1,1,7,1,H,109.984564
digits,1,1,7,2,H,106.766919
digits,1,1,7,3,H,114.85263
digits,1,1,7,1,R,112.374501
digits,1,1,7,2,R,120.45188
digits,1,1,7,3,R,106.902905
digits,1,1,8,1,I,117.38079
digits,1,1,8,2,I,120.158137
digits,1,1,8,3,I,119.36898
digits,1,1,8,1,Q,118.124702
digits,1,1,8,2,Q,119.959052
digits,1,1,8,3,Q,110.360085
digits,1,1,8,1,M,111.119171
digits,1,1,8,2,M,119.376807
digits,1,1,8,3,M,106.201979
digits,1,1,8,1,H,110.057721
digits,1,1,8,2,H,113.911768
digits,1,1,8,3,H,112.36388
digits,1,1,8,1,R,99.167097
digits,1,1,8,2,R,110.356892
digits,1,1,8,3,R,120.236633
digits,2,2,1,1,I,112.818897
digits,2,2,1,2,I,115.559323
digits,2,2,1,3,I,118.343488
digits,2,2,1,1,Q,111.48865
digits,2,2,1,2,Q,119.369407
digits,2,2,1,3,Q,109.811607
digits,2,2,1,1,M,106.303533
digits,2,2,1,2,M,111.452126
digits,2,2,1,3,M,117.627659
digits,2,2,1,1,H,99.941182
digits,2,2,1,2,H,109.812588
digits,2,2,1,3,H,107.755925
digits,2,2,1,1,R,115.26625
digits,2,2,1,2,R,93.559589
digits,2,2,1,3,R,110.027696
digits,2,2,2,1,I,118.456604
digits,2,2,2,2,I,132.020258
digits,2,2,2,3,I,136.004145
digits,2,2,2,1,Q,106.192387
digits,2,2,2,2,Q,108.190828
digits,2,2,2,3,Q,107.690659
digits,2,2,2,1,M,109.393875
digits,2,2,2,2,M,118.15788
digits,2,2,2,3,M,108.850865
digits,2,2,2,1,H,117.022423
digits,2,2,2,2,H,106.785502
digits,2,2,2,3,H,121.384842
digits,2,2,2,1,R,116.729413
digits,2,2,2,2,R,109.858479
digits,2,2,2,3,R,110.536285
digits,2,2,3,1,I,115.185985
digits,2,2,3,2,I,123.189927
digits,2,2,3,3,I,126.665151
digits,2,2,3,1,Q,109.447656
digits,2,2,3,2,Q,109.276661
digits,2,2,3,3,Q,107.189285
digits,2,2,3,1,M,107.191826
digits,2,2,3,2,M,115.117992
digits,2,2,3,3,M,109.420233
digits,2,2,3,1,H,109.162821
digits,2,2,3,2,H,111.507012
digits,2,2,3,3,H,109.559031
digits,2,2,3,1,R,110.120553
digits,2,2,3,2,R,107.128894
digits,2,2,3,3,R,106.661661
digits,2,2,4,1,I,117.550747
digits,2,2,4,2,I,116.052577
digits,2,2,4,3,I,120.200519
digits,2,2,4,1,Q,114.88518
digits,2,2,4,2,Q,108.131667
digits,2,2,4,3,Q,117.337896
digits,2,2,4,1,M,106.427645
digits,2,2,4,2,M,102.060605
digits,2,2,4,3,M,113.100604
digits,2,2,4,1,H,106.321618
digits,2,2,4,2,H,105.46315
digits,2,2,4,3,H,107.922401
digits,2,2,4,1,R,107.971401
digits,2,2,4,2,R,109.668348
digits,2,2,4,3,R,106.606624
digits,2,2,5,1,I,115.676517
digits,2,2,5,2,I,117.544891
digits,2,2,5,3,I,116.179054
digits,2,2,5,1,Q,105.295877
digits,2,2,5,2,Q,107.373556
digits,2,2,5,3,Q,113.901343
digits,2,2,5,1,M,106.766771
digits,2,2,5,2,M,111.052295
digits,2,2,5,3,M,113.767162
digits,2,2,5,1,H,107.616309
digits,2,2,5,2,H,111.962296
digits,2,2,5,3,H,106.365623
digits,2,2,5,1,R,105.671495
digits,2,2,5,2,R,106.608702
digits,2,2,5,3,R,112.565495
digits,2,2,6,1,I,113.216984
digits,2,2,6,2,I,112.519781
digits,2,2,6,3,I,114.478055
digits,2,2,6,1,Q,104.997345
digits,2,2,6,2,Q,108.434765
digits,2,2,6,3,Q,105.675342
digits,2,2,6,1,M,106.809652
digits,2,2,6,2,M,114.314089
digits,2,2,6,3,M,108.50098
digits,2,2,6,1,H,112.840169
digits,2,2,6,2,H,104.262201
digits,2,2,6,3,H,106.878233
digits,2,2,6,1,R,104.693087
digits,2,2,6,2,R,111.941477
digits,2,2,6,3,R,107.919951
digits,2,2,7,1,I,115.836188
digits,2,2,7,2,I,134.581451
digits,2,2,7,3,I,131.376756
digits,2,2,7,1,Q,109.844312
digits,2,2,7,2,Q,113.495458
digits,2,2,7,3,Q,120.621563
digits,2,2,7,1,M,108.882768
digits,2,2,7,2,M,118.076804
digits,2,2,7,3,M,108.239581
digits,2,2,7,1,H,108.352847
digits,2,2,7,2,H,111.129753
digits,2,2,7,3,H,108.894961
digits,2,2,7,1,R,112.172612
digits,2,2,7,2,R,104.869605
digits,2,2,7,3,R,111.1393
digits,2,2,8,1,I,123.76887
digits,2,2,8,2,I,116.571642
digits,2,2,8,3,I,114.979027
digits,2,2,8,1,Q,108.248624
digits,2,2,8,2,Q,104.320009
digits,2,2,8,3,Q,116.823096
digits,2,2,8,1,M,114.765409
digits,2,2,8,2,M,109.993174
digits,2,2,8,3,M,121.487357
digits,2,2,8,1,H,113.976614
digits,2,2,8,2,H,111.715948
digits,2,2,8,3,H,109.551212
digits,2,2,8,1,R,105.250675
digits,2,2,8,2,R,112.149254
digits,2,2,8,3,R,108.22951
digits,3,3,1,1,I,126.160967
digits,3,3,1,2,I,124.336853
digits,3,3,1,3,I,116.67481
digits,3,3,1,1,Q,106.050492
digits,3,3,1,2,Q,104.900724
digits,3,3,1,3,Q,109.99188
digits,3,3,1,1,M,106.592737
digits,3,3,1,2,M,111.18801
digits,3,3,1,3,M,105.49179
digits,3,3,1,1,H,107.571578
digits,3,3,1,2,H,113.514514
digits,3,3,1,3,H,111.830965
digits,3,3,1,1,R,111.014397
digits,3,3,1,2,R,112.777537
digits,3,3,1,3,R,108.488391
digits,3,3,2,1,I,128.836675
digits,3,3,2,2,I,115.179424
digits,3,3,2,3,I,117.732216
digits,3,3,2,1,Q,108.342512
digits,3,3,2,2,Q,124.4047
digits,3,3,2,3,Q,98.834189
digits,3,3,2,1,M,104.124645
digits,3,3,2,2,M,106.482486
digits,3,3,2,3,M,109.341181
digits,3,3,2,1,H,113.587808
digits,3,3,2,2,H,110.352569
digits,3,3,2,3,H,111.837165
digits,3,3,2,1,R,105.100659
digits,3,3,2,2,R,110.729998
digits,3,3,2,3,R,111.756135
digits,3,3,3,1,I,118.553386
digits,3,3,3,2,I,118.521545
digits,3,3,3,3,I,117.361526
digits,3,3,3,1,Q,110.533036
digits,3,3,3,2,Q,106.312978
digits,3,3,3,3,Q,105.941697
digits,3,3,3,1,M,107.569208
digits,3,3,3,2,M,111.146573
digits,3,3,3,3,M,108.728377
digits,3,3,3,1,H,113.100658
digits,3,3,3,2,H,111.167264
digits,3,3,3,3,H,108.047325
digits,3,3,3,1,R,109.914767
digits,3,3,3,2,R,109.628896
digits,3,3,3,3,R,107.060192
digits,3,3,4,1,I,117.628071
digits,3,3,4,2,I,119.460946
digits,3,3,4,3,I,119.959141
digits,3,3,4,1,Q,109.152831
digits,3,3,4,2,Q,105.593487
digits,3,3,4,3,Q,108.706308
digits,3,3,4,1,M,108.044188
digits,3,3,4,2,M,110.637857
digits,3,3,4,3,M,107.103907
digits,3,3,4,1,H,108.660474
digits,3,3,4,2,H,109.182705
digits,3,3,4,3,H,106.88584
digits,3,3,4,1,R,106.977179
digits,3,3,4,2,R,107.780619
digits,3,3,4,3,R,107.237385
digits,3,3,5,1,I,123.627299
digits,3,3,5,2,I,123.807709
digits,3,3,5,3,I,116.682288
digits,3,3,5,1,Q,113.635398
digits,3,3,5,2,Q,120.738601
digits,3,3,5,3,Q,120.629551
digits,3,3,5,1,M,110.411482
digits,3,3,5,2,M,116.550929
digits,3,3,5,3,M,108.713849
digits,3,3,5,1,H,115.042997
digits,3,3,5,2,H,114.626039
digits,3,3,5,3,H,110.35026
digits,3,3,5,1,R,107.707085
digits,3,3,5,2,R,111.631636
digits,3,3,5,3,R,106.808019
digits,3,3,6,1,I,117.499598
digits,3,3,6,2,I,120.49296
digits,3,3,6,3,I,118.939386
digits,3,3,6,1,Q,111.582698
digits,3,3,6,2,Q,105.745636
digits,3,3,6,3,Q,108.568599
digits,3,3,6,1,M,124.906544
digits,3,3,6,2,M,110.983407
digits,3,3,6,3,M,112.387856
digits,3,3,6,1,H,105.894128
digits,3,3,6,2,H,107.088358
digits,3,3,6,3,H,112.883103
digits,3,3,6,1,R,111.446458
digits,3,3,6,2,R,98.353893
digits,3,3,6,3,R,111.427706
digits,3,3,7,1,I,116.936732
digits,3,3,7,2,I,118.0057
digits,3,3,7,3,I,115.144426
digits,3,3,7,1,Q,108.281214
digits,3,3,7,2,Q,109.856074
digits,3,3,7,3,Q,112.749693
digits,3,3,7,1,M,108.92617
digits,3,3,7,2,M,107.5069
digits,3,3,7,3,M,103.121579
digits,3,3,7,1,H,106.223039
digits,3,3,7,2,H,106.935875
digits,3,3,7,3,H,106.96936
digits,3,3,7,1,R,115.211891
digits,3,3,7,2,R,107.426014
digits,3,3,7,3,R,98.529612
digits,3,3,8,1,I,131.923719
digits,3,3,8,2,I,120.557741
digits,3,3,8,3,I,120.8392
digits,3,3,8,1,Q,125.354204
digits,3,3,8,2,Q,106.912171
digits,3,3,8,3,Q,107.636329
digits,3,3,8,1,M,110.473374
digits,3,3,8,2,M,109.508461
digits,3,3,8,3,M,111.724619
digits,3,3,8,1,H,106.745248
digits,3,3,8,2,H,107.059087
digits,3,3,8,3,H,106.174882
digits,3,3,8,1,R,110.781248
digits,3,3,8,2,R,113.661995
digits,3,3,8,3,R,114.888779
digits,4,4,1,1,I,124.641459
digits,4,4,1,2,I,116.341323
digits,4,4,1,3,I,124.216656
digits,4,4,1,1,Q,115.389644
digits,4,4,1,2,Q,112.36846
digits,4,4,1,3,Q,101.365819
digits,4,4,1,1,M,110.562091
digits,4,4,1,2,M,113.63131
digits,4,4,1,3,M,99.149207
digits,4,4,1,1,H,111.137542
digits,4,4,1,2,H,110.876475
digits,4,4,1,3,H,111.560283
digits,4,4,1,1,R,111.692875
digits,4,4,1,2,R,118.213694
digits,4,4,1,3,R,110.38149
digits,4,4,2,1,I,121.929274
digits,4,4,2,2,I,122.678795
digits,4,4,2,3,I,121.914626
digits,4,4,2,1,Q,106.845151
digits,4,4,2,2,Q,110.077354
digits,4,4,2,3,Q,110.067085
digits,4,4,2,1,M,112.003397
digits,4,4,2,2,M,112.529637
digits,4,4,2,3,M,114.142424
digits,4,4,2,1,H,109.810654
digits,4,4,2,2,H,114.194574
digits,4,4,2,3,H,109.892216
digits,4,4,2,1,R,99.057318
digits,4,4,2,2,R,112.78738
digits,4,4,2,3,R,121.531231
digits,4,4,3,1,I,121.517709
digits,4,4,3,2,I,116.348357
digits,4,4,3,3,I,129.824814
digits,4,4,3,1,Q,110.601045
digits,4,4,3,2,Q,115.044584
digits,4,4,3,3,Q,108.56268
digits,4,4,3,1,M,106.342125
digits,4,4,3,2,M,108.659567
digits,4,4,3,3,M,112.726514
digits,4,4,3,1,H,110.046817
digits,4,4,3,2,H,112.930374
digits,4,4,3,3,H,101.863783
digits,4,4,3,1,R,114.0203
digits,4,4,3,2,R,114.624428
digits,4,4,3,3,R,106.269589
digits,4,4,4,1,I,117.410677
digits,4,4,4,2,I,124.035913
digits,4,4,4,3,I,118.016589
digits,4,4,4,1,Q,107.805818
digits,4,4,4,2,Q,112.877258
digits,4,4,4,3,Q,111.588109
digits,4,4,4,1,M,104.771785
digits,4,4,4,2,M,111.665499
digits,4,4,4,3,M,107.593837
digits,4,4,4,1,H,107.126255
digits,4,4,4,2,H,107.742442
digits,4,4,4,3,H,98.374497
digits,4,4,4,1,R,106.333584
digits,4,4,4,2,R,108.967806
digits,4,4,4,3,R,114.120478
digits,4,4,5,1,I,118.884312
digits,4,4,5,2,I,106.740267
digits,4,4,5,3,I,122.314298
digits,4,4,5,1,Q,109.614937
digits,4,4,5,2,Q,109.578473
digits,4,4,5,3,Q,112.747537
digits,4,4,5,1,M,106.478294
digits,4,4,5,2,M,109.45648
digits,4,4,5,3,M,115.384111
digits,4,4,5,1,H,113.908265
digits,4,4,5,2,H,110.31583
digits,4,4,5,3,H,111.80006
digits,4,4,5,1,R,111.361125
digits,4,4,5,2,R,113.957212
digits,4,4,5,3,R,114.465372
digits,4,4,6,1,I,117.300831
digits,4,4,6,2,I,118.98155
digits,4,4,6,3,I,126.236439
digits,4,4,6,1,Q,117.014752
digits,4,4,6,2,Q,97.236576
digits,4,4,6,3,Q,112.308019
digits,4,4,6,1,M,109.954301
digits,4,4,6,2,M,109.035153
digits,4,4,6,3,M,107.506415
digits,4,4,6,1,H,112.248183
digits,4,4,6,2,H,108.726511
digits,4,4,6,3,H,111.232559
digits,4,4,6,1,R,110.51201
digits,4,4,6,2,R,111.861728
digits,4,4,6,3,R,99.344928
digits,4,4,7,1,I,116.248372
digits,4,4,7,2,I,114.818027
digits,4,4,7,3,I,114.012789
digits,4,4,7,1,Q,114.911349
digits,4,4,7,2,Q,106.506219
digits,4,4,7,3,Q,107.457475
digits,4,4,7,1,M,112.495
digits,4,4,7,2,M,108.048941
digits,4,4,7,3,M,98.290931
digits,4,4,7,1,H,108.079788
digits,4,4,7,2,H,111.286139
digits,4,4,7,3,H,107.441507
digits,4,4,7,1,R,110.249689
digits,4,4,7,2,R,112.283465
digits,4,4,7,3,R,114.022556
digits,4,4,8,1,I,124.991917
digits,4,4,8,2,I,118.465952
digits,4,4,8,3,I,122.998033
digits,4,4,8,1,Q,114.964911
digits,4,4,8,2,Q,115.03436
digits,4,4,8,3,Q,112.701882
digits,4,4,8,1,M,111.705053
digits,4,4,8,2,M,110.681452
digits,4,4,8,3,M,114.694409
digits,4,4,8,1,H,115.455036
digits,4,4,8,2,H,108.696934
digits,4,4,8,3,H,114.781115
digits,4,4,8,1,R,113.290417
digits,4,4,8,2,R,114.760646
digits,4,4,8,3,R,131.273221
digits,5,5,1,1,I,137.008328
digits,5,5,1,2,I,131.342104
digits,5,5,1,3,I,122.111287
digits,5,5,1,1,Q,112.696569
digits,5,5,1,2,Q,108.169868
digits,5,5,1,3,Q,115.443364
digits,5,5,1,1,M,108.542404
digits,5,5,1,2,M,116.691452
digits,5,5,1,3,M,111.320764
digits,5,5,1,1,H,110.675737
digits,5,5,1,2,H,113.152859
digits,5,5,1,3,H,105.050207
digits,5,5,1,1,R,113.237093
digits,5,5,1,2,R,100.391887
digits,5,5,1,3,R,114.271272
digits,5,5,2,1,I,116.417438
digits,5,5,2,2,I,123.643956
digits,5,5,2,3,I,156.228172
digits,5,5,2,1,Q,116.774074
digits,5,5,2,2,Q,110.385912
digits,5,5,2,3,Q,114.306873
digits,5,5,2,1,M,110.665824
digits,5,5,2,2,M,111.735349
digits,5,5,2,3,M,116.846008
digits,5,5,2,1,H,117.422199
digits,5,5,2,2,H,107.814752
digits,5,5,2,3,H,109.42247
digits,5,5,2,1,R,106.976132
digits,5,5,2,2,R,111.25772
digits,5,5,2,3,R,109.873172
digits,5,5,3,1,I,122.410884
digits,5,5,3,2,I,120.887896
digits,5,5,3,3,I,118.926493
digits,5,5,3,1,Q,111.947534
digits,5,5,3,2,Q,110.68499
digits,5,5,3,3,Q,113.565023
digits,5,5,3,1,M,111.38073
digits,5,5,3,2,M,111.973826
digits,5,5,3,3,M,109.118379
digits,5,5,3,1,H,111.207296
digits,5,5,3,2,H,117.888405
digits,5,5,3,3,H,123.65865
digits,5,5,3,1,R,111.353897
digits,5,5,3,2,R,116.435996
digits,5,5,3,3,R,113.575835
digits,5,5,4,1,I,119.070997
digits,5,5,4,2,I,122.773042
digits,5,5,4,3,I,123.385897
digits,5,5,4,1,Q,115.505651
digits,5,5,4,2,Q,117.270244
digits,5,5,4,3,Q,113.422693
digits,5,5,4,1,M,113.953358
digits,5,5,4,2,M,114.587484
digits,5,5,4,3,M,102.913308
digits,5,5,4,1,H,113.625228
digits,5,5,4,2,H,118.206906
digits,5,5,4,3,H,114.119261
digits,5,5,4,1,R,119.987931
digits,5,5,4,2,R,127.426061
digits,5,5,4,3,R,109.590995
digits,5,5,5,1,I,124.966266
digits,5,5,5,2,I,119.825855
digits,5,5,5,3,I,107.052958
digits,5,5,5,1,Q,99.813656
digits,5,5,5,2,Q,103.152014
digits,5,5,5,3,Q,115.290099
digits,5,5,5,1,M,111.310716
digits,5,5,5,2,M,110.396361
digits,5,5,5,3,M,126.235032
digits,5,5,5,1,H,116.850373
digits,5,5,5,2,H,114.795759
digits,5,5,5,3,H,109.910147
digits,5,5,5,1,R,99.000606
digits,5,5,5,2,R,110.192236
digits,5,5,5,3,R,110.266393
digits,5,5,6,1,I,120.612062
digits,5,5,6,2,I,124.183142
digits,5,5,6,3,I,120.195339
digits,5,5,6,1,Q,109.526481
digits,5,5,6,2,Q,110.497501
digits,5,5,6,3,Q,115.86486
digits,5,5,6,1,M,120.690365
digits,5,5,6,2,M,117.111827
digits,5,5,6,3,M,125.552886
digits,5,5,6,1,H,121.074708
digits,5,5,6,2,H,107.629501
digits,5,5,6,3,H,120.236143
digits,5,5,6,1,R,124.869726
digits,5,5,6,2,R,119.739556
digits,5,5,6,3,R,120.999747
digits,5,5,7,1,I,121.469451
digits,5,5,7,2,I,135.507562
digits,5,5,7,3,I,126.232059
digits,5,5,7,1,Q,115.059938
digits,5,5,7,2,Q,110.839242
digits,5,5,7,3,Q,116.640043
digits,5,5,7,1,M,99.000457
digits,5,5,7,2,M,107.518705
digits,5,5,7,3,M,108.822898
digits,5,5,7,1,H,116.985176
digits,5,5,7,2,H,119.930181
digits,5,5,7,3,H,108.588491
digits,5,5,7,1,R,107.753378
digits,5,5,7,2,R,109.219714
digits,5,5,7,3,R,118.466955
digits,5,5,8,1,I,132.628651
digits,5,5,8,2,I,124.75177
digits,5,5,8,3,I,140.49783
digits,5,5,8,1,Q,118.825091
digits,5,5,8,2,Q,118.725594
digits,5,5,8,3,Q,112.096655
digits,5,5,8,1,M,113.383194
digits,5,5,8,2,M,116.694603
digits,5,5,8,3,M,110.060564
digits,5,5,8,1,H,115.68975
digits,5,5,8,2,H,111.524441
digits,5,5,8,3,H,109.989266
digits,5,5,8,1,R,98.561681
digits,5,5,8,2,R,108.911537
digits,5,5,8,3,R,105.647038
digits,6,6,1,1,I,120.233032
digits,6,6,1,2,I,121.718527
digits,6,6,1,3,I,135.380597
digits,6,6,1,1,Q,112.359107
digits,6,6,1,2,Q,127.980995
digits,6,6,1,3,Q,124.350035
digits,6,6,1,1,M,120.44588
digits,6,6,1,2,M,115.541318
digits,6,6,1,3,M,152.398076
digits,6,6,1,1,H,116.416127
digits,6,6,1,2,H,107.300554
digits,6,6,1,3,H,116.280137
digits,6,6,1,1,R,99.191456
digits,6,6,1,2,R,109.39122
digits,6,6,1,3,R,112.207368
digits,6,6,2,1,I,120.060643
digits,6,6,2,2,I,117.283364
digits,6,6,2,3,I,118.785127
digits,6,6,2,1,Q,111.368287
digits,6,6,2,2,Q,114.223811
digits,6,6,2,3,Q,112.598914
digits,6,6,2,1,M,119.708017
digits,6,6,2,2,M,110.671565
digits,6,6,2,3,M,105.689598
digits,6,6,2,1,H,111.530729
digits,6,6,2,2,H,127.961054
digits,6,6,2,3,H,122.445509
digits,6,6,2,1,R,131.377878
digits,6,6,2,2,R,117.395045
digits,6,6,2,3,R,103.294385
digits,6,6,3,1,I,126.765695
digits,6,6,3,2,I,124.23886
digits,6,6,3,3,I,121.395132
digits,6,6,3,1,Q,121.706239
digits,6,6,3,2,Q,122.27978
digits,6,6,3,3,Q,118.780942
digits,6,6,3,1,M,121.221111
digits,6,6,3,2,M,117.836184
digits,6,6,3,3,M,121.194153
digits,6,6,3,1,H,125.614777
digits,6,6,3,2,H,112.7219
digits,6,6,3,3,H,109.769188
digits,6,6,3,1,R,101.213243
digits,6,6,3,2,R,109.897359
digits,6,6,3,3,R,110.503092
digits,6,6,4,1,I,120.220578
digits,6,6,4,2,I,126.657508
digits,6,6,4,3,I,125.229494
digits,6,6,4,1,Q,121.142569
digits,6,6,4,2,Q,112.851522
digits,6,6,4,3,Q,117.015813
digits,6,6,4,1,M,122.967916
digits,6,6,4,2,M,117.114819
digits,6,6,4,3,M,108.311327
digits,6,6,4,1,H,110.759589
digits,6,6,4,2,H,116.822699
digits,6,6,4,3,H,116.147485
digits,6,6,4,1,R,110.79686
digits,6,6,4,2,R,115.446275
digits,6,6,4,3,R,109.906983
digits,6,6,5,1,I,122.690902
digits,6,6,5,2,I,123.281541
digits,6,6,5,3,I,119.064306
digits,6,6,5,1,Q,108.832427
digits,6,6,5,2,Q,119.8742
digits,6,6,5,3,Q,102.839588
digits,6,6,5,1,M,114.214041
digits,6,6,5,2,M,108.589898
digits,6,6,5,3,M,110.414634
digits,6,6,5,1,H,113.0307
digits,6,6,5,2,H,111.206106
digits,6,6,5,3,H,102.304169
digits,6,6,5,1,R,110.771505
digits,6,6,5,2,R,109.965018
digits,6,6,5,3,R,113.058696
digits,6,6,6,1,I,120.859908
digits,6,6,6,2,I,117.992491
digits,6,6,6,3,I,121.040609
digits,6,6,6,1,Q,108.706418
digits,6,6,6,2,Q,112.146793
digits,6,6,6,3,Q,108.688138
digits,6,6,6,1,M,114.700706
digits,6,6,6,2,M,110.538683
digits,6,6,6,3,M,107.462635
digits,6,6,6,1,H,121.304502
digits,6,6,6,2,H,119.104845
digits,6,6,6,3,H,119.594103
digits,6,6,6,1,R,121.796125
digits,6,6,6,2,R,109.844267
digits,6,6,6,3,R,111.245865
digits,6,6,7,1,I,126.817106
digits,6,6,7,2,I,131.589357
digits,6,6,7,3,I,126.372379
digits,6,6,7,1,Q,109.456301
digits,6,6,7,2,Q,125.475138
digits,6,6,7,3,Q,110.571284
digits,6,6,7,1,M,119.642984
digits,6,6,7,2,M,113.095207
digits,6,6,7,3,M,114.134757
digits,6,6,7,1,H,113.735864
digits,6,6,7,2,H,109.68385
digits,6,6,7,3,H,114.383723
digits,6,6,7,1,R,113.736524
digits,6,6,7,2,R,112.044832
digits,6,6,7,3,R,110.593487
digits,6,6,8,1,I,126.051115
digits,6,6,8,2,I,121.867545
digits,6,6,8,3,I,136.099621
digits,6,6,8,1,Q,112.604322
digits,6,6,8,2,Q,114.219652
digits,6,6,8,3,Q,113.776165
digits,6,6,8,1,M,115.435955
digits,6,6,8,2,M,128.057899
digits,6,6,8,3,M,120.462948
digits,6,6,8,1,H,113.713348
digits,6,6,8,2,H,110.982062
digits,6,6,8,3,H,109.855087
digits,6,6,8,1,R,113.430514
digits,6,6,8,2,R,117.064398
digits,6,6,8,3,R,110.377013
digits,7,7,1,1,I,124.886028
digits,7,7,1,2,I,121.894164
digits,7,7,1,3,I,108.520644
digits,7,7,1,1,Q,113.383288
digits,7,7,1,2,Q,111.664474
digits,7,7,1,3,Q,115.599479
digits,7,7,1,1,M,109.376979
digits,7,7,1,2,M,113.01647
digits,7,7,1,3,M,113.301144
digits,7,7,1,1,H,115.683024
digits,7,7,1,2,H,113.125872
digits,7,7,1,3,H,110.968693
digits,7,7,1,1,R,119.960069
digits,7,7,1,2,R,103.845007
digits,7,7,1,3,R,114.189059
digits,7,7,2,1,I,112.719259
digits,7,7,2,2,I,124.244153
digits,7,7,2,3,I,133.883325
digits,7,7,2,1,Q,120.803427
digits,7,7,2,2,Q,111.179461
digits,7,7,2,3,Q,113.042461
digits,7,7,2,1,M,114.863377
digits,7,7,2,2,M,115.515834
digits,7,7,2,3,M,112.828163
digits,7,7,2,1,H,119.675209
digits,7,7,2,2,H,116.317579
digits,7,7,2,3,H,131.283993
digits,7,7,2,1,R,120.344087
digits,7,7,2,2,R,116.693487
digits,7,7,2,3,R,114.37051
digits,7,7,3,1,I,125.649686
digits,7,7,3,2,I,112.729204
digits,7,7,3,3,I,124.436717
digits,7,7,3,1,Q,118.140881
digits,7,7,3,2,Q,127.955979
digits,7,7,3,3,Q,119.737756
digits,7,7,3,1,M,111.363313
digits,7,7,3,2,M,119.135406
digits,7,7,3,3,M,111.780036
digits,7,7,3,1,H,117.742624
digits,7,7,3,2,H,116.381319
digits,7,7,3,3,H,112.789066
digits,7,7,3,1,R,114.626575
digits,7,7,3,2,R,116.349742
digits,7,7,3,3,R,113.337268
digits,7,7,4,1,I,123.726889
digits,7,7,4,2,I,121.213753
digits,7,7,4,3,I,123.4099
digits,7,7,4,1,Q,110.672498
digits,7,7,4,2,Q,112.394149
digits,7,7,4,3,Q,114.881273
digits,7,7,4,1,M,114.924784
digits,7,7,4,2,M,117.033982
digits,7,7,4,3,M,120.716142
digits,7,7,4,1,H,121.406268
digits,7,7,4,2,H,114.500552
digits,7,7,4,3,H,112.651585
digits,7,7,4,1,R,114.075158
digits,7,7,4,2,R,115.309379
digits,7,7,4,3,R,117.222717
digits,7,7,5,1,I,123.966488
digits,7,7,5,2,I,128.63939
digits,7,7,5,3,I,126.82241
digits,7,7,5,1,Q,122.869474
digits,7,7,5,2,Q,117.9875
digits,7,7,5,3,Q,116.393558
digits,7,7,5,1,M,115.398631
digits,7,7,5,2,M,111.001041
digits,7,7,5,3,M,115.022277
digits,7,7,5,1,H,110.907582
digits,7,7,5,2,H,111.444433
digits,7,7,5,3,H,110.76373
digits,7,7,5,1,R,115.127985
digits,7,7,5,2,R,120.354589
digits,7,7,5,3,R,119.813255
digits,7,7,6,1,I,138.754206
digits,7,7,6,2,I,124.972389
digits,7,7,6,3,I,135.611447
digits,7,7,6,1,Q,117.439605
digits,7,7,6,2,Q,121.716993
digits,7,7,6,3,Q,112.496886
digits,7,7,6,1,M,111.170528
digits,7,7,6,2,M,113.460417
digits,7,7,6,3,M,117.003446
digits,7,7,6,1,H,111.093526
digits,7,7,6,2,H,109.020882
digits,7,7,6,3,H,100.009399
digits,7,7,6,1,R,112.859124
digits,7,7,6,2,R,110.029981
digits,7,7,6,3,R,114.342536
digits,7,7,7,1,I,117.364081
digits,7,7,7,2,I,120.257048
digits,7,7,7,3,I,132.183697
digits,7,7,7,1,Q,108.724407
digits,7,7,7,2,Q,113.746637
digits,7,7,7,3,Q,122.153836
digits,7,7,7,1,M,111.146513
digits,7,7,7,2,M,115.576996
digits,7,7,7,3,M,104.030458
digits,7,7,7,1,H,113.24783
digits,7,7,7,2,H,125.869246
digits,7,7,7,3,H,117.935206
digits,7,7,7,1,R,116.992777
digits,7,7,7,2,R,113.665989
digits,7,7,7,3,R,114.086218
digits,7,7,8,1,I,120.073682
digits,7,7,8,2,I,120.5802
digits,7,7,8,3,I,119.554634
digits,7,7,8,1,Q,110.691133
digits,7,7,8,2,Q,114.134981
digits,7,7,8,3,Q,111.646914
digits,7,7,8,1,M,111.041451
digits,7,7,8,2,M,112.023408
digits,7,7,8,3,M,110.828958
digits,7,7,8,1,H,123.268586
digits,7,7,8,2,H,119.366591
digits,7,7,8,3,H,116.621585
digits,7,7,8,1,R,112.851504
digits,7,7,8,2,R,113.49791
digits,7,7,8,3,R,118.240858
digits,8,8,1,1,I,126.195422
digits,8,8,1,2,I,124.981756
digits,8,8,1,3,I,133.764378
digits,8,8,1,1,Q,122.76036
digits,8,8,1,2,Q,111.754955
digits,8,8,1,3,Q,127.604819
digits,8,8,1,1,M,111.665923
digits,8,8,1,2,M,111.380223
digits,8,8,1,3,M,111.95617
digits,8,8,1,1,H,113.375834
digits,8,8,1,2,H,116.292789
digits,8,8,1,3,H,113.406454
digits,8,8,1,1,R,114.342184
digits,8,8,1,2,R,113.39906
digits,8,8,1,3,R,112.013767
digits,8,8,2,1,I,126.603236
digits,8,8,2,2,I,127.337313
digits,8,8,2,3,I,125.696925
digits,8,8,2,1,Q,112.579947
digits,8,8,2,2,Q,115.221218
digits,8,8,2,3,Q,119.362379
digits,8,8,2,1,M,114.442246
digits,8,8,2,2,M,116.865498
digits,8,8,2,3,M,117.335948
digits,8,8,2,1,H,130.031931
digits,8,8,2,2,H,114.330824
digits,8,8,2,3,H,113.223954
digits,8,8,2,1,R,112.811942
digits,8,8,2,2,R,113.29444
digits,8,8,2,3,R,115.962068
digits,8,8,3,1,I,110.368093
digits,8,8,3,2,I,122.444928
digits,8,8,3,3,I,120.103156
digits,8,8,3,1,Q,114.209426
digits,8,8,3,2,Q,111.809536
digits,8,8,3,3,Q,113.123942
digits,8,8,3,1,M,112.735202
digits,8,8,3,2,M,118.120659
digits,8,8,3,3,M,116.118612
digits,8,8,3,1,H,111.149878
digits,8,8,3,2,H,110.975662
digits,8,8,3,3,H,109.844178
digits,8,8,3,1,R,111.078949
digits,8,8,3,2,R,108.141624
digits,8,8,3,3,R,114.036695
digits,8,8,4,1,I,119.104973
digits,8,8,4,2,I,116.80025
digits,8,8,4,3,I,118.918633
digits,8,8,4,1,Q,111.286441
digits,8,8,4,2,Q,112.29188
digits,8,8,4,3,Q,110.642229
digits,8,8,4,1,M,115.263154
digits,8,8,4,2,M,110.077147
digits,8,8,4,3,M,100.730421
digits,8,8,4,1,H,112.1866
digits,8,8,4,2,H,112.179524
digits,8,8,4,3,H,113.516247
digits,8,8,4,1,R,112.884927
digits,8,8,4,2,R,110.724213
digits,8,8,4,3,R,111.115707
digits,8,8,5,1,I,116.737615
digits,8,8,5,2,I,121.167315
digits,8,8,5,3,I,122.416039
digits,8,8,5,1,Q,114.222759
digits,8,8,5,2,Q,112.467792
digits,8,8,5,3,Q,113.283875
digits,8,8,5,1,M,111.446479
digits,8,8,5,2,M,115.829042
digits,8,8,5,3,M,126.043199
digits,8,8,5,1,H,118.058031
digits,8,8,5,2,H,114.505987
digits,8,8,5,3,H,112.138406
digits,8,8,5,1,R,106.759716
digits,8,8,5,2,R,113.859688
digits,8,8,5,3,R,108.693394
digits,8,8,6,1,I,118.843273
digits,8,8,6,2,I,115.192084
digits,8,8,6,3,I,121.666016
digits,8,8,6,1,Q,110.276128
digits,8,8,6,2,Q,109.648824
digits,8,8,6,3,Q,116.061621
digits,8,8,6,1,M,110.479265
digits,8,8,6,2,M,114.314929
digits,8,8,6,3,M,111.089455
digits,8,8,6,1,H,110.143554
digits,8,8,6,2,H,110.28224
digits,8,8,6,3,H,108.69426
digits,8,8,6,1,R,116.144103
digits,8,8,6,2,R,107.874535
digits,8,8,6,3,R,110.01328
digits,8,8,7,1,I,119.189334
digits,8,8,7,2,I,118.474843
digits,8,8,7,3,I,121.533659
digits,8,8,7,1,Q,111.627016
digits,8,8,7,2,Q,110.922316
digits,8,8,7,3,Q,108.862088
digits,8,8,7,1,M,105.218684
digits,8,8,7,2,M,110.889335
digits,8,8,7,3,M,112.511817
digits,8,8,7,1,H,116.256854
digits,8,8,7,2,H,115.581105
digits,8,8,7,3,H,116.586274
digits,8,8,7,1,R,120.35078
digits,8,8,7,2,R,123.888186
digits,8,8,7,3,R,118.317748
digits,8,8,8,1,I,122.196229
digits,8,8,8,2,I,119.327357
digits,8,8,8,3,I,122.689802
digits,8,8,8,1,Q,111.872688
digits,8,8,8,2,Q,110.573374
digits,8,8,8,3,Q,117.423817
digits,8,8,8,1,M,130.700601
digits,8,8,8,2,M,129.124471
digits,8,8,8,3,M,112.856908
digits,8,8,8,1,H,116.747187
digits,8,8,8,2,H,112.371518
digits,8,8,8,3,H,122.571734
digits,8,8,8,1,R,115.847453
digits,8,8,8,2,R,111.497859
digits,8,8,8,3,R,109.141896
digits,9,9,1,1,I,123.324933
digits,9,9,1,2,I,110.561441
digits,9,9,1,3,I,122.272303
digits,9,9,1,1,Q,123.475397
digits,9,9,1,2,Q,102.394982
digits,9,9,1,3,Q,110.046562
digits,9,9,1,1,M,118.510827
digits,9,9,1,2,M,98.715261
digits,9,9,1,3,M,116.585769
digits,9,9,1,1,H,111.478665
digits,9,9,1,2,H,110.285308
digits,9,9,1,3,H,99.508518
digits,9,9,1,1,R,109.368905
digits,9,9,1,2,R,127.343139
digits,9,9,1,3,R,116.239468
digits,9,9,2,1,I,130.642441
digits,9,9,2,2,I,133.85631
digits,9,9,2,3,I,130.037274
digits,9,9,2,1,Q,123.259522
digits,9,9,2,2,Q,118.037295
digits,9,9,2,3,Q,108.535834
digits,9,9,2,1,M,108.736596
digits,9,9,2,2,M,98.745391
digits,9,9,2,3,M,109.339836
digits,9,9,2,1,H,120.827695
digits,9,9,2,2,H,101.363569
digits,9,9,2,3,H,107.014713
digits,9,9,2,1,R,109.430801
digits,9,9,2,2,R,111.096839
digits,9,9,2,3,R,113.290104
digits,9,9,3,1,I,121.450353
digits,9,9,3,2,I,129.484457
digits,9,9,3,3,I,125.9241
digits,9,9,3,1,Q,101.73081
digits,9,9,3,2,Q,130.508476
digits,9,9,3,3,Q,112.450839
digits,9,9,3,1,M,102.125386
digits,9,9,3,2,M,117.507395
digits,9,9,3,3,M,112.055804
digits,9,9,3,1,H,118.405936
digits,9,9,3,2,H,110.215804
digits,9,9,3,3,H,117.021107
digits,9,9,3,1,R,115.05972
digits,9,9,3,2,R,115.127455
digits,9,9,3,3,R,113.91906
digits,9,9,4,1,I,120.559352
digits,9,9,4,2,I,109.076827
digits,9,9,4,3,I,123.362708
digits,9,9,4,1,Q,111.654259
digits,9,9,4,2,Q,111.366346
digits,9,9,4,3,Q,109.730505
digits,9,9,4,1,M,98.393166
digits,9,9,4,2,M,113.276042
digits,9,9,4,3,M,105.91338
digits,9,9,4,1,H,111.616776
digits,9,9,4,2,H,114.017704
digits,9,9,4,3,H,116.800138
digits,9,9,4,1,R,115.819754
digits,9,9,4,2,R,121.050035
digits,9,9,4,3,R,113.470037
digits,9,9,5,1,I,122.437338
digits,9,9,5,2,I,122.797716
digits,9,9,5,3,I,134.054368
digits,9,9,5,1,Q,112.661622
digits,9,9,5,2,Q,118.549132
digits,9,9,5,3,Q,112.26342
digits,9,9,5,1,M,110.36014
digits,9,9,5,2,M,109.222682
digits,9,9,5,3,M,109.195574
digits,9,9,5,1,H,111.024165
digits,9,9,5,2,H,115.135151
digits,9,9,5,3,H,108.948656
digits,9,9,5,1,R,118.543774
digits,9,9,5,2,R,126.237531
digits,9,9,5,3,R,119.812668
digits,9,9,6,1,I,126.97891
digits,9,9,6,2,I,136.594758
digits,9,9,6,3,I,130.728475
digits,9,9,6,1,Q,100.362076
digits,9,9,6,2,Q,123.998793
digits,9,9,6,3,Q,113.972227
digits,9,9,6,1,M,119.135688
digits,9,9,6,2,M,110.177362
digits,9,9,6,3,M,107.942822
digits,9,9,6,1,H,109.627262
digits,9,9,6,2,H,122.366247
digits,9,9,6,3,H,114.374936
digits,9,9,6,1,R,111.70684
digits,9,9,6,2,R,115.763619
digits,9,9,6,3,R,111.25498
digits,9,9,7,1,I,109.765162
digits,9,9,7,2,I,119.339569
digits,9,9,7,3,I,120.705153
digits,9,9,7,1,Q,114.190669
digits,9,9,7,2,Q,111.853858
digits,9,9,7,3,Q,111.311023
digits,9,9,7,1,M,117.726914
digits,9,9,7,2,M,108.377213
digits,9,9,7,3,M,100.042118
digits,9,9,7,1,H,109.594967
digits,9,9,7,2,H,110.077093
digits,9,9,7,3,H,110.08633
digits,9,9,7,1,R,108.226219
digits,9,9,7,2,R,109.188086
digits,9,9,7,3,R,107.51297
digits,9,9,8,1,I,121.570089
digits,9,9,8,2,I,121.547479
digits,9,9,8,3,I,119.377247
digits,9,9,8,1,Q,114.796006
digits,9,9,8,2,Q,109.691295
digits,9,9,8,3,Q,109.093773
digits,9,9,8,1,M,116.390415
digits,9,9,8,2,M,110.591978
digits,9,9,8,3,M,112.767608
digits,9,9,8,1,H,115.802252
digits,9,9,8,2,H,115.319442
digits,9,9,8,3,H,115.552642
digits,9,9,8,1,R,120.720511
digits,9,9,8,2,R,119.277884
digits,9,9,8,3,R,102.41619
duplicates,0.5,0.5,1,1,I,108.566792
duplicates,0.5,0.5,1,2,I,127.114114
duplicates,0.5,0.5,1,3,I,117.961134
duplicates,0.5,0.5,1,1,Q,124.305057
duplicates,0.5,0.5,1,2,Q,117.444449
duplicates,0.5,0.5,1,3,Q,118.134078
duplicates,0.5,0.5,1,1,M,112.737687
duplicates,0.5,0.5,1,2,M,112.60539
duplicates,0.5,0.5,1,3,M,116.620139
duplicates,0.5,0.5,1,1,H,110.034906
duplicates,0.5,0.5,1,2,H,114.091367
duplicates,0.5,0.5,1,3,H,101.852782
duplicates,0.5,0.5,1,1,R,111.40375
duplicates,0.5,0.5,1,2,R,112.438355
duplicates,0.5,0.5,1,3,R,114.735995
duplicates,0.5,0.5,2,1,I,123.189098
duplicates,0.5,0.5,2,2,I,119.848751
duplicates,0.5,0.5,2,3,I,120.406386
duplicates,0.5,0.5,2,1,Q,111.359915
duplicates,0.5,0.5,2,2,Q,114.101221
duplicates,0.5,0.5,2,3,Q,113.821236
duplicates,0.5,0.5,2,1,M,110.509641
duplicates,0.5,0.5,2,2,M,111.528719
duplicates,0.5,0.5,2,3,M,110.287149
duplicates,0.5,0.5,2,1,H,109.550934
duplicates,0.5,0.5,2,2,H,117.005476
duplicates,0.5,0.5,2,3,H,114.318386
duplicates,0.5,0.5,2,1,R,113.69487
duplicates,0.5,0.5,2,2,R,109.521617
duplicates,0.5,0.5,2,3,R,116.670832
duplicates,0.5,0.5,3,1,I,128.820398
duplicates,0.5,0.5,3,2,I,125.543162
duplicates,0.5,0.5,3,3,I,119.155069
duplicates,0.5,0.5,3,1,Q,115.227931
duplicates,0.5,0.5,3,2,Q,113.621438
duplicates,0.5,0.5,3,3,Q,116.508618
duplicates,0.5,0.5,3,1,M,118.620889
duplicates,0.5,0.5,3,2,M,115.663623
duplicates,0.5,0.5,3,3,M,112.843153
duplicates,0.5,0.5,3,1,H,113.062362
duplicates,0.5,0.5,3,2,H,117.324873
duplicates,0.5,0.5,3,3,H,107.848033
duplicates,0.5,0.5,3,1,R,110.387862
duplicates,0.5,0.5,3,2,R,107.959552
duplicates,0.5,0.5,3,3,R,122.879397
duplicates,0.5,0.5,4,1,I,114.842776
duplicates,0.5,0.5,4,2,I,122.83384
duplicates,0.5,0.5,4,3,I,123.522087
duplicates,0.5,0.5,4,1,Q,105.784726
duplicates,0.5,0.5,4,2,Q,113.813513
duplicates,0.5,0.5,4,3,Q,110.202286
duplicates,0.5,0.5,4,1,M,110.692664
duplicates,0.5,0.5,4,2,M,112.337434
duplicates,0.5,0.5,4,3,M,120.914808
duplicates,0.5,0.5,4,1,H,112.206772
duplicates,0.5,0.5,4,2,H,112.483605
duplicates,0.5,0.5,4,3,H,110.466741
duplicates,0.5,0.5,4,1,R,112.602475
duplicates,0.5,0.5,4,2,R,113.912636
duplicates,0.5,0.5,4,3,R,108.783943
duplicates,0.5,0.5,5,1,I,123.199495
duplicates,0.5,0.5,5,2,I,121.760538
duplicates,0.5,0.5,5,3,I,116.511283
duplicates,0.5,0.5,5,1,Q,112.684785
duplicates,0.5,0.5,5,2,Q,108.512351
duplicates,0.5,0.5,5,3,Q,118.96969
duplicates,0.5,0.5,5,1,M,112.663432
duplicates,0.5,0.5,5,2,M,112.020138
duplicates,0.5,0.5,5,3,M,119.214235
duplicates,0.5,0.5,5,1,H,109.507943
duplicates,0.5,0.5,5,2,H,120.506101
duplicates,0.5,0.5,5,3,H,105.554199
duplicates,0.5,0.5,5,1,R,108.474226
duplicates,0.5,0.5,5,2,R,109.298866
duplicates,0.5,0.5,5,3,R,112.127166
duplicates,0.5,0.5,6,1,I,117.856599
duplicates,0.5,0.5,6,2,I,116.291018
duplicates,0.5,0.5,6,3,I,126.988641
duplicates,0.5,0.5,6,1,Q,111.195571
duplicates,0.5,0.5,6,2,Q,116.519217
duplicates,0.5,0.5,6,3,Q,114.497399
duplicates,0.5,0.5,6,1,M,116.033642
duplicates,0.5,0.5,6,2,M,125.614632
duplicates,0.5,0.5,6,3,M,114.665258
duplicates,0.5,0.5,6,1,H,102.009454
duplicates,0.5,0.5,6,2,H,109.875125
duplicates,0.5,0.5,6,3,H,117.937298
duplicates,0.5,0.5,6,1,R,117.392903
duplicates,0.5,0.5,6,2,R,110.258505
duplicates,0.5,0.5,6,3,R,111.843891
duplicates,0.5,0.5,7,1,I,117.677206
duplicates,0.5,0.5,7,2,I,133.552756
duplicates,0.5,0.5,7,3,I,122.363049
duplicates,0.5,0.5,7,1,Q,116.244722
duplicates,0.5,0.5,7,2,Q,111.990209
duplicates,0.5,0.5,7,3,Q,109.261118
duplicates,0.5,0.5,7,1,M,113.705076
duplicates,0.5,0.5,7,2,M,114.183182
duplicates,0.5,0.5,7,3,M,115.044055
duplicates,0.5,0.5,7,1,H,109.240148
duplicates,0.5,0.5,7,2,H,117.258717
duplicates,0.5,0.5,7,3,H,111.557839
duplicates,0.5,0.5,7,1,R,111.852371
duplicates,0.5,0.5,7,2,R,107.698271
duplicates,0.5,0.5,7,3,R,110.566182
duplicates,0.5,0.5,8,1,I,138.663174
duplicates,0.5,0.5,8,2,I,122.459861
duplicates,0.5,0.5,8,3,I,115.806153
duplicates,0.5,0.5,8,1,Q,112.451172
duplicates,0.5,0.5,8,2,Q,113.71094
duplicates,0.5,0.5,8,3,Q,110.005931
duplicates,0.5,0.5,8,1,M,111.342285
duplicates,0.5,0.5,8,2,M,112.584694
duplicates,0.5,0.5,8,3,M,113.648939
duplicates,0.5,0.5,8,1,H,108.423031
duplicates,0.5,0.5,8,2,H,114.492866
duplicates,0.5,0.5,8,3,H,111.189901
duplicates,0.5,0.5,8,1,R,111.104982
duplicates,0.5,0.5,8,2,R,95.912418
duplicates,0.5,0.5,8,3,R,113.430014
duplicates,0.51,0.51,1,1,I,122.800468
duplicates,0.51,0.51,1,2,I,117.011419
duplicates,0.51,0.51,1,3,I,119.442842
duplicates,0.51,0.51,1,1,Q,118.416904
duplicates,0.51,0.51,1,2,Q,118.710078
duplicates,0.51,0.51,1,3,Q,124.996923
duplicates,0.51,0.51,1,1,M,116.593753
duplicates,0.51,0.51,1,2,M,109.947748
duplicates,0.51,0.51,1,3,M,109.085807
duplicates,0.51,0.51,1,1,H,107.318371
duplicates,0.51,0.51,1,2,H,108.824272
duplicates,0.51,0.51,1,3,H,111.236641
duplicates,0.51,0.51,1,1,R,109.901879
duplicates,0.51,0.51,1,2,R,108.490273
duplicates,0.51,0.51,1,3,R,109.756012
duplicates,0.51,0.51,2,1,I,121.818286
duplicates,0.51,0.51,2,2,I,122.354748
duplicates,0.51,0.51,2,3,I,121.970615
duplicates,0.51,0.51,2,1,Q,98.521346
duplicates,0.51,0.51,2,2,Q,111.547066
duplicates,0.51,0.51,2,3,Q,112.525299
duplicates,0.51,0.51,2,1,M,117.809695
duplicates,0.51,0.51,2,2,M,110.0983
duplicates,0.51,0.51,2,3,M,110.857664
duplicates,0.51,0.51,2,1,H,109.567693
duplicates,0.51,0.51,2,2,H,112.699009
duplicates,0.51,0.51,2,3,H,110.987586
duplicates,0.51,0.51,2,1,R,112.234181
duplicates,0.51,0.51,2,2,R,115.541586
duplicates,0.51,0.51,2,3,R,109.343663
duplicates,0.51,0.51,3,1,I,116.846886
duplicates,0.51,0.51,3,2,I,123.53602
duplicates,0.51,0.51,3,3,I,121.186164
duplicates,0.51,0.51,3,1,Q,117.714967
duplicates,0.51,0.51,3,2,Q,112.089034
duplicates,0.51,0.51,3,3,Q,114.852389
duplicates,0.51,0.51,3,1,M,112.228918
duplicates,0.51,0.51,3,2,M,109.299357
duplicates,0.51,0.51,3,3,M,110.494328
duplicates,0.51,0.51,3,1,H,109.220068
duplicates,0.51,0.51,3,2,H,110.880712
duplicates,0.51,0.51,3,3,H,113.299993
duplicates,0.51,0.51,3,1,R,114.540222
duplicates,0.51,0.51,3,2,R,115.930646
duplicates,0.51,0.51,3,3,R,107.05663
duplicates,0.51,0.51,4,1,I,119.46378
duplicates,0.51,0.51,4,2,I,119.754442
duplicates,0.51,0.51,4,3,I,121.293691
duplicates,0.51,0.51,4,1,Q,111.388301
duplicates,0.51,0.51,4,2,Q,125.780771
duplicates,0.51,0.51,4,3,Q,118.596044
duplicates,0.51,0.51,4,1,M,113.332683
duplicates,0.51,0.51,4,2,M,119.815404
duplicates,0.51,0.51,4,3,M,111.872933
duplicates,0.51,0.51,4,1,H,126.476873
duplicates,0.51,0.51,4,2,H,123.535671
duplicates,0.51,0.51,4,3,H,101.781204
duplicates,0.51,0.51,4,1,R,121.916015
duplicates,0.51,0.51,4,2,R,107.592274
duplicates,0.51,0.51,4,3,R,117.894192
duplicates,0.51,0.51,5,1,I,118.950997
duplicates,0.51,0.51,5,2,I,119.201038
duplicates,0.51,0.51,5,3,I,117.612612
duplicates,0.51,0.51,5,1,Q,110.986034
duplicates,0.51,0.51,5,2,Q,111.036031
duplicates,0.51,0.51,5,3,Q,114.274642
duplicates,0.51,0.51,5,1,M,112.09257
duplicates,0.51,0.51,5,2,M,103.051602
duplicates,0.51,0.51,5,3,M,111.014381
duplicates,0.51,0.51,5,1,H,109.863728
duplicates,0.51,0.51,5,2,H,109.63362
duplicates,0.51,0.51,5,3,H,109.823832
duplicates,0.51,0.51,5,1,R,109.059884
duplicates,0.51,0.51,5,2,R,113.816972
duplicates,0.51,0.51,5,3,R,108.178369
duplicates,0.51,0.51,6,1,I,116.946294
duplicates,0.51,0.51,6,2,I,117.8189
duplicates,0.51,0.51,6,3,I,127.374082
duplicates,0.51,0.51,6,1,Q,112.066555
duplicates,0.51,0.51,6,2,Q,110.170485
duplicates,0.51,0.51,6,3,Q,109.60877
duplicates,0.51,0.51,6,1,M,111.733234
duplicates,0.51,0.51,6,2,M,108.875799
duplicates,0.51,0.51,6,3,M,109.047764
duplicates,0.51,0.51,6,1,H,113.8211
duplicates,0.51,0.51,6,2,H,110.053679
duplicates,0.51,0.51,6,3,H,111.910865
duplicates,0.51,0.51,6,1,R,112.361109
duplicates,0.51,0.51,6,2,R,113.021575
duplicates,0.51,0.51,6,3,R,111.953863
duplicates,0.51,0.51,7,1,I,119.109958
duplicates,0.51,0.51,7,2,I,120.89763
duplicates,0.51,0.51,7,3,I,124.852724
duplicates,0.51,0.51,7,1,Q,111.375452
duplicates,0.51,0.51,7,2,Q,116.175177
duplicates,0.51,0.51,7,3,Q,110.541891
duplicates,0.51,0.51,7,1,M,111.651803
duplicates,0.51,0.51,7,2,M,112.009183
duplicates,0.51,0.51,7,3,M,120.591891
duplicates,0.51,0.51,7,1,H,109.207057
duplicates,0.51,0.51,7,2,H,107.141887
duplicates,0.51,0.51,7,3,H,109.519829
duplicates,0.51,0.51,7,1,R,106.805731
duplicates,0.51,0.51,7,2,R,108.953937
duplicates,0.51,0.51,7,3,R,113.753033
duplicates,0.51,0.51,8,1,I,119.206293
duplicates,0.51,0.51,8,2,I,117.532098
duplicates,0.51,0.51,8,3,I,118.92338
duplicates,0.51,0.51,8,1,Q,109.806846
duplicates,0.51,0.51,8,2,Q,110.81933
duplicates,0.51,0.51,8,3,Q,116.446232
duplicates,0.51,0.51,8,1,M,110.36125
duplicates,0.51,0.51,8,2,M,125.709488
duplicates,0.51,0.51,8,3,M,110.258259
duplicates,0.51,0.51,8,1,H,114.979807
duplicates,0.51,0.51,8,2,H,113.635582
duplicates,0.51,0.51,8,3,H,109.799209
duplicates,0.51,0.51,8,1,R,106.769245
duplicates,0.51,0.51,8,2,R,113.621395
duplicates,0.51,0.51,8,3,R,116.116452
duplicates,0.52,0.52,1,1,I,133.178591
duplicates,0.52,0.52,1,2,I,138.631077
duplicates,0.52,0.52,1,3,I,130.816595
duplicates,0.52,0.52,1,1,Q,117.469846
duplicates,0.52,0.52,1,2,Q,120.150712
duplicates,0.52,0.52,1,3,Q,115.233633
duplicates,0.52,0.52,1,1,M,114.902112
duplicates,0.52,0.52,1,2,M,98.514993
duplicates,0.52,0.52,1,3,M,114.237749
duplicates,0.52,0.52,1,1,H,116.794248
duplicates,0.52,0.52,1,2,H,109.942593
duplicates,0.52,0.52,1,3,H,121.004278
duplicates,0.52,0.52,1,1,R,117.180328
duplicates,0.52,0.52,1,2,R,111.519628
duplicates,0.52,0.52,1,3,R,113.399668
duplicates,0.52,0.52,2,1,I,124.621335
duplicates,0.52,0.52,2,2,I,121.139362
duplicates,0.52,0.52,2,3,I,120.911606
duplicates,0.52,0.52,2,1,Q,117.085879
duplicates,0.52,0.52,2,2,Q,111.877427
duplicates,0.52,0.52,2,3,Q,112.818381
duplicates,0.52,0.52,2,1,M,124.231805
duplicates,0.52,0.52,2,2,M,111.971347
duplicates,0.52,0.52,2,3,M,115.127119
duplicates,0.52,0.52,2,1,H,116.624027
duplicates,0.52,0.52,2,2,H,113.278946
duplicates,0.52,0.52,2,3,H,131.609515
duplicates,0.52,0.52,2,1,R,113.305058
duplicates,0.52,0.52,2,2,R,116.977648
duplicates,0.52,0.52,2,3,R,120.713384
duplicates,0.52,0.52,3,1,I,133.356805
duplicates,0.52,0.52,3,2,I,117.646805
duplicates,0.52,0.52,3,3,I,124.297766
duplicates,0.52,0.52,3,1,Q,113.554406
duplicates,0.52,0.52,3,2,Q,112.868263
duplicates,0.52,0.52,3,3,Q,115.179878
duplicates,0.52,0.52,3,1,M,112.763615
duplicates,0.52,0.52,3,2,M,111.404806
duplicates,0.52,0.52,3,3,M,120.6419
duplicates,0.52,0.52,3,1,H,112.535977
duplicates,0.52,0.52,3,2,H,115.198974
duplicates,0.52,0.52,3,3,H,123.290879
duplicates,0.52,0.52,3,1,R,115.262859
duplicates,0.52,0.52,3,2,R,112.261551
duplicates,0.52,0.52,3,3,R,112.002342
duplicates,0.52,0.52,4,1,I,137.564955
duplicates,0.52,0.52,4,2,I,124.279476
duplicates,0.52,0.52,4,3,I,125.536994
duplicates,0.52,0.52,4,1,Q,114.913735
duplicates,0.52,0.52,4,2,Q,109.906051
duplicates,0.52,0.52,4,3,Q,110.845402
duplicates,0.52,0.52,4,1,M,113.503098
duplicates,0.52,0.52,4,2,M,124.721487
duplicates,0.52,0.52,4,3,M,121.803518
duplicates,0.52,0.52,4,1,H,128.046494
duplicates,0.52,0.52,4,2,H,117.49259
duplicates,0.52,0.52,4,3,H,109.808314
duplicates,0.52,0.52,4,1,R,120.325238
duplicates,0.52,0.52,4,2,R,114.221389
duplicates,0.52,0.52,4,3,R,115.21659
duplicates,0.52,0.52,5,1,I,125.26817
duplicates,0.52,0.52,5,2,I,121.787697
duplicates,0.52,0.52,5,3,I,119.226227
duplicates,0.52,0.52,5,1,Q,131.071611
duplicates,0.52,0.52,5,2,Q,110.417957
duplicates,0.52,0.52,5,3,Q,104.080824
duplicates,0.52,0.52,5,1,M,113.18281
duplicates,0.52,0.52,5,2,M,110.773899
duplicates,0.52,0.52,5,3,M,113.488795
duplicates,0.52,0.52,5,1,H,109.950364
duplicates,0.52,0.52,5,2,H,111.720173
duplicates,0.52,0.52,5,3,H,114.797889
duplicates,0.52,0.52,5,1,R,111.272837
duplicates,0.52,0.52,5,2,R,111.954642
duplicates,0.52,0.52,5,3,R,118.738444
duplicates,0.52,0.52,6,1,I,122.697985
duplicates,0.52,0.52,6,2,I,120.670695
duplicates,0.52,0.52,6,3,I,117.764601
duplicates,0.52,0.52,6,1,Q,115.29169
duplicates,0.52,0.52,6,2,Q,108.947434
duplicates,0.52,0.52,6,3,Q,122.23426
duplicates,0.52,0.52,6,1,M,110.781185
duplicates,0.52,0.52,6,2,M,112.552952
duplicates,0.52,0.52,6,3,M,113.365695
duplicates,0.52,0.52,6,1,H,111.555869
duplicates,0.52,0.52,6,2,H,113.164248
duplicates,0.52,0.52,6,3,H,110.309637
duplicates,0.52,0.52,6,1,R,115.271008
duplicates,0.52,0.52,6,2,R,109.261849
duplicates,0.52,0.52,6,3,R,109.28917
duplicates,0.52,0.52,7,1,I,136.932733
duplicates,0.52,0.52,7,2,I,125.299986
duplicates,0.52,0.52,7,3,I,122.364898
duplicates,0.52,0.52,7,1,Q,112.702763
duplicates,0.52,0.52,7,2,Q,113.351961
duplicates,0.52,0.52,7,3,Q,117.848746
duplicates,0.52,0.52,7,1,M,111.450514
duplicates,0.52,0.52,7,2,M,116.204737
duplicates,0.52,0.52,7,3,M,119.125966
duplicates,0.52,0.52,7,1,H,115.393748
duplicates,0.52,0.52,7,2,H,124.712158
duplicates,0.52,0.52,7,3,H,124.017042
duplicates,0.52,0.52,7,1,R,117.36057
duplicates,0.52,0.52,7,2,R,108.818514
duplicates,0.52,0.52,7,3,R,109.111275
duplicates,0.52,0.52,8,1,I,122.97744
duplicates,0.52,0.52,8,2,I,132.028852
duplicates,0.52,0.52,8,3,I,114.072495
duplicates,0.52,0.52,8,1,Q,116.294588
duplicates,0.52,0.52,8,2,Q,112.017669
duplicates,0.52,0.52,8,3,Q,119.644889
duplicates,0.52,0.52,8,1,M,119.365891
duplicates,0.52,0.52,8,2,M,114.350874
duplicates,0.52,0.52,8,3,M,108.333784
duplicates,0.52,0.52,8,1,H,117.950233
duplicates,0.52,0.52,8,2,H,115.343759
duplicates,0.52,0.52,8,3,H,113.527493
duplicates,0.52,0.52,8,1,R,115.321469
duplicates,0.52,0.52,8,2,R,113.567123
duplicates,0.52,0.52,8,3,R,112.713596
duplicates,0.53,0.53,1,1,I,125.129298
duplicates,0.53,0.53,1,2,I,122.584878
duplicates,0.53,0.53,1,3,I,132.743096
duplicates,0.53,0.53,1,1,Q,119.953142
duplicates,0.53,0.53,1,2,Q,116.958007
duplicates,0.53,0.53,1,3,Q,116.617082
duplicates,0.53,0.53,1,1,M,132.743308
duplicates,0.53,0.53,1,2,M,120.403698
duplicates,0.53,0.53,1,3,M,115.157712
duplicates,0.53,0.53,1,1,H,124.225485
duplicates,0.53,0.53,1,2,H,169.372767
duplicates,0.53,0.53,1,3,H,144.797643
duplicates,0.53,0.53,1,1,R,109.527678
duplicates,0.53,0.53,1,2,R,110.92041
duplicates,0.53,0.53,1,3,R,115.652518
duplicates,0.53,0.53,2,1,I,124.966489
duplicates,0.53,0.53,2,2,I,128.847646
duplicates,0.53,0.53,2,3,I,123.438044
duplicates,0.53,0.53,2,1,Q,117.366736
duplicates,0.53,0.53,2,2,Q,120.878735
duplicates,0.53,0.53,2,3,Q,140.801217
duplicates,0.53,0.53,2,1,M,119.608457
duplicates,0.53,0.53,2,2,M,118.590537
duplicates,0.53,0.53,2,3,M,111.832646
duplicates,0.53,0.53,2,1,H,120.532579
duplicates,0.53,0.53,2,2,H,115.336839
duplicates,0.53,0.53,2,3,H,117.658428
duplicates,0.53,0.53,2,1,R,131.597266
duplicates,0.53,0.53,2,2,R,119.35862
duplicates,0.53,0.53,2,3,R,118.867823
duplicates,0.53,0.53,3,1,I,121.955136
duplicates,0.53,0.53,3,2,I,127.876851
duplicates,0.53,0.53,3,3,I,124.955166
duplicates,0.53,0.53,3,1,Q,112.791663
duplicates,0.53,0.53,3,2,Q,113.366199
duplicates,0.53,0.53,3,3,Q,119.127217
duplicates,0.53,0.53,3,1,M,127.823642
duplicates,0.53,0.53,3,2,M,119.642982
duplicates,0.53,0.53,3,3,M,130.35012
duplicates,0.53,0.53,3,1,H,125.793962
duplicates,0.53,0.53,3,2,H,122.749976
duplicates,0.53,0.53,3,3,H,121.71091
duplicates,0.53,0.53,3,1,R,112.131776
duplicates,0.53,0.53,3,2,R,111.870973
duplicates,0.53,0.53,3,3,R,114.295639
duplicates,0.53,0.53,4,1,I,131.556406
duplicates,0.53,0.53,4,2,I,123.325809
duplicates,0.53,0.53,4,3,I,127.050359
duplicates,0.53,0.53,4,1,Q,124.324326
duplicates,0.53,0.53,4,2,Q,122.749839
duplicates,0.53,0.53,4,3,Q,126.070977
duplicates,0.53,0.53,4,1,M,114.394311
duplicates,0.53,0.53,4,2,M,117.496104
duplicates,0.53,0.53,4,3,M,116.310832
duplicates,0.53,0.53,4,1,H,117.238166
duplicates,0.53,0.53,4,2,H,112.359972
duplicates,0.53,0.53,4,3,H,115.008026
duplicates,0.53,0.53,4,1,R,116.398961
duplicates,0.53,0.53,4,2,R,112.744379
duplicates,0.53,0.53,4,3,R,115.267946
duplicates,0.53,0.53,5,1,I,122.812638
duplicates,0.53,0.53,5,2,I,132.570827
duplicates,0.53,0.53,5,3,I,128.102411
duplicates,0.53,0.53,5,1,Q,118.140889
duplicates,0.53,0.53,5,2,Q,114.278351
duplicates,0.53,0.53,5,3,Q,119.948714
duplicates,0.53,0.53,5,1,M,122.74439
duplicates,0.53,0.53,5,2,M,118.618262
duplicates,0.53,0.53,5,3,M,129.659556
duplicates,0.53,0.53,5,1,H,103.415879
duplicates,0.53,0.53,5,2,H,104.192451
duplicates,0.53,0.53,5,3,H,120.641417
duplicates,0.53,0.53,5,1,R,113.254897
duplicates,0.53,0.53,5,2,R,129.703013
duplicates,0.53,0.53,5,3,R,102.064846
duplicates,0.53,0.53,6,1,I,121.833476
duplicates,0.53,0.53,6,2,I,124.628233
duplicates,0.53,0.53,6,3,I,129.080343
duplicates,0.53,0.53,6,1,Q,112.049712
duplicates,0.53,0.53,6,2,Q,106.923782
duplicates,0.53,0.53,6,3,Q,110.311537
duplicates,0.53,0.53,6,1,M,115.280592
duplicates,0.53,0.53,6,2,M,112.926385
duplicates,0.53,0.53,6,3,M,116.27576
duplicates,0.53,0.53,6,1,H,118.282568
duplicates,0.53,0.53,6,2,H,125.10269
duplicates,0.53,0.53,6,3,H,114.976033
duplicates,0.53,0.53,6,1,R,115.945605
duplicates,0.53,0.53,6,2,R,108.298397
duplicates,0.53,0.53,6,3,R,108.542795
duplicates,0.53,0.53,7,1,I,120.612427
duplicates,0.53,0.53,7,2,I,115.580804
duplicates,0.53,0.53,7,3,I,120.497567
duplicates,0.53,0.53,7,1,Q,114.720406
duplicates,0.53,0.53,7,2,Q,111.374144
duplicates,0.53,0.53,7,3,Q,114.363789
duplicates,0.53,0.53,7,1,M,116.466597
duplicates,0.53,0.53,7,2,M,112.930838
duplicates,0.53,0.53,7,3,M,111.423475
duplicates,0.53,0.53,7,1,H,113.419375
duplicates,0.53,0.53,7,2,H,122.699123
duplicates,0.53,0.53,7,3,H,121.835682
duplicates,0.53,0.53,7,1,R,113.084938
duplicates,0.53,0.53,7,2,R,115.304654
duplicates,0.53,0.53,7,3,R,123.349223
duplicates,0.53,0.53,8,1,I,125.986347
duplicates,0.53,0.53,8,2,I,121.916916
duplicates,0.53,0.53,8,3,I,124.949327
duplicates,0.53,0.53,8,1,Q,113.90999
duplicates,0.53,0.53,8,2,Q,110.893837
duplicates,0.53,0.53,8,3,Q,109.770419
duplicates,0.53,0.53,8,1,M,129.405882
duplicates,0.53,0.53,8,2,M,113.218142
duplicates,0.53,0.53,8,3,M,113.987289
duplicates,0.53,0.53,8,1,H,110.421782
duplicates,0.53,0.53,8,2,H,102.95558
duplicates,0.53,0.53,8,3,H,112.163953
duplicates,0.53,0.53,8,1,R,111.677397
duplicates,0.53,0.53,8,2,R,118.065297
duplicates,0.53,0.53,8,3,R,115.513929
duplicates,0.53,0.53,9,1,I,120.035544
duplicates,0.53,0.53,9,2,I,124.633488
duplicates,0.53,0.53,9,3,I,121.401473
duplicates,0.53,0.53,9,1,Q,115.30401
duplicates,0.53,0.53,9,2,Q,121.718812
duplicates,0.53,0.53,9,3,Q,111.329795
duplicates,0.53,0.53,9,1,M,111.735513
duplicates,0.53,0.53,9,2,M,108.972832
duplicates,0.53,0.53,9,3,M,109.737555
duplicates,0.53,0.53,9,1,H,114.173844
duplicates,0.53,0.53,9,2,H,115.487991
duplicates,0.53,0.53,9,3,H,114.49072
duplicates,0.53,0.53,9,1,R,117.554666
duplicates,0.53,0.53,9,2,R,120.032592
duplicates,0.53,0.53,9,3,R,115.55867
duplicates,0.53,0.53,10,1,I,124.980963
duplicates,0.53,0.53,10,2,I,130.551626
duplicates,0.53,0.53,10,3,I,131.025354
duplicates,0.53,0.53,10,1,Q,121.382806
duplicates,0.53,0.53,10,2,Q,119.440103
duplicates,0.53,0.53,10,3,Q,113.82554
duplicates,0.53,0.53,10,1,M,110.862286
duplicates,0.53,0.53,10,2,M,111.383041
duplicates,0.53,0.53,10,3,M,110.027807
duplicates,0.53,0.53,10,1,H,112.573796
duplicates,0.53,0.53,10,2,H,103.884493
duplicates,0.53,0.53,10,3,H,121.438607
duplicates,0.53,0.53,10,1,R,118.403119
duplicates,0.53,0.53,10,2,R,114.722222
duplicates,0.53,0.53,10,3,R,115.411272
duplicates,0.53,0.53,11,1,I,124.062627
duplicates,0.53,0.53,11,2,I,129.289378
duplicates,0.53,0.53,11,3,I,124.040305
duplicates,0.53,0.53,11,1,Q,113.717388
duplicates,0.53,0.53,11,2,Q,135.782798
duplicates,0.53,0.53,11,3,Q,102.328793
duplicates,0.53,0.53,11,1,M,118.827821
duplicates,0.53,0.53,11,2,M,113.993491
duplicates,0.53,0.53,11,3,M,117.993635
duplicates,0.53,0.53,11,1,H,113.379432
duplicates,0.53,0.53,11,2,H,114.378814
duplicates,0.53,0.53,11,3,H,115.086995
duplicates,0.53,0.53,11,1,R,114.208291
duplicates,0.53,0.53,11,2,R,116.211629
duplicates,0.53,0.53,11,3,R,125.503427
duplicates,0.53,0.53,12,1,I,121.799115
duplicates,0.53,0.53,12,2,I,118.680316
duplicates,0.53,0.53,12,3,I,125.985781
duplicates,0.53,0.53,12,1,Q,114.517339
duplicates,0.53,0.53,12,2,Q,112.091501
duplicates,0.53,0.53,12,3,Q,113.083086
duplicates,0.53,0.53,12,1,M,118.819324
duplicates,0.53,0.53,12,2,M,114.408476
duplicates,0.53,0.53,12,3,M,110.96966
duplicates,0.53,0.53,12,1,H,103.006512
duplicates,0.53,0.53,12,2,H,113.050129
duplicates,0.53,0.53,12,3,H,112.916734
duplicates,0.53,0.53,12,1,R,115.588699
duplicates,0.53,0.53,12,2,R,112.39991
duplicates,0.53,0.53,12,3,R,113.559891
duplicates,0.54,0.54,1,1,I,123.529616
duplicates,0.54,0.54,1,2,I,120.93976
duplicates,0.54,0.54,1,3,I,124.556019
duplicates,0.54,0.54,1,1,Q,114.057934
duplicates,0.54,0.54,1,2,Q,116.739263
duplicates,0.54,0.54,1,3,Q,113.998756
duplicates,0.54,0.54,1,1,M,116.356606
duplicates,0.54,0.54,1,2,M,112.298666
duplicates,0.54,0.54,1,3,M,116.543995
duplicates,0.54,0.54,1,1,H,122.565086
duplicates,0.54,0.54,1,2,H,111.518332
duplicates,0.54,0.54,1,3,H,113.040963
duplicates,0.54,0.54,1,1,R,112.648844
duplicates,0.54,0.54,1,2,R,119.00474
duplicates,0.54,0.54,1,3,R,118.088731
duplicates,0.54,0.54,2,1,I,130.897732
duplicates,0.54,0.54,2,2,I,126.67709
duplicates,0.54,0.54,2,3,I,129.521685
duplicates,0.54,0.54,2,1,Q,116.026438
duplicates,0.54,0.54,2,2,Q,117.286992
duplicates,0.54,0.54,2,3,Q,120.044787
duplicates,0.54,0.54,2,1,M,109.766024
duplicates,0.54,0.54,2,2,M,111.229143
duplicates,0.54,0.54,2,3,M,113.941989
duplicates,0.54,0.54,2,1,H,110.910498
duplicates,0.54,0.54,2,2,H,100.114313
duplicates,0.54,0.54,2,3,H,115.674167
duplicates,0.54,0.54,2,1,R,111.248064
duplicates,0.54,0.54,2,2,R,106.768636
duplicates,0.54,0.54,2,3,R,132.450603
duplicates,0.54,0.54,3,1,I,126.641872
duplicates,0.54,0.54,3,2,I,121.915582
duplicates,0.54,0.54,3,3,I,127.064622
duplicates,0.54,0.54,3,1,Q,114.745511
duplicates,0.54,0.54,3,2,Q,116.834837
duplicates,0.54,0.54,3,3,Q,104.903566
duplicates,0.54,0.54,3,1,M,116.04297
duplicates,0.54,0.54,3,2,M,110.827098
duplicates,0.54,0.54,3,3,M,114.864632
duplicates,0.54,0.54,3,1,H,110.153764
duplicates,0.54,0.54,3,2,H,111.138378
duplicates,0.54,0.54,3,3,H,110.798129
duplicates,0.54,0.54,3,1,R,115.160762
duplicates,0.54,0.54,3,2,R,111.9327
duplicates,0.54,0.54,3,3,R,109.963947
duplicates,0.54,0.54,4,1,I,120.604038
duplicates,0.54,0.54,4,2,I,123.349977
duplicates,0.54,0.54,4,3,I,121.567941
duplicates,0.54,0.54,4,1,Q,111.287788
duplicates,0.54,0.54,4,2,Q,111.5976
duplicates,0.54,0.54,4,3,Q,112.703516
duplicates,0.54,0.54,4,1,M,137.711925
duplicates,0.54,0.54,4,2,M,142.787594
duplicates,0.54,0.54,4,3,M,117.265794
duplicates,0.54,0.54,4,1,H,113.520511
duplicates,0.54,0.54,4,2,H,120.615692
duplicates,0.54,0.54,4,3,H,111.166785
duplicates,0.54,0.54,4,1,R,116.721692
duplicates,0.54,0.54,4,2,R,109.761982
duplicates,0.54,0.54,4,3,R,113.570533
duplicates,0.54,0.54,5,1,I,125.419846
duplicates,0.54,0.54,5,2,I,119.010311
duplicates,0.54,0.54,5,3,I,128.658044
duplicates,0.54,0.54,5,1,Q,100.296038
duplicates,0.54,0.54,5,2,Q,110.091094
duplicates,0.54,0.54,5,3,Q,114.003716
duplicates,0.54,0.54,5,1,M,117.347292
duplicates,0.54,0.54,5,2,M,111.27879
duplicates,0.54,0.54,5,3,M,112.884628
duplicates,0.54,0.54,5,1,H,112.42905
duplicates,0.54,0.54,5,2,H,107.243879
duplicates,0.54,0.54,5,3,H,110.369354
duplicates,0.54,0.54,5,1,R,118.150135
duplicates,0.54,0.54,5,2,R,112.359254
duplicates,0.54,0.54,5,3,R,111.902799
duplicates,0.54,0.54,6,1,I,121.868418
duplicates,0.54,0.54,6,2,I,121.391173
duplicates,0.54,0.54,6,3,I,125.319729
duplicates,0.54,0.54,6,1,Q,114.163424
duplicates,0.54,0.54,6,2,Q,111.273532
duplicates,0.54,0.54,6,3,Q,112.419083
duplicates,0.54,0.54,6,1,M,109.271592
duplicates,0.54,0.54,6,2,M,109.739085
duplicates,0.54,0.54,6,3,M,111.736178
duplicates,0.54,0.54,6,1,H,112.40734
duplicates,0.54,0.54,6,2,H,111.932658
duplicates,0.54,0.54,6,3,H,111.121687
duplicates,0.54,0.54,6,1,R,112.596526
duplicates,0.54,0.54,6,2,R,113.05742
duplicates,0.54,0.54,6,3,R,110.565051
duplicates,0.54,0.54,7,1,I,125.109908
duplicates,0.54,0.54,7,2,I,122.306576
duplicates,0.54,0.54,7,3,I,122.409604
duplicates,0.54,0.54,7,1,Q,105.519938
duplicates,0.54,0.54,7,2,Q,117.412975
duplicates,0.54,0.54,7,3,Q,113.647234
duplicates,0.54,0.54,7,1,M,112.299524
duplicates,0.54,0.54,7,2,M,112.736727
duplicates,0.54,0.54,7,3,M,112.580551
duplicates,0.54,0.54,7,1,H,109.863776
duplicates,0.54,0.54,7,2,H,110.484677
duplicates,0.54,0.54,7,3,H,115.155541
duplicates,0.54,0.54,7,1,R,110.51019
duplicates,0.54,0.54,7,2,R,107.621615
duplicates,0.54,0.54,7,3,R,111.585708
duplicates,0.54,0.54,8,1,I,113.145571
duplicates,0.54,0.54,8,2,I,120.912668
duplicates,0.54,0.54,8,3,I,122.917579
duplicates,0.54,0.54,8,1,Q,109.472592
duplicates,0.54,0.54,8,2,Q,129.61836
duplicates,0.54,0.54,8,3,Q,115.094019
duplicates,0.54,0.54,8,1,M,112.371579
duplicates,0.54,0.54,8,2,M,112.499069
duplicates,0.54,0.54,8,3,M,112.474803
duplicates,0.54,0.54,8,1,H,111.048207
duplicates,0.54,0.54,8,2,H,133.477885
duplicates,0.54,0.54,8,3,H,110.973028
duplicates,0.54,0.54,8,1,R,111.991852
duplicates,0.54,0.54,8,2,R,110.019472
duplicates,0.54,0.54,8,3,R,119.365675
duplicates,0.55,0.55,1,1,I,119.098994
duplicates,0.55,0.55,1,2,I,118.899944
duplicates,0.55,0.55,1,3,I,117.215747
duplicates,0.55,0.55,1,1,Q,111.045771
duplicates,0.55,0.55,1,2,Q,112.378728
duplicates,0.55,0.55,1,3,Q,112.512319
duplicates,0.55,0.55,1,1,M,108.685746
duplicates,0.55,0.55,1,2,M,118.987121
duplicates,0.55,0.55,1,3,M,115.846837
duplicates,0.55,0.55,1,1,H,111.220451
duplicates,0.55,0.55,1,2,H,114.642678
duplicates,0.55,0.55,1,3,H,108.948208
duplicates,0.55,0.55,1,1,R,116.572922
duplicates,0.55,0.55,1,2,R,111.80335
duplicates,0.55,0.55,1,3,R,112.565821
duplicates,0.55,0.55,2,1,I,121.358478
duplicates,0.55,0.55,2,2,I,123.402896
duplicates,0.55,0.55,2,3,I,130.485706
duplicates,0.55,0.55,2,1,Q,113.6578
duplicates,0.55,0.55,2,2,Q,113.11798
duplicates,0.55,0.55,2,3,Q,110.635484
duplicates,0.55,0.55,2,1,M,111.58115
duplicates,0.55,0.55,2,2,M,112.811756
duplicates,0.55,0.55,2,3,M,112.272392
duplicates,0.55,0.55,2,1,H,100.553575
duplicates,0.55,0.55,2,2,H,112.148368
duplicates,0.55,0.55,2,3,H,111.839247
duplicates,0.55,0.55,2,1,R,111.712782
duplicates,0.55,0.55,2,2,R,107.706714
duplicates,0.55,0.55,2,3,R,108.726799
duplicates,0.55,0.55,3,1,I,119.788568
duplicates,0.55,0.55,3,2,I,117.499938
duplicates,0.55,0.55,3,3,I,123.074862
duplicates,0.55,0.55,3,1,Q,112.591974
duplicates,0.55,0.55,3,2,Q,110.048783
duplicates,0.55,0.55,3,3,Q,110.538035
duplicates,0.55,0.55,3,1,M,110.276882
duplicates,0.55,0.55,3,2,M,108.295162
duplicates,0.55,0.55,3,3,M,110.508807
duplicates,0.55,0.55,3,1,H,125.255313
duplicates,0.55,0.55,3,2,H,103.626964
duplicates,0.55,0.55,3,3,H,113.394727
duplicates,0.55,0.55,3,1,R,116.729735
duplicates,0.55,0.55,3,2,R,114.769155
duplicates,0.55,0.55,3,3,R,109.840222
duplicates,0.55,0.55,4,1,I,119.053044
duplicates,0.55,0.55,4,2,I,116.661353
duplicates,0.55,0.55,4,3,I,120.991719
duplicates,0.55,0.55,4,1,Q,107.910516
duplicates,0.55,0.55,4,2,Q,107.179218
duplicates,0.55,0.55,4,3,Q,107.892034
duplicates,0.55,0.55,4,1,M,107.206508
duplicates,0.55,0.55,4,2,M,117.374034
duplicates,0.55,0.55,4,3,M,108.162064
duplicates,0.55,0.55,4,1,H,110.283634
duplicates,0.55,0.55,4,2,H,111.837198
duplicates,0.55,0.55,4,3,H,113.394961
duplicates,0.55,0.55,4,1,R,113.348007
duplicates,0.55,0.55,4,2,R,109.149118
duplicates,0.55,0.55,4,3,R,114.554726
duplicates,0.55,0.55,5,1,I,119.636868
duplicates,0.55,0.55,5,2,I,125.090821
duplicates,0.55,0.55,5,3,I,121.101844
duplicates,0.55,0.55,5,1,Q,114.027113
duplicates,0.55,0.55,5,2,Q,102.916518
duplicates,0.55,0.55,5,3,Q,120.884096
duplicates,0.55,0.55,5,1,M,109.816843
duplicates,0.55,0.55,5,2,M,108.840309
duplicates,0.55,0.55,5,3,M,100.581659
duplicates,0.55,0.55,5,1,H,107.708119
duplicates,0.55,0.55,5,2,H,110.467017
duplicates,0.55,0.55,5,3,H,109.453046
duplicates,0.55,0.55,5,1,R,110.805146
duplicates,0.55,0.55,5,2,R,109.629508
duplicates,0.55,0.55,5,3,R,111.110342
duplicates,0.55,0.55,6,1,I,110.627327
duplicates,0.55,0.55,6,2,I,131.537968
duplicates,0.55,0.55,6,3,I,124.556097
duplicates,0.55,0.55,6,1,Q,113.068999
duplicates,0.55,0.55,6,2,Q,114.090922
duplicates,0.55,0.55,6,3,Q,109.304744
duplicates,0.55,0.55,6,1,M,112.604968
duplicates,0.55,0.55,6,2,M,111.777302
duplicates,0.55,0.55,6,3,M,118.357007
duplicates,0.55,0.55,6,1,H,111.571115
duplicates,0.55,0.55,6,2,H,114.379986
duplicates,0.55,0.55,6,3,H,108.833494
duplicates,0.55,0.55,6,1,R,119.04518
duplicates,0.55,0.55,6,2,R,110.44293
duplicates,0.55,0.55,6,3,R,111.179275
duplicates,0.55,0.55,7,1,I,119.499906
duplicates,0.55,0.55,7,2,I,120.407275
duplicates,0.55,0.55,7,3,I,120.397856
duplicates,0.55,0.55,7,1,Q,120.175567
duplicates,0.55,0.55,7,2,Q,111.906706
duplicates,0.55,0.55,7,3,Q,110.871136
duplicates,0.55,0.55,7,1,M,116.922645
duplicates,0.55,0.55,7,2,M,109.591948
duplicates,0.55,0.55,7,3,M,109.846078
duplicates,0.55,0.55,7,1,H,109.372403
duplicates,0.55,0.55,7,2,H,117.014583
duplicates,0.55,0.55,7,3,H,110.675341
duplicates,0.55,0.55,7,1,R,107.930156
duplicates,0.55,0.55,7,2,R,111.495325
duplicates,0.55,0.55,7,3,R,119.912404
duplicates,0.55,0.55,8,1,I,122.937112
duplicates,0.55,0.55,8,2,I,121.423418
duplicates,0.55,0.55,8,3,I,120.342264
duplicates,0.55,0.55,8,1,Q,113.272208
duplicates,0.55,0.55,8,2,Q,114.003073
duplicates,0.55,0.55,8,3,Q,114.20899
duplicates,0.55,0.55,8,1,M,117.395653
duplicates,0.55,0.55,8,2,M,112.05621
duplicates,0.55,0.55,8,3,M,114.3262
duplicates,0.55,0.55,8,1,H,111.704469
duplicates,0.55,0.55,8,2,H,110.517145
duplicates,0.55,0.55,8,3,H,117.410938
duplicates,0.55,0.55,8,1,R,116.472661
duplicates,0.55,0.55,8,2,R,109.909781
duplicates,0.55,0.55,8,3,R,111.146577
duplicates,0.56,0.56,1,1,I,123.109377
duplicates,0.56,0.56,1,2,I,119.479617
duplicates,0.56,0.56,1,3,I,123.306668
duplicates,0.56,0.56,1,1,Q,114.514065
duplicates,0.56,0.56,1,2,Q,115.938385
duplicates,0.56,0.56,1,3,Q,111.785108
duplicates,0.56,0.56,1,1,M,126.995903
duplicates,0.56,0.56,1,2,M,106.8822
duplicates,0.56,0.56,1,3,M,109.325113
duplicates,0.56,0.56,1,1,H,110.490027
duplicates,0.56,0.56,1,2,H,111.590815
duplicates,0.56,0.56,1,3,H,110.323262
duplicates,0.56,0.56,1,1,R,110.662499
duplicates,0.56,0.56,1,2,R,109.967333
duplicates,0.56,0.56,1,3,R,111.912911
duplicates,0.56,0.56,2,1,I,124.408004
duplicates,0.56,0.56,2,2,I,124.285644
duplicates,0.56,0.56,2,3,I,127.687441
duplicates,0.56,0.56,2,1,Q,111.452518
duplicates,0.56,0.56,2,2,Q,115.115756
duplicates,0.56,0.56,2,3,Q,110.986777
duplicates,0.56,0.56,2,1,M,110.880855
duplicates,0.56,0.56,2,2,M,110.462401
duplicates,0.56,0.56,2,3,M,111.950658
duplicates,0.56,0.56,2,1,H,107.970557
duplicates,0.56,0.56,2,2,H,110.992492
duplicates,0.56,0.56,2,3,H,113.017988
duplicates,0.56,0.56,2,1,R,117.476412
duplicates,0.56,0.56,2,2,R,113.178394
duplicates,0.56,0.56,2,3,R,114.174821
duplicates,0.56,0.56,3,1,I,124.358422
duplicates,0.56,0.56,3,2,I,122.684873
duplicates,0.56,0.56,3,3,I,122.637141
duplicates,0.56,0.56,3,1,Q,99.978541
duplicates,0.56,0.56,3,2,Q,114.656853
duplicates,0.56,0.56,3,3,Q,109.819501
duplicates,0.56,0.56,3,1,M,113.272929
duplicates,0.56,0.56,3,2,M,107.095917
duplicates,0.56,0.56,3,3,M,107.900009
duplicates,0.56,0.56,3,1,H,111.932193
duplicates,0.56,0.56,3,2,H,110.379228
duplicates,0.56,0.56,3,3,H,108.466196
duplicates,0.56,0.56,3,1,R,112.205946
duplicates,0.56,0.56,3,2,R,103.240169
duplicates,0.56,0.56,3,3,R,112.085154
duplicates,0.56,0.56,4,1,I,122.081753
duplicates,0.56,0.56,4,2,I,118.578406
duplicates,0.56,0.56,4,3,I,117.419098
duplicates,0.56,0.56,4,1,Q,117.383445
duplicates,0.56,0.56,4,2,Q,113.815407
duplicates,0.56,0.56,4,3,Q,124.848929
duplicates,0.56,0.56,4,1,M,118.586255
duplicates,0.56,0.56,4,2,M,113.436128
duplicates,0.56,0.56,4,3,M,129.844474
duplicates,0.56,0.56,4,1,H,115.11827
duplicates,0.56,0.56,4,2,H,119.844184
duplicates,0.56,0.56,4,3,H,112.774117
duplicates,0.56,0.56,4,1,R,112.872352
duplicates,0.56,0.56,4,2,R,115.423925
duplicates,0.56,0.56,4,3,R,111.458828
duplicates,0.56,0.56,5,1,I,119.054285
duplicates,0.56,0.56,5,2,I,111.419211
duplicates,0.56,0.56,5,3,I,121.816069
duplicates,0.56,0.56,5,1,Q,114.394007
duplicates,0.56,0.56,5,2,Q,114.826855
duplicates,0.56,0.56,5,3,Q,109.241799
duplicates,0.56,0.56,5,1,M,109.11886
duplicates,0.56,0.56,5,2,M,110.532035
duplicates,0.56,0.56,5,3,M,110.74879
duplicates,0.56,0.56,5,1,H,113.164051
duplicates,0.56,0.56,5,2,H,117.552178
duplicates,0.56,0.56,5,3,H,115.795742
duplicates,0.56,0.56,5,1,R,109.724055
duplicates,0.56,0.56,5,2,R,108.953481
duplicates,0.56,0.56,5,3,R,111.83815
duplicates,0.56,0.56,6,1,I,119.359411
duplicates,0.56,0.56,6,2,I,122.103291
duplicates,0.56,0.56,6,3,I,133.855321
duplicates,0.56,0.56,6,1,Q,117.558694
duplicates,0.56,0.56,6,2,Q,116.503839
duplicates,0.56,0.56,6,3,Q,124.066512
duplicates,0.56,0.56,6,1,M,109.69
duplicates,0.56,0.56,6,2,M,110.410248
duplicates,0.56,0.56,6,3,M,111.378298
duplicates,0.56,0.56,6,1,H,118.986771
duplicates,0.56,0.56,6,2,H,116.908564
duplicates,0.56,0.56,6,3,H,111.890894
duplicates,0.56,0.56,6,1,R,108.707452
duplicates,0.56,0.56,6,2,R,109.771399
duplicates,0.56,0.56,6,3,R,112.607777
duplicates,0.56,0.56,7,1,I,124.805914
duplicates,0.56,0.56,7,2,I,122.128454
duplicates,0.56,0.56,7,3,I,122.0233
duplicates,0.56,0.56,7,1,Q,122.103554
duplicates,0.56,0.56,7,2,Q,108.320322
duplicates,0.56,0.56,7,3,Q,111.226308
duplicates,0.56,0.56,7,1,M,112.451917
duplicates,0.56,0.56,7,2,M,112.007071
duplicates,0.56,0.56,7,3,M,112.242766
duplicates,0.56,0.56,7,1,H,113.050743
duplicates,0.56,0.56,7,2,H,111.749216
duplicates,0.56,0.56,7,3,H,118.341056
duplicates,0.56,0.56,7,1,R,110.602863
duplicates,0.56,0.56,7,2,R,110.007691
duplicates,0.56,0.56,7,3,R,108.582077
duplicates,0.56,0.56,8,1,I,117.981826
duplicates,0.56,0.56,8,2,I,119.194075
duplicates,0.56,0.56,8,3,I,117.631733
duplicates,0.56,0.56,8,1,Q,110.260116
duplicates,0.56,0.56,8,2,Q,109.948619
duplicates,0.56,0.56,8,3,Q,107.865479
duplicates,0.56,0.56,8,1,M,111.060821
duplicates,0.56,0.56,8,2,M,117.659284
duplicates,0.56,0.56,8,3,M,113.034007
duplicates,0.56,0.56,8,1,H,114.006493
duplicates,0.56,0.56,8,2,H,115.219843
duplicates,0.56,0.56,8,3,H,113.06385
duplicates,0.56,0.56,8,1,R,111.559976
duplicates,0.56,0.56,8,2,R,109.271835
duplicates,0.56,0.56,8,3,R,109.788368
duplicates,0.57,0.57,1,1,I,108.96605
duplicates,0.57,0.57,1,2,I,123.837123
duplicates,0.57,0.57,1,3,I,119.66124
duplicates,0.57,0.57,1,1,Q,112.699955
duplicates,0.57,0.57,1,2,Q,114.476318
duplicates,0.57,0.57,1,3,Q,109.547019
duplicates,0.57,0.57,1,1,M,114.36181
duplicates,0.57,0.57,1,2,M,109.635929
duplicates,0.57,0.57,1,3,M,111.220587
duplicates,0.57,0.57,1,1,H,112.982249
duplicates,0.57,0.57,1,2,H,110.977694
duplicates,0.57,0.57,1,3,H,109.410854
duplicates,0.57,0.57,1,1,R,108.609018
duplicates,0.57,0.57,1,2,R,109.853422
duplicates,0.57,0.57,1,3,R,112.364332
duplicates,0.57,0.57,2,1,I,118.756549
duplicates,0.57,0.57,2,2,I,117.849161
duplicates,0.57,0.57,2,3,I,133.413749
duplicates,0.57,0.57,2,1,Q,108.625746
duplicates,0.57,0.57,2,2,Q,108.694791
duplicates,0.57,0.57,2,3,Q,111.032208
duplicates,0.57,0.57,2,1,M,121.635181
duplicates,0.57,0.57,2,2,M,114.491207
duplicates,0.57,0.57,2,3,M,120.68114
duplicates,0.57,0.57,2,1,H,118.722219
duplicates,0.57,0.57,2,2,H,110.767401
duplicates,0.57,0.57,2,3,H,106.967508
duplicates,0.57,0.57,2,1,R,110.685507
duplicates,0.57,0.57,2,2,R,111.802957
duplicates,0.57,0.57,2,3,R,113.189946
duplicates,0.57,0.57,3,1,I,119.055009
duplicates,0.57,0.57,3,2,I,123.11935
duplicates,0.57,0.57,3,3,I,127.670194
duplicates,0.57,0.57,3,1,Q,114.796734
duplicates,0.57,0.57,3,2,Q,110.068502
duplicates,0.57,0.57,3,3,Q,114.212931
duplicates,0.57,0.57,3,1,M,122.578923
duplicates,0.57,0.57,3,2,M,121.882329
duplicates,0.57,0.57,3,3,M,110.715594
duplicates,0.57,0.57,3,1,H,112.736642
duplicates,0.57,0.57,3,2,H,114.384913
duplicates,0.57,0.57,3,3,H,112.78548
duplicates,0.57,0.57,3,1,R,119.132064
duplicates,0.57,0.57,3,2,R,107.700273
duplicates,0.57,0.57,3,3,R,110.828842
duplicates,0.57,0.57,4,1,I,119.750735
duplicates,0.57,0.57,4,2,I,123.319905
duplicates,0.57,0.57,4,3,I,119.044919
duplicates,0.57,0.57,4,1,Q,125.595436
duplicates,0.57,0.57,4,2,Q,113.109563
duplicates,0.57,0.57,4,3,Q,112.608463
duplicates,0.57,0.57,4,1,M,113.069444
duplicates,0.57,0.57,4,2,M,115.519024
duplicates,0.57,0.57,4,3,M,110.389644
duplicates,0.57,0.57,4,1,H,112.59976
duplicates,0.57,0.57,4,2,H,111.411762
duplicates,0.57,0.57,4,3,H,102.325563
duplicates,0.57,0.57,4,1,R,113.074912
duplicates,0.57,0.57,4,2,R,112.757783
duplicates,0.57,0.57,4,3,R,112.723226
duplicates,0.57,0.57,5,1,I,133.395414
duplicates,0.57,0.57,5,2,I,119.993316
duplicates,0.57,0.57,5,3,I,122.384303
duplicates,0.57,0.57,5,1,Q,113.377606
duplicates,0.57,0.57,5,2,Q,113.117708
duplicates,0.57,0.57,5,3,Q,109.555611
duplicates,0.57,0.57,5,1,M,118.727606
duplicates,0.57,0.57,5,2,M,119.413547
duplicates,0.57,0.57,5,3,M,118.583444
duplicates,0.57,0.57,5,1,H,111.196434
duplicates,0.57,0.57,5,2,H,109.990031
duplicates,0.57,0.57,5,3,H,113.763466
duplicates,0.57,0.57,5,1,R,108.918795
duplicates,0.57,0.57,5,2,R,110.900201
duplicates,0.57,0.57,5,3,R,112.007985
duplicates,0.57,0.57,6,1,I,121.938522
duplicates,0.57,0.57,6,2,I,120.14147
duplicates,0.57,0.57,6,3,I,117.127757
duplicates,0.57,0.57,6,1,Q,108.649274
duplicates,0.57,0.57,6,2,Q,119.042411
duplicates,0.57,0.57,6,3,Q,110.321999
duplicates,0.57,0.57,6,1,M,112.050668
duplicates,0.57,0.57,6,2,M,114.109332
duplicates,0.57,0.57,6,3,M,115.853731
duplicates,0.57,0.57,6,1,H,113.701131
duplicates,0.57,0.57,6,2,H,111.668874
duplicates,0.57,0.57,6,3,H,110.605304
duplicates,0.57,0.57,6,1,R,109.935112
duplicates,0.57,0.57,6,2,R,111.06002
duplicates,0.57,0.57,6,3,R,108.455895
duplicates,0.57,0.57,7,1,I,119.75755
duplicates,0.57,0.57,7,2,I,119.914192
duplicates,0.57,0.57,7,3,I,121.53131
duplicates,0.57,0.57,7,1,Q,116.45175
duplicates,0.57,0.57,7,2,Q,118.66667
duplicates,0.57,0.57,7,3,Q,112.7436
duplicates,0.57,0.57,7,1,M,110.176934
duplicates,0.57,0.57,7,2,M,113.801734
duplicates,0.57,0.57,7,3,M,112.674311
duplicates,0.57,0.57,7,1,H,109.662593
duplicates,0.57,0.57,7,2,H,114.16545
duplicates,0.57,0.57,7,3,H,110.945965
duplicates,0.57,0.57,7,1,R,108.188037
duplicates,0.57,0.57,7,2,R,109.888082
duplicates,0.57,0.57,7,3,R,124.681173
duplicates,0.57,0.57,8,1,I,122.036246
duplicates,0.57,0.57,8,2,I,121.431856
duplicates,0.57,0.57,8,3,I,133.077192
duplicates,0.57,0.57,8,1,Q,111.646213
duplicates,0.57,0.57,8,2,Q,116.935653
duplicates,0.57,0.57,8,3,Q,122.721071
duplicates,0.57,0.57,8,1,M,132.962272
duplicates,0.57,0.57,8,2,M,117.427651
duplicates,0.57,0.57,8,3,M,122.229324
duplicates,0.57,0.57,8,1,H,117.686282
duplicates,0.57,0.57,8,2,H,118.115562
duplicates,0.57,0.57,8,3,H,119.793873
duplicates,0.57,0.57,8,1,R,113.046519
duplicates,0.57,0.57,8,2,R,123.461959
duplicates,0.57,0.57,8,3,R,122.182099
duplicates,0.58,0.58,1,1,I,129.305614
duplicates,0.58,0.58,1,2,I,154.605243
duplicates,0.58,0.58,1,3,I,119.194782
duplicates,0.58,0.58,1,1,Q,112.446603
duplicates,0.58,0.58,1,2,Q,117.00555
duplicates,0.58,0.58,1,3,Q,114.277123
duplicates,0.58,0.58,1,1,M,115.092589
duplicates,0.58,0.58,1,2,M,103.077784
duplicates,0.58,0.58,1,3,M,111.750667
duplicates,0.58,0.58,1,1,H,110.391471
duplicates,0.58,0.58,1,2,H,117.940377
duplicates,0.58,0.58,1,3,H,118.168523
duplicates,0.58,0.58,1,1,R,110.893349
duplicates,0.58,0.58,1,2,R,114.425915
duplicates,0.58,0.58,1,3,R,100.732286
duplicates,0.58,0.58,2,1,I,124.557368
duplicates,0.58,0.58,2,2,I,124.806293
duplicates,0.58,0.58,2,3,I,122.756534
duplicates,0.58,0.58,2,1,Q,111.198101
duplicates,0.58,0.58,2,2,Q,109.109106
duplicates,0.58,0.58,2,3,Q,113.493754
duplicates,0.58,0.58,2,1,M,112.537175
duplicates,0.58,0.58,2,2,M,111.173588
duplicates,0.58,0.58,2,3,M,111.714496
duplicates,0.58,0.58,2,1,H,111.31053
duplicates,0.58,0.58,2,2,H,125.875435
duplicates,0.58,0.58,2,3,H,111.137285
duplicates,0.58,0.58,2,1,R,112.211945
duplicates,0.58,0.58,2,2,R,112.096325
duplicates,0.58,0.58,2,3,R,115.280621
duplicates,0.58,0.58,3,1,I,131.243127
duplicates,0.58,0.58,3,2,I,131.268965
duplicates,0.58,0.58,3,3,I,130.752384
duplicates,0.58,0.58,3,1,Q,108.282257
duplicates,0.58,0.58,3,2,Q,128.820838
duplicates,0.58,0.58,3,3,Q,111.317125
duplicates,0.58,0.58,3,1,M,119.218085
duplicates,0.58,0.58,3,2,M,120.669567
duplicates,0.58,0.58,3,3,M,116.063873
duplicates,0.58,0.58,3,1,H,126.053067
duplicates,0.58,0.58,3,2,H,123.988166
duplicates,0.58,0.58,3,3,H,110.074274
duplicates,0.58,0.58,3,1,R,111.952179
duplicates,0.58,0.58,3,2,R,113.165984
duplicates,0.58,0.58,3,3,R,119.722436
duplicates,0.58,0.58,4,1,I,124.070159
duplicates,0.58,0.58,4,2,I,126.384652
duplicates,0.58,0.58,4,3,I,124.195802
duplicates,0.58,0.58,4,1,Q,115.626557
duplicates,0.58,0.58,4,2,Q,113.394445
duplicates,0.58,0.58,4,3,Q,115.41319
duplicates,0.58,0.58,4,1,M,111.849495
duplicates,0.58,0.58,4,2,M,122.186417
duplicates,0.58,0.58,4,3,M,111.040634
duplicates,0.58,0.58,4,1,H,120.324693
duplicates,0.58,0.58,4,2,H,120.479664
duplicates,0.58,0.58,4,3,H,131.178032
duplicates,0.58,0.58,4,1,R,118.636612
duplicates,0.58,0.58,4,2,R,113.51484
duplicates,0.58,0.58,4,3,R,112.567483
duplicates,0.58,0.58,5,1,I,124.696906
duplicates,0.58,0.58,5,2,I,136.532772
duplicates,0.58,0.58,5,3,I,124.676516
duplicates,0.58,0.58,5,1,Q,116.664404
duplicates,0.58,0.58,5,2,Q,111.046049
duplicates,0.58,0.58,5,3,Q,121.484977
duplicates,0.58,0.58,5,1,M,113.899935
duplicates,0.58,0.58,5,2,M,125.353172
duplicates,0.58,0.58,5,3,M,109.521703
duplicates,0.58,0.58,5,1,H,110.183053
duplicates,0.58,0.58,5,2,H,111.338491
duplicates,0.58,0.58,5,3,H,111.059875
duplicates,0.58,0.58,5,1,R,109.582078
duplicates,0.58,0.58,5,2,R,109.332213
duplicates,0.58,0.58,5,3,R,117.376666
duplicates,0.58,0.58,6,1,I,119.247887
duplicates,0.58,0.58,6,2,I,122.06857
duplicates,0.58,0.58,6,3,I,123.96243
duplicates,0.58,0.58,6,1,Q,117.490978
duplicates,0.58,0.58,6,2,Q,111.945325
duplicates,0.58,0.58,6,3,Q,114.111072
duplicates,0.58,0.58,6,1,M,120.612228
duplicates,0.58,0.58,6,2,M,126.2227
duplicates,0.58,0.58,6,3,M,117.405497
duplicates,0.58,0.58,6,1,H,113.63975
duplicates,0.58,0.58,6,2,H,114.844205
duplicates,0.58,0.58,6,3,H,131.521179
duplicates,0.58,0.58,6,1,R,126.54875
duplicates,0.58,0.58,6,2,R,114.402101
duplicates,0.58,0.58,6,3,R,116.173466
duplicates,0.58,0.58,7,1,I,128.669212
duplicates,0.58,0.58,7,2,I,109.82456
duplicates,0.58,0.58,7,3,I,120.695742
duplicates,0.58,0.58,7,1,Q,113.498609
duplicates,0.58,0.58,7,2,Q,113.735862
duplicates,0.58,0.58,7,3,Q,119.326412
duplicates,0.58,0.58,7,1,M,111.782705
duplicates,0.58,0.58,7,2,M,117.185619
duplicates,0.58,0.58,7,3,M,118.841185
duplicates,0.58,0.58,7,1,H,114.824737
duplicates,0.58,0.58,7,2,H,112.293872
duplicates,0.58,0.58,7,3,H,113.875457
duplicates,0.58,0.58,7,1,R,112.191681
duplicates,0.58,0.58,7,2,R,112.47679
duplicates,0.58,0.58,7,3,R,111.82286
duplicates,0.58,0.58,8,1,I,117.941284
duplicates,0.58,0.58,8,2,I,121.473408
duplicates,0.58,0.58,8,3,I,122.233851
duplicates,0.58,0.58,8,1,Q,129.571011
duplicates,0.58,0.58,8,2,Q,123.958371
duplicates,0.58,0.58,8,3,Q,107.416277
duplicates,0.58,0.58,8,1,M,114.546366
duplicates,0.58,0.58,8,2,M,116.890461
duplicates,0.58,0.58,8,3,M,111.54975
duplicates,0.58,0.58,8,1,H,118.154368
duplicates,0.58,0.58,8,2,H,117.108933
duplicates,0.58,0.58,8,3,H,111.47281
duplicates,0.58,0.58,8,1,R,115.087273
duplicates,0.58,0.58,8,2,R,122.919758
duplicates,0.58,0.58,8,3,R,114.814168
duplicates,0.59,0.59,1,1,I,119.359205
duplicates,0.59,0.59,1,2,I,127.314584
duplicates,0.59,0.59,1,3,I,126.478203
duplicates,0.59,0.59,1,1,Q,119.521476
duplicates,0.59,0.59,1,2,Q,121.489207
duplicates,0.59,0.59,1,3,Q,118.100271
duplicates,0.59,0.59,1,1,M,118.635728
duplicates,0.59,0.59,1,2,M,124.310495
duplicates,0.59,0.59,1,3,M,131.730727
duplicates,0.59,0.59,1,1,H,127.069229
duplicates,0.59,0.59,1,2,H,131.156564
duplicates,0.59,0.59,1,3,H,135.658345
duplicates,0.59,0.59,1,1,R,129.970535
duplicates,0.59,0.59,1,2,R,120.065545
duplicates,0.59,0.59,1,3,R,123.227596
duplicates,0.59,0.59,2,1,I,132.747725
duplicates,0.59,0.59,2,2,I,131.304611
duplicates,0.59,0.59,2,3,I,128.7974
duplicates,0.59,0.59,2,1,Q,111.64563
duplicates,0.59,0.59,2,2,Q,105.467542
duplicates,0.59,0.59,2,3,Q,115.847881
duplicates,0.59,0.59,2,1,M,113.537442
duplicates,0.59,0.59,2,2,M,121.342932
duplicates,0.59,0.59,2,3,M,120.862493
duplicates,0.59,0.59,2,1,H,117.789816
duplicates,0.59,0.59,2,2,H,117.826928
duplicates,0.59,0.59,2,3,H,140.141391
duplicates,0.59,0.59,2,1,R,118.934331
duplicates,0.59,0.59,2,2,R,128.378224
duplicates,0.59,0.59,2,3,R,123.194524
duplicates,0.59,0.59,3,1,I,146.432064
duplicates,0.59,0.59,3,2,I,120.364023
duplicates,0.59,0.59,3,3,I,120.385506
duplicates,0.59,0.59,3,1,Q,110.905819
duplicates,0.59,0.59,3,2,Q,114.020958
duplicates,0.59,0.59,3,3,Q,113.601403
duplicates,0.59,0.59,3,1,M,110.420202
duplicates,0.59,0.59,3,2,M,125.227166
duplicates,0.59,0.59,3,3,M,118.808993
duplicates,0.59,0.59,3,1,H,118.085505
duplicates,0.59,0.59,3,2,H,116.036144
duplicates,0.59,0.59,3,3,H,115.803759
duplicates,0.59,0.59,3,1,R,112.825281
duplicates,0.59,0.59,3,2,R,117.707952
duplicates,0.59,0.59,3,3,R,117.266747
duplicates,0.59,0.59,4,1,I,122.841556
duplicates,0.59,0.59,4,2,I,120.517488
duplicates,0.59,0.59,4,3,I,122.699345
duplicates,0.59,0.59,4,1,Q,110.449321
duplicates,0.59,0.59,4,2,Q,112.119842
duplicates,0.59,0.59,4,3,Q,122.139053
duplicates,0.59,0.59,4,1,M,118.694767
duplicates,0.59,0.59,4,2,M,112.804588
duplicates,0.59,0.59,4,3,M,114.940064
duplicates,0.59,0.59,4,1,H,112.430264
duplicates,0.59,0.59,4,2,H,111.416144
duplicates,0.59,0.59,4,3,H,117.676038
duplicates,0.59,0.59,4,1,R,127.514632
duplicates,0.59,0.59,4,2,R,114.871251
duplicates,0.59,0.59,4,3,R,110.961393
duplicates,0.59,0.59,5,1,I,129.711145
duplicates,0.59,0.59,5,2,I,131.395431
duplicates,0.59,0.59,5,3,I,142.663241
duplicates,0.59,0.59,5,1,Q,111.511211
duplicates,0.59,0.59,5,2,Q,114.821523
duplicates,0.59,0.59,5,3,Q,109.154957
duplicates,0.59,0.59,5,1,M,111.705857
duplicates,0.59,0.59,5,2,M,119.366266
duplicates,0.59,0.59,5,3,M,113.969597
duplicates,0.59,0.59,5,1,H,110.107378
duplicates,0.59,0.59,5,2,H,113.829233
duplicates,0.59,0.59,5,3,H,110.709442
duplicates,0.59,0.59,5,1,R,111.473136
duplicates,0.59,0.59,5,2,R,124.839018
duplicates,0.59,0.59,5,3,R,109.493857
duplicates,0.59,0.59,6,1,I,121.512393
duplicates,0.59,0.59,6,2,I,119.547091
duplicates,0.59,0.59,6,3,I,121.068074
duplicates,0.59,0.59,6,1,Q,121.514489
duplicates,0.59,0.59,6,2,Q,119.217688
duplicates,0.59,0.59,6,3,Q,111.048738
duplicates,0.59,0.59,6,1,M,111.792285
duplicates,0.59,0.59,6,2,M,114.440016
duplicates,0.59,0.59,6,3,M,115.598638
duplicates,0.59,0.59,6,1,H,119.26836
duplicates,0.59,0.59,6,2,H,131.54721
duplicates,0.59,0.59,6,3,H,126.648441
duplicates,0.59,0.59,6,1,R,125.843865
duplicates,0.59,0.59,6,2,R,118.06675
duplicates,0.59,0.59,6,3,R,118.917283
duplicates,0.59,0.59,7,1,I,133.033616
duplicates,0.59,0.59,7,2,I,134.909221
duplicates,0.59,0.59,7,3,I,122.658022
duplicates,0.59,0.59,7,1,Q,121.423964
duplicates,0.59,0.59,7,2,Q,108.847637
duplicates,0.59,0.59,7,3,Q,111.992902
duplicates,0.59,0.59,7,1,M,113.627249
duplicates,0.59,0.59,7,2,M,118.276464
duplicates,0.59,0.59,7,3,M,106.656608
duplicates,0.59,0.59,7,1,H,119.58133
duplicates,0.59,0.59,7,2,H,105.411457
duplicates,0.59,0.59,7,3,H,119.897023
duplicates,0.59,0.59,7,1,R,120.858609
duplicates,0.59,0.59,7,2,R,128.25572
duplicates,0.59,0.59,7,3,R,118.510207
duplicates,0.59,0.59,8,1,I,120.38107
duplicates,0.59,0.59,8,2,I,122.13693
duplicates,0.59,0.59,8,3,I,116.682182
duplicates,0.59,0.59,8,1,Q,112.407658
duplicates,0.59,0.59,8,2,Q,115.304509
duplicates,0.59,0.59,8,3,Q,112.825667
duplicates,0.59,0.59,8,1,M,113.534785
duplicates,0.59,0.59,8,2,M,114.1681
duplicates,0.59,0.59,8,3,M,113.152259
duplicates,0.59,0.59,8,1,H,117.309653
duplicates,0.59,0.59,8,2,H,115.548876
duplicates,0.59,0.59,8,3,H,101.912147
duplicates,0.59,0.59,8,1,R,110.947142
duplicates,0.59,0.59,8,2,R,104.273006
duplicates,0.59,0.59,8,3,R,116.373692
duplicates,0.6,0.6,1,1,I,119.975796
duplicates,0.6,0.6,1,2,I,123.468165
duplicates,0.6,0.6,1,3,I,117.350061
duplicates,0.6,0.6,1,1,Q,109.044807
duplicates,0.6,0.6,1,2,Q,110.746105
duplicates,0.6,0.6,1,3,Q,110.869252
duplicates,0.6,0.6,1,1,M,119.990574
duplicates,0.6,0.6,1,2,M,126.650679
duplicates,0.6,0.6,1,3,M,119.213359
duplicates,0.6,0.6,1,1,H,113.342974
duplicates,0.6,0.6,1,2,H,119.297332
duplicates,0.6,0.6,1,3,H,108.196333
duplicates,0.6,0.6,1,1,R,124.186956
duplicates,0.6,0.6,1,2,R,116.75046
duplicates,0.6,0.6,1,3,R,196.97722
duplicates,0.6,0.6,2,1,I,124.21858
duplicates,0.6,0.6,2,2,I,123.608575
duplicates,0.6,0.6,2,3,I,123.799387
duplicates,0.6,0.6,2,1,Q,115.244326
duplicates,0.6,0.6,2,2,Q,109.966673
duplicates,0.6,0.6,2,3,Q,114.717781
duplicates,0.6,0.6,2,1,M,118.735742
duplicates,0.6,0.6,2,2,M,113.402461
duplicates,0.6,0.6,2,3,M,119.293857
duplicates,0.6,0.6,2,1,H,127.387353
duplicates,0.6,0.6,2,2,H,124.505111
duplicates,0.6,0.6,2,3,H,125.216405
duplicates,0.6,0.6,2,1,R,127.959515
duplicates,0.6,0.6,2,2,R,132.334054
duplicates,0.6,0.6,2,3,R,129.570212
duplicates,0.6,0.6,3,1,I,131.30187
duplicates,0.6,0.6,3,2,I,144.410205
duplicates,0.6,0.6,3,3,I,142.006467
duplicates,0.6,0.6,3,1,Q,117.955746
duplicates,0.6,0.6,3,2,Q,123.22247
duplicates,0.6,0.6,3,3,Q,128.533975
duplicates,0.6,0.6,3,1,M,114.138591
duplicates,0.6,0.6,3,2,M,113.543741
duplicates,0.6,0.6,3,3,M,115.137089
duplicates,0.6,0.6,3,1,H,110.286674
duplicates,0.6,0.6,3,2,H,109.403053
duplicates,0.6,0.6,3,3,H,109.275644
duplicates,0.6,0.6,3,1,R,113.251626
duplicates,0.6,0.6,3,2,R,110.946376
duplicates,0.6,0.6,3,3,R,109.578896
duplicates,0.6,0.6,4,1,I,135.142887
duplicates,0.6,0.6,4,2,I,127.340268
duplicates,0.6,0.6,4,3,I,131.463551
duplicates,0.6,0.6,4,1,Q,114.967338
duplicates,0.6,0.6,4,2,Q,102.396491
duplicates,0.6,0.6,4,3,Q,118.941235
duplicates,0.6,0.6,4,1,M,117.615786
duplicates,0.6,0.6,4,2,M,118.51029
duplicates,0.6,0.6,4,3,M,112.883103
duplicates,0.6,0.6,4,1,H,119.990877
duplicates,0.6,0.6,4,2,H,120.675519
duplicates,0.6,0.6,4,3,H,172.844426
duplicates,0.6,0.6,4,1,R,113.966775
duplicates,0.6,0.6,4,2,R,113.279079
duplicates,0.6,0.6,4,3,R,115.300841
duplicates,0.6,0.6,5,1,I,119.051406
duplicates,0.6,0.6,5,2,I,122.597131
duplicates,0.6,0.6,5,3,I,118.466978
duplicates,0.6,0.6,5,1,Q,115.194419
duplicates,0.6,0.6,5,2,Q,110.746947
duplicates,0.6,0.6,5,3,Q,114.573559
duplicates,0.6,0.6,5,1,M,109.383193
duplicates,0.6,0.6,5,2,M,111.335763
duplicates,0.6,0.6,5,3,M,109.269805
duplicates,0.6,0.6,5,1,H,118.093851
duplicates,0.6,0.6,5,2,H,109.02739
duplicates,0.6,0.6,5,3,H,108.457275
duplicates,0.6,0.6,5,1,R,108.21173
duplicates,0.6,0.6,5,2,R,106.836398
duplicates,0.6,0.6,5,3,R,111.288493
duplicates,0.6,0.6,6,1,I,123.018745
duplicates,0.6,0.6,6,2,I,122.769723
duplicates,0.6,0.6,6,3,I,109.385367
duplicates,0.6,0.6,6,1,Q,136.319676
duplicates,0.6,0.6,6,2,Q,108.803632
duplicates,0.6,0.6,6,3,Q,117.770999
duplicates,0.6,0.6,6,1,M,115.228325
duplicates,0.6,0.6,6,2,M,114.441785
duplicates,0.6,0.6,6,3,M,113.715908
duplicates,0.6,0.6,6,1,H,113.960839
duplicates,0.6,0.6,6,2,H,113.186893
duplicates,0.6,0.6,6,3,H,115.528326
duplicates,0.6,0.6,6,1,R,114.859945
duplicates,0.6,0.6,6,2,R,111.792765
duplicates,0.6,0.6,6,3,R,118.557421
duplicates,0.6,0.6,7,1,I,128.112551
duplicates,0.6,0.6,7,2,I,122.860644
duplicates,0.6,0.6,7,3,I,127.847327
duplicates,0.6,0.6,7,1,Q,129.559478
duplicates,0.6,0.6,7,2,Q,116.8953
duplicates,0.6,0.6,7,3,Q,120.049248
duplicates,0.6,0.6,7,1,M,131.049569
duplicates,0.6,0.6,7,2,M,118.529971
duplicates,0.6,0.6,7,3,M,124.933735
duplicates,0.6,0.6,7,1,H,117.232605
duplicates,0.6,0.6,7,2,H,114.388152
duplicates,0.6,0.6,7,3,H,114.859302
duplicates,0.6,0.6,7,1,R,113.801244
duplicates,0.6,0.6,7,2,R,114.361871
duplicates,0.6,0.6,7,3,R,115.509519
duplicates,0.6,0.6,8,1,I,122.162615
duplicates,0.6,0.6,8,2,I,120.715825
duplicates,0.6,0.6,8,3,I,119.494818
duplicates,0.6,0.6,8,1,Q,116.979065
duplicates,0.6,0.6,8,2,Q,117.951131
duplicates,0.6,0.6,8,3,Q,112.227231
duplicates,0.6,0.6,8,1,M,111.240324
duplicates,0.6,0.6,8,2,M,110.418957
duplicates,0.6,0.6,8,3,M,108.826377
duplicates,0.6,0.6,8,1,H,109.927657
duplicates,0.6,0.6,8,2,H,116.483911
duplicates,0.6,0.6,8,3,H,105.03575
duplicates,0.6,0.6,8,1,R,110.558905
duplicates,0.6,0.6,8,2,R,110.332591
duplicates,0.6,0.6,8,3,R,108.94675
duplicates,0.6,0.6,9,1,I,124.521586
duplicates,0.6,0.6,9,2,I,121.015707
duplicates,0.6,0.6,9,3,I,111.075808
duplicates,0.6,0.6,9,1,Q,111.787997
duplicates,0.6,0.6,9,2,Q,113.689798
duplicates,0.6,0.6,9,3,Q,111.675406
duplicates,0.6,0.6,9,1,M,110.6394
duplicates,0.6,0.6,9,2,M,113.809017
duplicates,0.6,0.6,9,3,M,113.620182
duplicates,0.6,0.6,9,1,H,115.785169
duplicates,0.6,0.6,9,2,H,110.537475
duplicates,0.6,0.6,9,3,H,109.821366
duplicates,0.6,0.6,9,1,R,110.964293
duplicates,0.6,0.6,9,2,R,110.592542
duplicates,0.6,0.6,9,3,R,117.606509
duplicates,0.6,0.6,10,1,I,122.016304
duplicates,0.6,0.6,10,2,I,122.15544
duplicates,0.6,0.6,10,3,I,124.726241
duplicates,0.6,0.6,10,1,Q,111.026363
duplicates,0.6,0.6,10,2,Q,112.639457
duplicates,0.6,0.6,10,3,Q,116.83006
duplicates,0.6,0.6,10,1,M,120.951526
duplicates,0.6,0.6,10,2,M,115.201405
duplicates,0.6,0.6,10,3,M,114.002355
duplicates,0.6,0.6,10,1,H,114.721285
duplicates,0.6,0.6,10,2,H,111.022769
duplicates,0.6,0.6,10,3,H,113.188496
duplicates,0.6,0.6,10,1,R,115.482658
duplicates,0.6,0.6,10,2,R,109.407047
duplicates,0.6,0.6,10,3,R,111.616175
duplicates,0.6,0.6,11,1,I,124.226713
duplicates,0.6,0.6,11,2,I,120.259402
duplicates,0.6,0.6,11,3,I,123.805556
duplicates,0.6,0.6,11,1,Q,113.248618
duplicates,0.6,0.6,11,2,Q,112.051851
duplicates,0.6,0.6,11,3,Q,110.36176
duplicates,0.6,0.6,11,1,M,101.517491
duplicates,0.6,0.6,11,2,M,109.330844
duplicates,0.6,0.6,11,3,M,110.422037
duplicates,0.6,0.6,11,1,H,117.116196
duplicates,0.6,0.6,11,2,H,112.154472
duplicates,0.6,0.6,11,3,H,116.348092
duplicates,0.6,0.6,11,1,R,126.451639
duplicates,0.6,0.6,11,2,R,114.502804
duplicates,0.6,0.6,11,3,R,111.487246
duplicates,0.6,0.6,12,1,I,122.057358
duplicates,0.6,0.6,12,2,I,128.380013
duplicates,0.6,0.6,12,3,I,122.556262
duplicates,0.6,0.6,12,1,Q,115.309147
duplicates,0.6,0.6,12,2,Q,110.331806
duplicates,0.6,0.6,12,3,Q,115.508078
duplicates,0.6,0.6,12,1,M,110.810674
duplicates,0.6,0.6,12,2,M,115.575618
duplicates,0.6,0.6,12,3,M,113.47046
duplicates,0.6,0.6,12,1,H,123.017841
duplicates,0.6,0.6,12,2,H,113.547069
duplicates,0.6,0.6,12,3,H,118.859855
duplicates,0.6,0.6,12,1,R,112.650848
duplicates,0.6,0.6,12,2,R,112.210031
duplicates,0.6,0.6,12,3,R,111.051206
duplicates,0.6,0.6,13,1,I,132.606591
duplicates,0.6,0.6,13,2,I,120.198255
duplicates,0.6,0.6,13,3,I,140.256547
duplicates,0.6,0.6,13,1,Q,113.92215
duplicates,0.6,0.6,13,2,Q,112.283582
duplicates,0.6,0.6,13,3,Q,118.90399
duplicates,0.6,0.6,13,1,M,114.219217
duplicates,0.6,0.6,13,2,M,112.16976
duplicates,0.6,0.6,13,3,M,114.227867
duplicates,0.6,0.6,13,1,H,112.69975
duplicates,0.6,0.6,13,2,H,111.604533
duplicates,0.6,0.6,13,3,H,110.103164
duplicates,0.6,0.6,13,1,R,112.200865
duplicates,0.6,0.6,13,2,R,121.861148
duplicates,0.6,0.6,13,3,R,110.612439
duplicates,0.61,0.61,1,1,I,109.383461
duplicates,0.61,0.61,1,2,I,120.057361
duplicates,0.61,0.61,1,3,I,119.14648
duplicates,0.61,0.61,1,1,Q,116.465052
duplicates,0.61,0.61,1,2,Q,108.362713
duplicates,0.61,0.61,1,3,Q,121.524177
duplicates,0.61,0.61,1,1,M,102.85505
duplicates,0.61,0.61,1,2,M,108.503555
duplicates,0.61,0.61,1,3,M,106.893014
duplicates,0.61,0.61,1,1,H,113.987771
duplicates,0.61,0.61,1,2,H,113.918433
duplicates,0.61,0.61,1,3,H,110.155059
duplicates,0.61,0.61,1,1,R,123.949287
duplicates,0.61,0.61,1,2,R,109.081293
duplicates,0.61,0.61,1,3,R,119.008339
duplicates,0.61,0.61,2,1,I,118.783108
duplicates,0.61,0.61,2,2,I,124.915349
duplicates,0.61,0.61,2,3,I,121.662431
duplicates,0.61,0.61,2,1,Q,110.600799
duplicates,0.61,0.61,2,2,Q,100.464479
duplicates,0.61,0.61,2,3,Q,113.562196
duplicates,0.61,0.61,2,1,M,112.341636
duplicates,0.61,0.61,2,2,M,109.861919
duplicates,0.61,0.61,2,3,M,109.362725
duplicates,0.61,0.61,2,1,H,112.109212
duplicates,0.61,0.61,2,2,H,111.344585
duplicates,0.61,0.61,2,3,H,121.862639
duplicates,0.61,0.61,2,1,R,110.525061
duplicates,0.61,0.61,2,2,R,111.385296
duplicates,0.61,0.61,2,3,R,115.038937
duplicates,0.61,0.61,3,1,I,116.503648
duplicates,0.61,0.61,3,2,I,123.683569
duplicates,0.61,0.61,3,3,I,138.408636
duplicates,0.61,0.61,3,1,Q,109.321776
duplicates,0.61,0.61,3,2,Q,111.344515
duplicates,0.61,0.61,3,3,Q,112.498809
duplicates,0.61,0.61,3,1,M,119.603921
duplicates,0.61,0.61,3,2,M,115.581763
duplicates,0.61,0.61,3,3,M,113.883408
duplicates,0.61,0.61,3,1,H,112.854415
duplicates,0.61,0.61,3,2,H,114.122311
duplicates,0.61,0.61,3,3,H,113.10096
duplicates,0.61,0.61,3,1,R,108.427959
duplicates,0.61,0.61,3,2,R,112.101234
duplicates,0.61,0.61,3,3,R,115.413196
duplicates,0.61,0.61,4,1,I,120.896107
duplicates,0.61,0.61,4,2,I,117.405283
duplicates,0.61,0.61,4,3,I,124.348421
duplicates,0.61,0.61,4,1,Q,114.15434
duplicates,0.61,0.61,4,2,Q,109.467363
duplicates,0.61,0.61,4,3,Q,107.697417
duplicates,0.61,0.61,4,1,M,108.384423
duplicates,0.61,0.61,4,2,M,117.346977
duplicates,0.61,0.61,4,3,M,109.193628
duplicates,0.61,0.61,4,1,H,113.674488
duplicates,0.61,0.61,4,2,H,129.280207
duplicates,0.61,0.61,4,3,H,109.591815
duplicates,0.61,0.61,4,1,R,116.480645
duplicates,0.61,0.61,4,2,R,110.783362
duplicates,0.61,0.61,4,3,R,110.958842
duplicates,0.61,0.61,5,1,I,118.850455
duplicates,0.61,0.61,5,2,I,118.871007
duplicates,0.61,0.61,5,3,I,124.31597
duplicates,0.61,0.61,5,1,Q,111.452189
duplicates,0.61,0.61,5,2,Q,107.648494
duplicates,0.61,0.61,5,3,Q,108.946831
duplicates,0.61,0.61,5,1,M,111.596648
duplicates,0.61,0.61,5,2,M,108.950322
duplicates,0.61,0.61,5,3,M,111.791216
duplicates,0.61,0.61,5,1,H,98.943051
duplicates,0.61,0.61,5,2,H,112.550547
duplicates,0.61,0.61,5,3,H,109.849784
duplicates,0.61,0.61,5,1,R,109.310904
duplicates,0.61,0.61,5,2,R,117.353881
duplicates,0.61,0.61,5,3,R,116.327805
duplicates,0.61,0.61,6,1,I,124.526536
duplicates,0.61,0.61,6,2,I,117.960649
duplicates,0.61,0.61,6,3,I,121.912358
duplicates,0.61,0.61,6,1,Q,110.73493
duplicates,0.61,0.61,6,2,Q,112.152803
duplicates,0.61,0.61,6,3,Q,111.480264
duplicates,0.61,0.61,6,1,M,110.502696
duplicates,0.61,0.61,6,2,M,107.619778
duplicates,0.61,0.61,6,3,M,110.671734
duplicates,0.61,0.61,6,1,H,109.824452
duplicates,0.61,0.61,6,2,H,110.053056
duplicates,0.61,0.61,6,3,H,114.104264
duplicates,0.61,0.61,6,1,R,109.561996
duplicates,0.61,0.61,6,2,R,110.340926
duplicates,0.61,0.61,6,3,R,107.771254
duplicates,0.61,0.61,7,1,I,126.741122
duplicates,0.61,0.61,7,2,I,116.629546
duplicates,0.61,0.61,7,3,I,117.974694
duplicates,0.61,0.61,7,1,Q,108.458133
duplicates,0.61,0.61,7,2,Q,112.385023
duplicates,0.61,0.61,7,3,Q,109.458487
duplicates,0.61,0.61,7,1,M,106.882687
duplicates,0.61,0.61,7,2,M,113.970278
duplicates,0.61,0.61,7,3,M,109.217106
duplicates,0.61,0.61,7,1,H,127.001017
duplicates,0.61,0.61,7,2,H,113.089534
duplicates,0.61,0.61,7,3,H,113.843086
duplicates,0.61,0.61,7,1,R,108.320655
duplicates,0.61,0.61,7,2,R,110.500472
duplicates,0.61,0.61,7,3,R,110.120279
duplicates,0.61,0.61,8,1,I,121.233437
duplicates,0.61,0.61,8,2,I,118.438402
duplicates,0.61,0.61,8,3,I,123.762322
duplicates,0.61,0.61,8,1,Q,116.433992
duplicates,0.61,0.61,8,2,Q,119.344138
duplicates,0.61,0.61,8,3,Q,108.865072
duplicates,0.61,0.61,8,1,M,121.207476
duplicates,0.61,0.61,8,2,M,109.207951
duplicates,0.61,0.61,8,3,M,108.918982
duplicates,0.61,0.61,8,1,H,111.202819
duplicates,0.61,0.61,8,2,H,110.144752
duplicates,0.61,0.61,8,3,H,108.795157
duplicates,0.61,0.61,8,1,R,107.584784
duplicates,0.61,0.61,8,2,R,112.360343
duplicates,0.61,0.61,8,3,R,111.627837
duplicates,0.62,0.62,1,1,I,122.751521
duplicates,0.62,0.62,1,2,I,126.311681
duplicates,0.62,0.62,1,3,I,116.641496
duplicates,0.62,0.62,1,1,Q,109.756986
duplicates,0.62,0.62,1,2,Q,109.547548
duplicates,0.62,0.62,1,3,Q,107.151427
duplicates,0.62,0.62,1,1,M,108.972058
duplicates,0.62,0.62,1,2,M,106.104402
duplicates,0.62,0.62,1,3,M,110.13034
duplicates,0.62,0.62,1,1,H,116.671978
duplicates,0.62,0.62,1,2,H,114.912389
duplicates,0.62,0.62,1,3,H,109.946248
duplicates,0.62,0.62,1,1,R,109.56838
duplicates,0.62,0.62,1,2,R,111.308166
duplicates,0.62,0.62,1,3,R,108.092017
duplicates,0.62,0.62,2,1,I,118.251543
duplicates,0.62,0.62,2,2,I,120.989449
duplicates,0.62,0.62,2,3,I,119.46602
duplicates,0.62,0.62,2,1,Q,116.236925
duplicates,0.62,0.62,2,2,Q,113.853985
duplicates,0.62,0.62,2,3,Q,115.770249
duplicates,0.62,0.62,2,1,M,109.280245
duplicates,0.62,0.62,2,2,M,110.859674
duplicates,0.62,0.62,2,3,M,128.897353
duplicates,0.62,0.62,2,1,H,112.585021
duplicates,0.62,0.62,2,2,H,109.872543
duplicates,0.62,0.62,2,3,H,108.809128
duplicates,0.62,0.62,2,1,R,111.513283
duplicates,0.62,0.62,2,2,R,108.990829
duplicates,0.62,0.62,2,3,R,112.899683
duplicates,0.62,0.62,3,1,I,117.872711
duplicates,0.62,0.62,3,2,I,120.397563
duplicates,0.62,0.62,3,3,I,119.50785
duplicates,0.62,0.62,3,1,Q,108.977831
duplicates,0.62,0.62,3,2,Q,110.871146
duplicates,0.62,0.62,3,3,Q,112.92449
duplicates,0.62,0.62,3,1,M,107.562222
duplicates,0.62,0.62,3,2,M,122.770888
duplicates,0.62,0.62,3,3,M,120.698591
duplicates,0.62,0.62,3,1,H,118.893963
duplicates,0.62,0.62,3,2,H,115.897574
duplicates,0.62,0.62,3,3,H,111.559296
duplicates,0.62,0.62,3,1,R,118.601235
duplicates,0.62,0.62,3,2,R,117.792633
duplicates,0.62,0.62,3,3,R,110.196619
duplicates,0.62,0.62,4,1,I,124.529235
duplicates,0.62,0.62,4,2,I,123.200552
duplicates,0.62,0.62,4,3,I,122.583596
duplicates,0.62,0.62,4,1,Q,106.936976
duplicates,0.62,0.62,4,2,Q,108.753898
duplicates,0.62,0.62,4,3,Q,111.45413
duplicates,0.62,0.62,4,1,M,108.280902
duplicates,0.62,0.62,4,2,M,111.736876
duplicates,0.62,0.62,4,3,M,116.444007
duplicates,0.62,0.62,4,1,H,114.593539
duplicates,0.62,0.62,4,2,H,117.896547
duplicates,0.62,0.62,4,3,H,113.189836
duplicates,0.62,0.62,4,1,R,108.496373
duplicates,0.62,0.62,4,2,R,115.906131
duplicates,0.62,0.62,4,3,R,111.703265
duplicates,0.62,0.62,5,1,I,133.061195
duplicates,0.62,0.62,5,2,I,119.827307
duplicates,0.62,0.62,5,3,I,128.212227
duplicates,0.62,0.62,5,1,Q,115.463175
duplicates,0.62,0.62,5,2,Q,115.270478
duplicates,0.62,0.62,5,3,Q,116.471347
duplicates,0.62,0.62,5,1,M,139.598796
duplicates,0.62,0.62,5,2,M,122.399599
duplicates,0.62,0.62,5,3,M,120.401689
duplicates,0.62,0.62,5,1,H,115.433301
duplicates,0.62,0.62,5,2,H,128.042481
duplicates,0.62,0.62,5,3,H,119.046468
duplicates,0.62,0.62,5,1,R,113.722485
duplicates,0.62,0.62,5,2,R,115.334642
duplicates,0.62,0.62,5,3,R,101.162068
duplicates,0.62,0.62,6,1,I,131.220541
duplicates,0.62,0.62,6,2,I,123.936746
duplicates,0.62,0.62,6,3,I,121.225093
duplicates,0.62,0.62,6,1,Q,109.503275
duplicates,0.62,0.62,6,2,Q,111.983939
duplicates,0.62,0.62,6,3,Q,114.355386
duplicates,0.62,0.62,6,1,M,115.564626
duplicates,0.62,0.62,6,2,M,118.796182
duplicates,0.62,0.62,6,3,M,114.656553
duplicates,0.62,0.62,6,1,H,107.088916
duplicates,0.62,0.62,6,2,H,113.935578
duplicates,0.62,0.62,6,3,H,121.49385
duplicates,0.62,0.62,6,1,R,125.603442
duplicates,0.62,0.62,6,2,R,115.447427
duplicates,0.62,0.62,6,3,R,114.488823
duplicates,0.62,0.62,7,1,I,118.882152
duplicates,0.62,0.62,7,2,I,124.051355
duplicates,0.62,0.62,7,3,I,118.301128
duplicates,0.62,0.62,7,1,Q,108.498026
duplicates,0.62,0.62,7,2,Q,107.504573
duplicates,0.62,0.62,7,3,Q,112.756737
duplicates,0.62,0.62,7,1,M,112.916797
duplicates,0.62,0.62,7,2,M,111.585273
duplicates,0.62,0.62,7,3,M,109.062341
duplicates,0.62,0.62,7,1,H,107.631247
duplicates,0.62,0.62,7,2,H,108.34438
duplicates,0.62,0.62,7,3,H,112.422442
duplicates,0.62,0.62,7,1,R,108.499361
duplicates,0.62,0.62,7,2,R,117.262342
duplicates,0.62,0.62,7,3,R,115.181282
duplicates,0.62,0.62,8,1,I,125.711464
duplicates,0.62,0.62,8,2,I,129.074308
duplicates,0.62,0.62,8,3,I,117.383479
duplicates,0.62,0.62,8,1,Q,110.620964
duplicates,0.62,0.62,8,2,Q,128.828546
duplicates,0.62,0.62,8,3,Q,111.298189
duplicates,0.62,0.62,8,1,M,109.731761
duplicates,0.62,0.62,8,2,M,115.22146
duplicates,0.62,0.62,8,3,M,117.093627
duplicates,0.62,0.62,8,1,H,110.884878
duplicates,0.62,0.62,8,2,H,109.806401
duplicates,0.62,0.62,8,3,H,110.261601
duplicates,0.62,0.62,8,1,R,110.656006
duplicates,0.62,0.62,8,2,R,139.604259
duplicates,0.62,0.62,8,3,R,110.77331
duplicates,0.63,0.63,1,1,I,130.757558
duplicates,0.63,0.63,1,2,I,123.048346
duplicates,0.63,0.63,1,3,I,120.405097
duplicates,0.63,0.63,1,1,Q,121.422676
duplicates,0.63,0.63,1,2,Q,114.881171
duplicates,0.63,0.63,1,3,Q,101.812015
duplicates,0.63,0.63,1,1,M,117.730042
duplicates,0.63,0.63,1,2,M,120.851246
duplicates,0.63,0.63,1,3,M,148.360825
duplicates,0.63,0.63,1,1,H,115.535299
duplicates,0.63,0.63,1,2,H,115.227993
duplicates,0.63,0.63,1,3,H,117.758102
duplicates,0.63,0.63,1,1,R,122.446037
duplicates,0.63,0.63,1,2,R,119.934224
duplicates,0.63,0.63,1,3,R,114.777122
duplicates,0.63,0.63,2,1,I,126.354344
duplicates,0.63,0.63,2,2,I,318.052524
duplicates,0.63,0.63,2,3,I,119.63757
duplicates,0.63,0.63,2,1,Q,114.617837
duplicates,0.63,0.63,2,2,Q,111.27937
duplicates,0.63,0.63,2,3,Q,110.521634
duplicates,0.63,0.63,2,1,M,112.781633
duplicates,0.63,0.63,2,2,M,108.593031
duplicates,0.63,0.63,2,3,M,107.690142
duplicates,0.63,0.63,2,1,H,119.343652
duplicates,0.63,0.63,2,2,H,113.951521
duplicates,0.63,0.63,2,3,H,121.39875
duplicates,0.63,0.63,2,1,R,115.511739
duplicates,0.63,0.63,2,2,R,111.651598
duplicates,0.63,0.63,2,3,R,113.344544
duplicates,0.63,0.63,3,1,I,140.665884
duplicates,0.63,0.63,3,2,I,121.418242
duplicates,0.63,0.63,3,3,I,119.946843
duplicates,0.63,0.63,3,1,Q,113.085382
duplicates,0.63,0.63,3,2,Q,114.182121
duplicates,0.63,0.63,3,3,Q,115.332022
duplicates,0.63,0.63,3,1,M,109.486382
duplicates,0.63,0.63,3,2,M,111.816404
duplicates,0.63,0.63,3,3,M,114.703055
duplicates,0.63,0.63,3,1,H,108.976024
duplicates,0.63,0.63,3,2,H,110.963692
duplicates,0.63,0.63,3,3,H,119.530118
duplicates,0.63,0.63,3,1,R,108.618606
duplicates,0.63,0.63,3,2,R,108.666885
duplicates,0.63,0.63,3,3,R,108.923587
duplicates,0.63,0.63,4,1,I,120.701287
duplicates,0.63,0.63,4,2,I,117.248099
duplicates,0.63,0.63,4,3,I,130.033617
duplicates,0.63,0.63,4,1,Q,110.970322
duplicates,0.63,0.63,4,2,Q,107.96389
duplicates,0.63,0.63,4,3,Q,126.15496
duplicates,0.63,0.63,4,1,M,111.592773
duplicates,0.63,0.63,4,2,M,118.791643
duplicates,0.63,0.63,4,3,M,110.219518
duplicates,0.63,0.63,4,1,H,110.015797
duplicates,0.63,0.63,4,2,H,131.848698
duplicates,0.63,0.63,4,3,H,109.994329
duplicates,0.63,0.63,4,1,R,124.887165
duplicates,0.63,0.63,4,2,R,114.065216
duplicates,0.63,0.63,4,3,R,116.148286
duplicates,0.63,0.63,5,1,I,119.955442
duplicates,0.63,0.63,5,2,I,119.346214
duplicates,0.63,0.63,5,3,I,126.298734
duplicates,0.63,0.63,5,1,Q,112.893013
duplicates,0.63,0.63,5,2,Q,117.478034
duplicates,0.63,0.63,5,3,Q,112.730461
duplicates,0.63,0.63,5,1,M,122.281648
duplicates,0.63,0.63,5,2,M,127.246839
duplicates,0.63,0.63,5,3,M,116.477848
duplicates,0.63,0.63,5,1,H,110.854633
duplicates,0.63,0.63,5,2,H,111.028771
duplicates,0.63,0.63,5,3,H,119.585826
duplicates,0.63,0.63,5,1,R,121.941825
duplicates,0.63,0.63,5,2,R,144.741252
duplicates,0.63,0.63,5,3,R,110.820659
duplicates,0.63,0.63,6,1,I,129.033307
duplicates,0.63,0.63,6,2,I,123.901729
duplicates,0.63,0.63,6,3,I,124.814695
duplicates,0.63,0.63,6,1,Q,117.919157
duplicates,0.63,0.63,6,2,Q,117.112195
duplicates,0.63,0.63,6,3,Q,113.079849
duplicates,0.63,0.63,6,1,M,111.760998
duplicates,0.63,0.63,6,2,M,122.381886
duplicates,0.63,0.63,6,3,M,113.088173
duplicates,0.63,0.63,6,1,H,119.494444
duplicates,0.63,0.63,6,2,H,114.855231
duplicates,0.63,0.63,6,3,H,112.341036
duplicates,0.63,0.63,6,1,R,111.045033
duplicates,0.63,0.63,6,2,R,111.473905
duplicates,0.63,0.63,6,3,R,129.409902
duplicates,0.63,0.63,7,1,I,122.157473
duplicates,0.63,0.63,7,2,I,124.489257
duplicates,0.63,0.63,7,3,I,133.080891
duplicates,0.63,0.63,7,1,Q,109.584435
duplicates,0.63,0.63,7,2,Q,109.667615
duplicates,0.63,0.63,7,3,Q,114.885056
duplicates,0.63,0.63,7,1,M,109.819693
duplicates,0.63,0.63,7,2,M,113.842816
duplicates,0.63,0.63,7,3,M,110.893302
duplicates,0.63,0.63,7,1,H,141.455585
duplicates,0.63,0.63,7,2,H,116.686921
duplicates,0.63,0.63,7,3,H,111.445128
duplicates,0.63,0.63,7,1,R,106.982557
duplicates,0.63,0.63,7,2,R,123.599809
duplicates,0.63,0.63,7,3,R,114.718394
duplicates,0.63,0.63,8,1,I,129.319865
duplicates,0.63,0.63,8,2,I,121.083554
duplicates,0.63,0.63,8,3,I,115.626249
duplicates,0.63,0.63,8,1,Q,123.691237
duplicates,0.63,0.63,8,2,Q,110.570619
duplicates,0.63,0.63,8,3,Q,111.797407
duplicates,0.63,0.63,8,1,M,121.184096
duplicates,0.63,0.63,8,2,M,112.061196
duplicates,0.63,0.63,8,3,M,113.377505
duplicates,0.63,0.63,8,1,H,119.791732
duplicates,0.63,0.63,8,2,H,133.998857
duplicates,0.63,0.63,8,3,H,117.400492
duplicates,0.63,0.63,8,1,R,109.907216
duplicates,0.63,0.63,8,2,R,111.524047
duplicates,0.63,0.63,8,3,R,111.721558
duplicates,0.63,0.63,9,1,I,116.61021
duplicates,0.63,0.63,9,2,I,119.892211
duplicates,0.63,0.63,9,3,I,123.246185
duplicates,0.63,0.63,9,1,Q,110.170881
duplicates,0.63,0.63,9,2,Q,114.81047
duplicates,0.63,0.63,9,3,Q,126.769018
duplicates,0.63,0.63,9,1,M,117.956094
duplicates,0.63,0.63,9,2,M,116.451952
duplicates,0.63,0.63,9,3,M,110.127691
duplicates,0.63,0.63,9,1,H,110.213649
duplicates,0.63,0.63,9,2,H,112.227459
duplicates,0.63,0.63,9,3,H,120.599449
duplicates,0.63,0.63,9,1,R,116.167257
duplicates,0.63,0.63,9,2,R,109.473423
duplicates,0.63,0.63,9,3,R,109.241918
duplicates,0.63,0.63,10,1,I,118.374245
duplicates,0.63,0.63,10,2,I,119.818423
duplicates,0.63,0.63,10,3,I,119.769591
duplicates,0.63,0.63,10,1,Q,106.775533
duplicates,0.63,0.63,10,2,Q,112.207834
duplicates,0.63,0.63,10,3,Q,113.790166
duplicates,0.63,0.63,10,1,M,110.752804
duplicates,0.63,0.63,10,2,M,109.369379
duplicates,0.63,0.63,10,3,M,111.154715
duplicates,0.63,0.63,10,1,H,100.069779
duplicates,0.63,0.63,10,2,H,115.087422
duplicates,0.63,0.63,10,3,H,108.002939
duplicates,0.63,0.63,10,1,R,107.525525
duplicates,0.63,0.63,10,2,R,114.248693
duplicates,0.63,0.63,10,3,R,113.557491
duplicates,0.63,0.63,11,1,I,119.040926
duplicates,0.63,0.63,11,2,I,120.719736
duplicates,0.63,0.63,11,3,I,120.11207
duplicates,0.63,0.63,11,1,Q,107.807769
duplicates,0.63,0.63,11,2,Q,107.287359
duplicates,0.63,0.63,11,3,Q,108.78468
duplicates,0.63,0.63,11,1,M,108.860098
duplicates,0.63,0.63,11,2,M,112.620301
duplicates,0.63,0.63,11,3,M,110.812252
duplicates,0.63,0.63,11,1,H,131.44732
duplicates,0.63,0.63,11,2,H,108.252206
duplicates,0.63,0.63,11,3,H,109.14995
duplicates,0.63,0.63,11,1,R,108.131076
duplicates,0.63,0.63,11,2,R,107.810815
duplicates,0.63,0.63,11,3,R,117.774838
duplicates,0.63,0.63,12,1,I,113.890964
duplicates,0.63,0.63,12,2,I,123.75882
duplicates,0.63,0.63,12,3,I,131.685904
duplicates,0.63,0.63,12,1,Q,110.412134
duplicates,0.63,0.63,12,2,Q,100.96168
duplicates,0.63,0.63,12,3,Q,109.206076
duplicates,0.63,0.63,12,1,M,114.777205
duplicates,0.63,0.63,12,2,M,114.880786
duplicates,0.63,0.63,12,3,M,112.888187
duplicates,0.63,0.63,12,1,H,118.927989
duplicates,0.63,0.63,12,2,H,114.318703
duplicates,0.63,0.63,12,3,H,113.008913
duplicates,0.63,0.63,12,1,R,115.837334
duplicates,0.63,0.63,12,2,R,117.340189
duplicates,0.63,0.63,12,3,R,111.954208
duplicates,0.63,0.63,13,1,I,134.4186
duplicates,0.63,0.63,13,2,I,127.123511
duplicates,0.63,0.63,13,3,I,119.841738
duplicates,0.63,0.63,13,1,Q,110.973304
duplicates,0.63,0.63,13,2,Q,112.75396
duplicates,0.63,0.63,13,3,Q,112.912629
duplicates,0.63,0.63,13,1,M,101.777436
duplicates,0.63,0.63,13,2,M,112.21541
duplicates,0.63,0.63,13,3,M,110.207166
duplicates,0.63,0.63,13,1,H,109.462524
duplicates,0.63,0.63,13,2,H,109.432057
duplicates,0.63,0.63,13,3,H,118.995331
duplicates,0.63,0.63,13,1,R,112.886996
duplicates,0.63,0.63,13,2,R,116.198415
duplicates,0.63,0.63,13,3,R,114.482247
duplicates,0.63,0.63,14,1,I,123.635742
duplicates,0.63,0.63,14,2,I,120.172658
duplicates,0.63,0.63,14,3,I,122.442725
duplicates,0.63,0.63,14,1,Q,118.450819
duplicates,0.63,0.63,14,2,Q,118.908345
duplicates,0.63,0.63,14,3,Q,112.830684
duplicates,0.63,0.63,14,1,M,112.120223
duplicates,0.63,0.63,14,2,M,134.855635
duplicates,0.63,0.63,14,3,M,112.57438
duplicates,0.63,0.63,14,1,H,111.422279
duplicates,0.63,0.63,14,2,H,114.95516
duplicates,0.63,0.63,14,3,H,122.284311
duplicates,0.63,0.63,14,1,R,109.80073
duplicates,0.63,0.63,14,2,R,113.794152
duplicates,0.63,0.63,14,3,R,117.335944
duplicates,0.63,0.63,15,1,I,117.296468
duplicates,0.63,0.63,15,2,I,126.020093
duplicates,0.63,0.63,15,3,I,122.451259
duplicates,0.63,0.63,15,1,Q,119.128425
duplicates,0.63,0.63,15,2,Q,113.277409
duplicates,0.63,0.63,15,3,Q,115.1479
duplicates,0.63,0.63,15,1,M,115.76124
duplicates,0.63,0.63,15,2,M,113.979492
duplicates,0.63,0.63,15,3,M,115.101521
duplicates,0.63,0.63,15,1,H,115.921916
duplicates,0.63,0.63,15,2,H,117.47382
duplicates,0.63,0.63,15,3,H,114.000422
duplicates,0.63,0.63,15,1,R,110.778675
duplicates,0.63,0.63,15,2,R,110.802767
duplicates,0.63,0.63,15,3,R,120.350565
duplicates,0.63,0.63,16,1,I,134.231823
duplicates,0.63,0.63,16,2,I,125.355694
duplicates,0.63,0.63,16,3,I,126.91253
duplicates,0.63,0.63,16,1,Q,112.390783
duplicates,0.63,0.63,16,2,Q,114.033476
duplicates,0.63,0.63,16,3,Q,109.187692
duplicates,0.63,0.63,16,1,M,113.402295
duplicates,0.63,0.63,16,2,M,112.609394
duplicates,0.63,0.63,16,3,M,110.180496
duplicates,0.63,0.63,16,1,H,111.180223
duplicates,0.63,0.63,16,2,H,112.207733
duplicates,0.63,0.63,16,3,H,110.786312
duplicates,0.63,0.63,16,1,R,112.903646
duplicates,0.63,0.63,16,2,R,113.536078
duplicates,0.63,0.63,16,3,R,110.210996
duplicates,0.63,0.63,17,1,I,119.449827
duplicates,0.63,0.63,17,2,I,123.232023
duplicates,0.63,0.63,17,3,I,120.759473
duplicates,0.63,0.63,17,1,Q,113.002322
duplicates,0.63,0.63,17,2,Q,106.891629
duplicates,0.63,0.63,17,3,Q,124.808935
duplicates,0.63,0.63,17,1,M,109.438973
duplicates,0.63,0.63,17,2,M,112.702345
duplicates,0.63,0.63,17,3,M,115.193247
duplicates,0.63,0.63,17,1,H,112.403332
duplicates,0.63,0.63,17,2,H,117.16241
duplicates,0.63,0.63,17,3,H,113.698629
duplicates,0.63,0.63,17,1,R,114.952966
duplicates,0.63,0.63,17,2,R,119.803639
duplicates,0.63,0.63,17,3,R,115.881983
duplicates,0.63,0.63,18,1,I,133.959826
duplicates,0.63,0.63,18,2,I,122.186693
duplicates,0.63,0.63,18,3,I,124.712002
duplicates,0.63,0.63,18,1,Q,112.468132
duplicates,0.63,0.63,18,2,Q,111.962406
duplicates,0.63,0.63,18,3,Q,113.312353
duplicates,0.63,0.63,18,1,M,112.644826
duplicates,0.63,0.63,18,2,M,150.395313
duplicates,0.63,0.63,18,3,M,126.99312
duplicates,0.63,0.63,18,1,H,126.203694
duplicates,0.63,0.63,18,2,H,122.983179
duplicates,0.63,0.63,18,3,H,125.81419
duplicates,0.63,0.63,18,1,R,120.772345
duplicates,0.63,0.63,18,2,R,111.210255
duplicates,0.63,0.63,18,3,R,111.535686
duplicates,0.63,0.63,19,1,I,133.967114
duplicates,0.63,0.63,19,2,I,129.025634
duplicates,0.63,0.63,19,3,I,110.533927
duplicates,0.63,0.63,19,1,Q,114.567541
duplicates,0.63,0.63,19,2,Q,125.166239
duplicates,0.63,0.63,19,3,Q,120.065502
duplicates,0.63,0.63,19,1,M,104.669729
duplicates,0.63,0.63,19,2,M,113.534659
duplicates,0.63,0.63,19,3,M,101.223642
duplicates,0.63,0.63,19,1,H,111.677912
duplicates,0.63,0.63,19,2,H,113.50924
duplicates,0.63,0.63,19,3,H,120.543713
duplicates,0.63,0.63,19,1,R,113.462444
duplicates,0.63,0.63,19,2,R,114.522854
duplicates,0.63,0.63,19,3,R,112.398691
duplicates,0.63,0.63,20,1,I,129.749986
duplicates,0.63,0.63,20,2,I,117.551668
duplicates,0.63,0.63,20,3,I,138.711612
duplicates,0.63,0.63,20,1,Q,119.082734
duplicates,0.63,0.63,20,2,Q,112.576056
duplicates,0.63,0.63,20,3,Q,123.648796
duplicates,0.63,0.63,20,1,M,111.767478
duplicates,0.63,0.63,20,2,M,111.48962
duplicates,0.63,0.63,20,3,M,120.960215
duplicates,0.63,0.63,20,1,H,115.082246
duplicates,0.63,0.63,20,2,H,134.544427
duplicates,0.63,0.63,20,3,H,113.771563
duplicates,0.63,0.63,20,1,R,112.468826
duplicates,0.63,0.63,20,2,R,125.796457
duplicates,0.63,0.63,20,3,R,117.302648
duplicates,0.63,0.63,21,1,I,136.342401
duplicates,0.63,0.63,21,2,I,126.804482
duplicates,0.63,0.63,21,3,I,112.886772
duplicates,0.63,0.63,21,1,Q,113.546192
duplicates,0.63,0.63,21,2,Q,115.077388
duplicates,0.63,0.63,21,3,Q,122.946613
duplicates,0.63,0.63,21,1,M,131.097968
duplicates,0.63,0.63,21,2,M,126.161526
duplicates,0.63,0.63,21,3,M,128.495214
duplicates,0.63,0.63,21,1,H,121.725126
duplicates,0.63,0.63,21,2,H,124.624513
duplicates,0.63,0.63,21,3,H,112.711538
duplicates,0.63,0.63,21,1,R,116.671083
duplicates,0.63,0.63,21,2,R,111.198564
duplicates,0.63,0.63,21,3,R,111.307535
duplicates,0.64,0.64,1,1,I,124.626795
duplicates,0.64,0.64,1,2,I,136.746962
duplicates,0.64,0.64,1,3,I,132.416316
duplicates,0.64,0.64,1,1,Q,120.408
duplicates,0.64,0.64,1,2,Q,107.048402
duplicates,0.64,0.64,1,3,Q,112.181296
duplicates,0.64,0.64,1,1,M,120.450866
duplicates,0.64,0.64,1,2,M,109.917196
duplicates,0.64,0.64,1,3,M,110.932811
duplicates,0.64,0.64,1,1,H,124.136943
duplicates,0.64,0.64,1,2,H,113.482992
duplicates,0.64,0.64,1,3,H,124.524996
duplicates,0.64,0.64,1,1,R,120.074705
duplicates,0.64,0.64,1,2,R,108.836633
duplicates,0.64,0.64,1,3,R,123.563041
duplicates,0.64,0.64,2,1,I,129.463905
duplicates,0.64,0.64,2,2,I,127.244908
duplicates,0.64,0.64,2,3,I,122.009918
duplicates,0.64,0.64,2,1,Q,118.158478
duplicates,0.64,0.64,2,2,Q,115.439342
duplicates,0.64,0.64,2,3,Q,122.64772
duplicates,0.64,0.64,2,1,M,117.82399
duplicates,0.64,0.64,2,2,M,130.111301
duplicates,0.64,0.64,2,3,M,114.334797
duplicates,0.64,0.64,2,1,H,118.878734
duplicates,0.64,0.64,2,2,H,113.586994
duplicates,0.64,0.64,2,3,H,137.765752
duplicates,0.64,0.64,2,1,R,116.047676
duplicates,0.64,0.64,2,2,R,127.329203
duplicates,0.64,0.64,2,3,R,122.948821
duplicates,0.64,0.64,3,1,I,136.483269
duplicates,0.64,0.64,3,2,I,144.912514
duplicates,0.64,0.64,3,3,I,132.647006
duplicates,0.64,0.64,3,1,Q,121.643074
duplicates,0.64,0.64,3,2,Q,112.733616
duplicates,0.64,0.64,3,3,Q,116.617578
duplicates,0.64,0.64,3,1,M,154.824793
duplicates,0.64,0.64,3,2,M,148.49269
duplicates,0.64,0.64,3,3,M,114.055458
duplicates,0.64,0.64,3,1,H,113.887892
duplicates,0.64,0.64,3,2,H,118.056274
duplicates,0.64,0.64,3,3,H,117.83905
duplicates,0.64,0.64,3,1,R,121.077866
duplicates,0.64,0.64,3,2,R,117.739786
duplicates,0.64,0.64,3,3,R,115.491682
duplicates,0.64,0.64,4,1,I,140.687446
duplicates,0.64,0.64,4,2,I,138.800314
duplicates,0.64,0.64,4,3,I,127.688545
duplicates,0.64,0.64,4,1,Q,114.41858
duplicates,0.64,0.64,4,2,Q,119.071194
duplicates,0.64,0.64,4,3,Q,115.997449
duplicates,0.64,0.64,4,1,M,159.742078
duplicates,0.64,0.64,4,2,M,121.214208
duplicates,0.64,0.64,4,3,M,110.8792
duplicates,0.64,0.64,4,1,H,141.710617
duplicates,0.64,0.64,4,2,H,121.653552
duplicates,0.64,0.64,4,3,H,112.045367
duplicates,0.64,0.64,4,1,R,114.06532
duplicates,0.64,0.64,4,2,R,121.988315
duplicates,0.64,0.64,4,3,R,116.528302
duplicates,0.64,0.64,5,1,I,127.767881
duplicates,0.64,0.64,5,2,I,126.876733
duplicates,0.64,0.64,5,3,I,113.782794
duplicates,0.64,0.64,5,1,Q,120.393891
duplicates,0.64,0.64,5,2,Q,123.933647
duplicates,0.64,0.64,5,3,Q,118.644559
duplicates,0.64,0.64,5,1,M,125.234323
duplicates,0.64,0.64,5,2,M,113.160497
duplicates,0.64,0.64,5,3,M,109.974172
duplicates,0.64,0.64,5,1,H,118.322257
duplicates,0.64,0.64,5,2,H,116.760872
duplicates,0.64,0.64,5,3,H,119.536806
duplicates,0.64,0.64,5,1,R,112.493722
duplicates,0.64,0.64,5,2,R,110.050499
duplicates,0.64,0.64,5,3,R,114.847965
duplicates,0.64,0.64,6,1,I,123.428547
duplicates,0.64,0.64,6,2,I,119.770126
duplicates,0.64,0.64,6,3,I,124.575915
duplicates,0.64,0.64,6,1,Q,116.181172
duplicates,0.64,0.64,6,2,Q,115.625584
duplicates,0.64,0.64,6,3,Q,112.840272
duplicates,0.64,0.64,6,1,M,116.686634
duplicates,0.64,0.64,6,2,M,115.50035
duplicates,0.64,0.64,6,3,M,114.552691
duplicates,0.64,0.64,6,1,H,116.554572
duplicates,0.64,0.64,6,2,H,109.75163
duplicates,0.64,0.64,6,3,H,127.354412
duplicates,0.64,0.64,6,1,R,122.134571
duplicates,0.64,0.64,6,2,R,112.049915
duplicates,0.64,0.64,6,3,R,119.944099
duplicates,0.64,0.64,7,1,I,125.233127
duplicates,0.64,0.64,7,2,I,129.897666
duplicates,0.64,0.64,7,3,I,120.656024
duplicates,0.64,0.64,7,1,Q,115.73495
duplicates,0.64,0.64,7,2,Q,109.196015
duplicates,0.64,0.64,7,3,Q,110.839516
duplicates,0.64,0.64,7,1,M,119.14126
duplicates,0.64,0.64,7,2,M,114.429244
duplicates,0.64,0.64,7,3,M,110.465792
duplicates,0.64,0.64,7,1,H,120.883374
duplicates,0.64,0.64,7,2,H,114.204841
duplicates,0.64,0.64,7,3,H,114.611042
duplicates,0.64,0.64,7,1,R,105.911673
duplicates,0.64,0.64,7,2,R,115.259836
duplicates,0.64,0.64,7,3,R,108.136795
duplicates,0.64,0.64,8,1,I,121.523776
duplicates,0.64,0.64,8,2,I,124.163131
duplicates,0.64,0.64,8,3,I,119.361086
duplicates,0.64,0.64,8,1,Q,113.612929
duplicates,0.64,0.64,8,2,Q,108.48786
duplicates,0.64,0.64,8,3,Q,123.811792
duplicates,0.64,0.64,8,1,M,114.752081
duplicates,0.64,0.64,8,2,M,113.259858
duplicates,0.64,0.64,8,3,M,119.375432
duplicates,0.64,0.64,8,1,H,119.58705
duplicates,0.64,0.64,8,2,H,124.754583
duplicates,0.64,0.64,8,3,H,113.87197
duplicates,0.64,0.64,8,1,R,117.779924
duplicates,0.64,0.64,8,2,R,112.407993
duplicates,0.64,0.64,8,3,R,114.272801
duplicates,0.64,0.64,9,1,I,123.753459
duplicates,0.64,0.64,9,2,I,126.482348
duplicates,0.64,0.64,9,3,I,124.287709
duplicates,0.64,0.64,9,1,Q,110.409924
duplicates,0.64,0.64,9,2,Q,113.455301
duplicates,0.64,0.64,9,3,Q,113.112389
duplicates,0.64,0.64,9,1,M,111.434275
duplicates,0.64,0.64,9,2,M,111.339917
duplicates,0.64,0.64,9,3,M,113.115459
duplicates,0.64,0.64,9,1,H,112.451892
duplicates,0.64,0.64,9,2,H,113.176462
duplicates,0.64,0.64,9,3,H,115.908187
duplicates,0.64,0.64,9,1,R,113.780958
duplicates,0.64,0.64,9,2,R,111.309832
duplicates,0.64,0.64,9,3,R,112.069973
duplicates,0.65,0.65,1,1,I,126.548116
duplicates,0.65,0.65,1,2,I,118.861761
duplicates,0.65,0.65,1,3,I,120.875624
duplicates,0.65,0.65,1,1,Q,115.43918
duplicates,0.65,0.65,1,2,Q,130.232015
duplicates,0.65,0.65,1,3,Q,124.362558
duplicates,0.65,0.65,1,1,M,113.115626
duplicates,0.65,0.65,1,2,M,111.656331
duplicates,0.65,0.65,1,3,M,113.906852
duplicates,0.65,0.65,1,1,H,114.311596
duplicates,0.65,0.65,1,2,H,109.05463
duplicates,0.65,0.65,1,3,H,111.056534
duplicates,0.65,0.65,1,1,R,113.21067
duplicates,0.65,0.65,1,2,R,109.750605
duplicates,0.65,0.65,1,3,R,114.068267
duplicates,0.65,0.65,2,1,I,122.798981
duplicates,0.65,0.65,2,2,I,123.852926
duplicates,0.65,0.65,2,3,I,121.078321
duplicates,0.65,0.65,2,1,Q,116.184706
duplicates,0.65,0.65,2,2,Q,112.722687
duplicates,0.65,0.65,2,3,Q,114.853361
duplicates,0.65,0.65,2,1,M,168.177768
duplicates,0.65,0.65,2,2,M,114.173466
duplicates,0.65,0.65,2,3,M,112.128775
duplicates,0.65,0.65,2,1,H,107.167642
duplicates,0.65,0.65,2,2,H,116.977837
duplicates,0.65,0.65,2,3,H,112.111207
duplicates,0.65,0.65,2,1,R,113.575661
duplicates,0.65,0.65,2,2,R,108.439721
duplicates,0.65,0.65,2,3,R,100.157
duplicates,0.65,0.65,3,1,I,119.992659
duplicates,0.65,0.65,3,2,I,122.090327
duplicates,0.65,0.65,3,3,I,120.415893
duplicates,0.65,0.65,3,1,Q,111.877284
duplicates,0.65,0.65,3,2,Q,112.741831
duplicates,0.65,0.65,3,3,Q,110.165664
duplicates,0.65,0.65,3,1,M,110.624326
duplicates,0.65,0.65,3,2,M,110.488102
duplicates,0.65,0.65,3,3,M,110.169111
duplicates,0.65,0.65,3,1,H,111.301252
duplicates,0.65,0.65,3,2,H,111.138614
duplicates,0.65,0.65,3,3,H,113.296869
duplicates,0.65,0.65,3,1,R,109.82298
duplicates,0.65,0.65,3,2,R,113.424603
duplicates,0.65,0.65,3,3,R,114.253347
duplicates,0.65,0.65,4,1,I,135.475131
duplicates,0.65,0.65,4,2,I,140.858725
duplicates,0.65,0.65,4,3,I,144.683572
duplicates,0.65,0.65,4,1,Q,126.916028
duplicates,0.65,0.65,4,2,Q,119.523488
duplicates,0.65,0.65,4,3,Q,121.08931
duplicates,0.65,0.65,4,1,M,110.91778
duplicates,0.65,0.65,4,2,M,119.872986
duplicates,0.65,0.65,4,3,M,112.954638
duplicates,0.65,0.65,4,1,H,112.880479
duplicates,0.65,0.65,4,2,H,117.417704
duplicates,0.65,0.65,4,3,H,110.074441
duplicates,0.65,0.65,4,1,R,114.553117
duplicates,0.65,0.65,4,2,R,115.279648
duplicates,0.65,0.65,4,3,R,106.412033
duplicates,0.65,0.65,5,1,I,120.688666
duplicates,0.65,0.65,5,2,I,120.221776
duplicates,0.65,0.65,5,3,I,126.029222
duplicates,0.65,0.65,5,1,Q,113.752871
duplicates,0.65,0.65,5,2,Q,113.099993
duplicates,0.65,0.65,5,3,Q,109.569374
duplicates,0.65,0.65,5,1,M,114.137736
duplicates,0.65,0.65,5,2,M,111.509645
duplicates,0.65,0.65,5,3,M,125.97579
duplicates,0.65,0.65,5,1,H,120.162497
duplicates,0.65,0.65,5,2,H,113.367928
duplicates,0.65,0.65,5,3,H,115.788206
duplicates,0.65,0.65,5,1,R,113.789106
duplicates,0.65,0.65,5,2,R,108.797143
duplicates,0.65,0.65,5,3,R,105.94622
duplicates,0.65,0.65,6,1,I,117.573562
duplicates,0.65,0.65,6,2,I,118.373279
duplicates,0.65,0.65,6,3,I,118.77094
duplicates,0.65,0.65,6,1,Q,111.152397
duplicates,0.65,0.65,6,2,Q,109.226206
duplicates,0.65,0.65,6,3,Q,109.86936
duplicates,0.65,0.65,6,1,M,115.994807
duplicates,0.65,0.65,6,2,M,112.419344
duplicates,0.65,0.65,6,3,M,111.900996
duplicates,0.65,0.65,6,1,H,112.938058
duplicates,0.65,0.65,6,2,H,109.546693
duplicates,0.65,0.65,6,3,H,107.106271
duplicates,0.65,0.65,6,1,R,107.211749
duplicates,0.65,0.65,6,2,R,113.56895
duplicates,0.65,0.65,6,3,R,109.274452
duplicates,0.65,0.65,7,1,I,135.714227
duplicates,0.65,0.65,7,2,I,118.764761
duplicates,0.65,0.65,7,3,I,118.210511
duplicates,0.65,0.65,7,1,Q,109.01862
duplicates,0.65,0.65,7,2,Q,110.7371
duplicates,0.65,0.65,7,3,Q,114.091099
duplicates,0.65,0.65,7,1,M,110.390988
duplicates,0.65,0.65,7,2,M,114.81835
duplicates,0.65,0.65,7,3,M,113.322038
duplicates,0.65,0.65,7,1,H,107.383692
duplicates,0.65,0.65,7,2,H,118.930574
duplicates,0.65,0.65,7,3,H,112.15905
duplicates,0.65,0.65,7,1,R,113.429135
duplicates,0.65,0.65,7,2,R,110.076242
duplicates,0.65,0.65,7,3,R,107.039832
duplicates,0.65,0.65,8,1,I,120.069002
duplicates,0.65,0.65,8,2,I,108.935887
duplicates,0.65,0.65,8,3,I,124.60279
duplicates,0.65,0.65,8,1,Q,111.751943
duplicates,0.65,0.65,8,2,Q,109.729875
duplicates,0.65,0.65,8,3,Q,96.555143
duplicates,0.65,0.65,8,1,M,109.8943
duplicates,0.65,0.65,8,2,M,104.116487
duplicates,0.65,0.65,8,3,M,112.060189
duplicates,0.65,0.65,8,1,H,118.335243
duplicates,0.65,0.65,8,2,H,114.313562
duplicates,0.65,0.65,8,3,H,123.420638
duplicates,0.65,0.65,8,1,R,113.102019
duplicates,0.65,0.65,8,2,R,101.757037
duplicates,0.65,0.65,8,3,R,108.247114
duplicates,0.66,0.66,1,1,I,121.494366
duplicates,0.66,0.66,1,2,I,118.166155
duplicates,0.66,0.66,1,3,I,127.103649
duplicates,0.66,0.66,1,1,Q,120.232327
duplicates,0.66,0.66,1,2,Q,120.756309
duplicates,0.66,0.66,1,3,Q,122.832046
duplicates,0.66,0.66,1,1,M,114.026751
duplicates,0.66,0.66,1,2,M,114.127357
duplicates,0.66,0.66,1,3,M,113.231281
duplicates,0.66,0.66,1,1,H,115.551136
duplicates,0.66,0.66,1,2,H,107.15188
duplicates,0.66,0.66,1,3,H,111.029054
duplicates,0.66,0.66,1,1,R,114.588435
duplicates,0.66,0.66,1,2,R,118.739332
duplicates,0.66,0.66,1,3,R,120.787335
duplicates,0.66,0.66,2,1,I,118.136339
duplicates,0.66,0.66,2,2,I,123.783022
duplicates,0.66,0.66,2,3,I,117.444026
duplicates,0.66,0.66,2,1,Q,113.612688
duplicates,0.66,0.66,2,2,Q,113.652245
duplicates,0.66,0.66,2,3,Q,114.951615
duplicates,0.66,0.66,2,1,M,116.80653
duplicates,0.66,0.66,2,2,M,108.441428
duplicates,0.66,0.66,2,3,M,114.470075
duplicates,0.66,0.66,2,1,H,115.78492
duplicates,0.66,0.66,2,2,H,112.97435
duplicates,0.66,0.66,2,3,H,112.289349
duplicates,0.66,0.66,2,1,R,114.865705
duplicates,0.66,0.66,2,2,R,108.676133
duplicates,0.66,0.66,2,3,R,111.982238
duplicates,0.66,0.66,3,1,I,118.839199
duplicates,0.66,0.66,3,2,I,134.931399
duplicates,0.66,0.66,3,3,I,124.32839
duplicates,0.66,0.66,3,1,Q,112.720786
duplicates,0.66,0.66,3,2,Q,116.75888
duplicates,0.66,0.66,3,3,Q,126.513383
duplicates,0.66,0.66,3,1,M,117.693449
duplicates,0.66,0.66,3,2,M,115.378791
duplicates,0.66,0.66,3,3,M,116.711043
duplicates,0.66,0.66,3,1,H,112.581991
duplicates,0.66,0.66,3,2,H,111.818706
duplicates,0.66,0.66,3,3,H,118.352382
duplicates,0.66,0.66,3,1,R,109.486448
duplicates,0.66,0.66,3,2,R,111.280843
duplicates,0.66,0.66,3,3,R,111.434885
duplicates,0.66,0.66,4,1,I,120.651796
duplicates,0.66,0.66,4,2,I,118.811227
duplicates,0.66,0.66,4,3,I,119.526642
duplicates,0.66,0.66,4,1,Q,107.727298
duplicates,0.66,0.66,4,2,Q,110.706951
duplicates,0.66,0.66,4,3,Q,111.983439
duplicates,0.66,0.66,4,1,M,112.565703
duplicates,0.66,0.66,4,2,M,109.440707
duplicates,0.66,0.66,4,3,M,108.111525
duplicates,0.66,0.66,4,1,H,109.372753
duplicates,0.66,0.66,4,2,H,114.5538
duplicates,0.66,0.66,4,3,H,112.14393
duplicates,0.66,0.66,4,1,R,118.566352
duplicates,0.66,0.66,4,2,R,114.494942
duplicates,0.66,0.66,4,3,R,109.656234
duplicates,0.66,0.66,5,1,I,118.044164
duplicates,0.66,0.66,5,2,I,121.57786
duplicates,0.66,0.66,5,3,I,120.648818
duplicates,0.66,0.66,5,1,Q,114.0073
duplicates,0.66,0.66,5,2,Q,112.745085
duplicates,0.66,0.66,5,3,Q,105.899421
duplicates,0.66,0.66,5,1,M,112.937971
duplicates,0.66,0.66,5,2,M,112.287123
duplicates,0.66,0.66,5,3,M,112.196039
duplicates,0.66,0.66,5,1,H,113.450488
duplicates,0.66,0.66,5,2,H,117.281129
duplicates,0.66,0.66,5,3,H,104.580446
duplicates,0.66,0.66,5,1,R,113.795912
duplicates,0.66,0.66,5,2,R,108.412411
duplicates,0.66,0.66,5,3,R,111.608501
duplicates,0.66,0.66,6,1,I,111.636562
duplicates,0.66,0.66,6,2,I,120.840273
duplicates,0.66,0.66,6,3,I,119.772185
duplicates,0.66,0.66,6,1,Q,111.793282
duplicates,0.66,0.66,6,2,Q,111.56086
duplicates,0.66,0.66,6,3,Q,113.015055
duplicates,0.66,0.66,6,1,M,113.464705
duplicates,0.66,0.66,6,2,M,111.17192
duplicates,0.66,0.66,6,3,M,108.346495
duplicates,0.66,0.66,6,1,H,114.096278
duplicates,0.66,0.66,6,2,H,110.6173
duplicates,0.66,0.66,6,3,H,110.351539
duplicates,0.66,0.66,6,1,R,105.308372
duplicates,0.66,0.66,6,2,R,114.23488
duplicates,0.66,0.66,6,3,R,115.820386
duplicates,0.66,0.66,7,1,I,132.002202
duplicates,0.66,0.66,7,2,I,126.496607
duplicates,0.66,0.66,7,3,I,126.084967
duplicates,0.66,0.66,7,1,Q,108.856512
duplicates,0.66,0.66,7,2,Q,119.938228
duplicates,0.66,0.66,7,3,Q,110.368489
duplicates,0.66,0.66,7,1,M,111.770817
duplicates,0.66,0.66,7,2,M,115.325149
duplicates,0.66,0.66,7,3,M,108.544143
duplicates,0.66,0.66,7,1,H,113.664003
duplicates,0.66,0.66,7,2,H,110.70385
duplicates,0.66,0.66,7,3,H,124.450898
duplicates,0.66,0.66,7,1,R,116.384622
duplicates,0.66,0.66,7,2,R,106.892789
duplicates,0.66,0.66,7,3,R,110.920539
duplicates,0.66,0.66,8,1,I,124.064356
duplicates,0.66,0.66,8,2,I,124.099813
duplicates,0.66,0.66,8,3,I,118.437137
duplicates,0.66,0.66,8,1,Q,116.524329
duplicates,0.66,0.66,8,2,Q,111.585045
duplicates,0.66,0.66,8,3,Q,107.895096
duplicates,0.66,0.66,8,1,M,109.076306
duplicates,0.66,0.66,8,2,M,110.512293
duplicates,0.66,0.66,8,3,M,117.386827
duplicates,0.66,0.66,8,1,H,116.951338
duplicates,0.66,0.66,8,2,H,118.140589
duplicates,0.66,0.66,8,3,H,120.040603
duplicates,0.66,0.66,8,1,R,113.675935
duplicates,0.66,0.66,8,2,R,112.562932
duplicates,0.66,0.66,8,3,R,115.388237
duplicates,0.67,0.67,1,1,I,133.97977
duplicates,0.67,0.67,1,2,I,131.358431
duplicates,0.67,0.67,1,3,I,119.220444
duplicates,0.67,0.67,1,1,Q,115.893627
duplicates,0.67,0.67,1,2,Q,108.876547
duplicates,0.67,0.67,1,3,Q,111.204327
duplicates,0.67,0.67,1,1,M,111.804824
duplicates,0.67,0.67,1,2,M,114.310754
duplicates,0.67,0.67,1,3,M,110.169444
duplicates,0.67,0.67,1,1,H,111.213687
duplicates,0.67,0.67,1,2,H,111.278718
duplicates,0.67,0.67,1,3,H,110.713756
duplicates,0.67,0.67,1,1,R,108.95515
duplicates,0.67,0.67,1,2,R,107.276809
duplicates,0.67,0.67,1,3,R,110.001935
duplicates,0.67,0.67,2,1,I,129.18085
duplicates,0.67,0.67,2,2,I,124.170016
duplicates,0.67,0.67,2,3,I,119.980794
duplicates,0.67,0.67,2,1,Q,106.523662
duplicates,0.67,0.67,2,2,Q,113.215127
duplicates,0.67,0.67,2,3,Q,112.257767
duplicates,0.67,0.67,2,1,M,111.856466
duplicates,0.67,0.67,2,2,M,113.17156
duplicates,0.67,0.67,2,3,M,109.28481
duplicates,0.67,0.67,2,1,H,123.637899
duplicates,0.67,0.67,2,2,H,107.28405
duplicates,0.67,0.67,2,3,H,111.654067
duplicates,0.67,0.67,2,1,R,115.978067
duplicates,0.67,0.67,2,2,R,114.266283
duplicates,0.67,0.67,2,3,R,110.570022
duplicates,0.67,0.67,3,1,I,121.099098
duplicates,0.67,0.67,3,2,I,121.919794
duplicates,0.67,0.67,3,3,I,125.735065
duplicates,0.67,0.67,3,1,Q,112.936075
duplicates,0.67,0.67,3,2,Q,109.569915
duplicates,0.67,0.67,3,3,Q,125.350013
duplicates,0.67,0.67,3,1,M,113.991738
duplicates,0.67,0.67,3,2,M,116.318351
duplicates,0.67,0.67,3,3,M,112.608604
duplicates,0.67,0.67,3,1,H,112.019899
duplicates,0.67,0.67,3,2,H,110.792996
duplicates,0.67,0.67,3,3,H,112.82474
duplicates,0.67,0.67,3,1,R,117.165664
duplicates,0.67,0.67,3,2,R,111.676697
duplicates,0.67,0.67,3,3,R,122.93123
duplicates,0.67,0.67,4,1,I,121.091263
duplicates,0.67,0.67,4,2,I,120.0728
duplicates,0.67,0.67,4,3,I,118.010898
duplicates,0.67,0.67,4,1,Q,111.100982
duplicates,0.67,0.67,4,2,Q,124.879071
duplicates,0.67,0.67,4,3,Q,110.572118
duplicates,0.67,0.67,4,1,M,112.952646
duplicates,0.67,0.67,4,2,M,112.790151
duplicates,0.67,0.67,4,3,M,113.781918
duplicates,0.67,0.67,4,1,H,116.708202
duplicates,0.67,0.67,4,2,H,107.354247
duplicates,0.67,0.67,4,3,H,112.187213
duplicates,0.67,0.67,4,1,R,107.875199
duplicates,0.67,0.67,4,2,R,110.064489
duplicates,0.67,0.67,4,3,R,115.259955
duplicates,0.67,0.67,5,1,I,118.16581
duplicates,0.67,0.67,5,2,I,121.664757
duplicates,0.67,0.67,5,3,I,121.510927
duplicates,0.67,0.67,5,1,Q,114.284799
duplicates,0.67,0.67,5,2,Q,109.79331
duplicates,0.67,0.67,5,3,Q,115.745254
duplicates,0.67,0.67,5,1,M,112.045899
duplicates,0.67,0.67,5,2,M,120.611305
duplicates,0.67,0.67,5,3,M,120.737162
duplicates,0.67,0.67,5,1,H,111.850178
duplicates,0.67,0.67,5,2,H,111.810035
duplicates,0.67,0.67,5,3,H,109.608488
duplicates,0.67,0.67,5,1,R,110.643622
duplicates,0.67,0.67,5,2,R,108.068301
duplicates,0.67,0.67,5,3,R,106.938422
duplicates,0.67,0.67,6,1,I,121.310479
duplicates,0.67,0.67,6,2,I,118.88835
duplicates,0.67,0.67,6,3,I,122.442863
duplicates,0.67,0.67,6,1,Q,110.431849
duplicates,0.67,0.67,6,2,Q,110.005697
duplicates,0.67,0.67,6,3,Q,116.260158
duplicates,0.67,0.67,6,1,M,116.21277
duplicates,0.67,0.67,6,2,M,117.364414
duplicates,0.67,0.67,6,3,M,117.170921
duplicates,0.67,0.67,6,1,H,111.254971
duplicates,0.67,0.67,6,2,H,111.926505
duplicates,0.67,0.67,6,3,H,111.832771
duplicates,0.67,0.67,6,1,R,111.408194
duplicates,0.67,0.67,6,2,R,113.047684
duplicates,0.67,0.67,6,3,R,110.862597
duplicates,0.67,0.67,7,1,I,123.102348
duplicates,0.67,0.67,7,2,I,119.616013
duplicates,0.67,0.67,7,3,I,120.111517
duplicates,0.67,0.67,7,1,Q,108.813095
duplicates,0.67,0.67,7,2,Q,112.759552
duplicates,0.67,0.67,7,3,Q,109.370549
duplicates,0.67,0.67,7,1,M,110.50934
duplicates,0.67,0.67,7,2,M,108.635242
duplicates,0.67,0.67,7,3,M,108.599642
duplicates,0.67,0.67,7,1,H,113.642694
duplicates,0.67,0.67,7,2,H,108.695245
duplicates,0.67,0.67,7,3,H,111.607218
duplicates,0.67,0.67,7,1,R,113.509593
duplicates,0.67,0.67,7,2,R,107.337135
duplicates,0.67,0.67,7,3,R,109.47859
duplicates,0.67,0.67,8,1,I,121.047586
duplicates,0.67,0.67,8,2,I,118.892443
duplicates,0.67,0.67,8,3,I,118.209672
duplicates,0.67,0.67,8,1,Q,121.401782
duplicates,0.67,0.67,8,2,Q,111.258302
duplicates,0.67,0.67,8,3,Q,126.336162
duplicates,0.67,0.67,8,1,M,126.051356
duplicates,0.67,0.67,8,2,M,115.360913
duplicates,0.67,0.67,8,3,M,112.365456
duplicates,0.67,0.67,8,1,H,120.969201
duplicates,0.67,0.67,8,2,H,117.347807
duplicates,0.67,0.67,8,3,H,112.528237
duplicates,0.67,0.67,8,1,R,112.762335
duplicates,0.67,0.67,8,2,R,120.140527
duplicates,0.67,0.67,8,3,R,107.883194
duplicates,0.68,0.68,1,1,I,133.146418
duplicates,0.68,0.68,1,2,I,125.177409
duplicates,0.68,0.68,1,3,I,133.415916
duplicates,0.68,0.68,1,1,Q,114.593687
duplicates,0.68,0.68,1,2,Q,104.042295
duplicates,0.68,0.68,1,3,Q,114.311699
duplicates,0.68,0.68,1,1,M,119.796278
duplicates,0.68,0.68,1,2,M,122.277179
duplicates,0.68,0.68,1,3,M,118.007991
duplicates,0.68,0.68,1,1,H,116.612976
duplicates,0.68,0.68,1,2,H,120.324024
duplicates,0.68,0.68,1,3,H,111.117003
duplicates,0.68,0.68,1,1,R,97.722916
duplicates,0.68,0.68,1,2,R,108.298187
duplicates,0.68,0.68,1,3,R,108.289392
duplicates,0.68,0.68,2,1,I,127.887564
duplicates,0.68,0.68,2,2,I,118.638807
duplicates,0.68,0.68,2,3,I,121.808451
duplicates,0.68,0.68,2,1,Q,110.441391
duplicates,0.68,0.68,2,2,Q,106.758303
duplicates,0.68,0.68,2,3,Q,110.066087
duplicates,0.68,0.68,2,1,M,109.463824
duplicates,0.68,0.68,2,2,M,114.967748
duplicates,0.68,0.68,2,3,M,111.89268
duplicates,0.68,0.68,2,1,H,114.8632
duplicates,0.68,0.68,2,2,H,116.181681
duplicates,0.68,0.68,2,3,H,110.671821
duplicates,0.68,0.68,2,1,R,100.524671
duplicates,0.68,0.68,2,2,R,110.296145
duplicates,0.68,0.68,2,3,R,116.207829
duplicates,0.68,0.68,3,1,I,117.454455
duplicates,0.68,0.68,3,2,I,128.523315
duplicates,0.68,0.68,3,3,I,119.990845
duplicates,0.68,0.68,3,1,Q,113.823652
duplicates,0.68,0.68,3,2,Q,126.191667
duplicates,0.68,0.68,3,3,Q,109.777953
duplicates,0.68,0.68,3,1,M,112.914096
duplicates,0.68,0.68,3,2,M,119.778131
duplicates,0.68,0.68,3,3,M,118.194574
duplicates,0.68,0.68,3,1,H,115.690049
duplicates,0.68,0.68,3,2,H,112.152805
duplicates,0.68,0.68,3,3,H,110.618734
duplicates,0.68,0.68,3,1,R,117.740697
duplicates,0.68,0.68,3,2,R,113.2704
duplicates,0.68,0.68,3,3,R,115.481677
duplicates,0.68,0.68,4,1,I,118.93522
duplicates,0.68,0.68,4,2,I,124.709839
duplicates,0.68,0.68,4,3,I,128.866917
duplicates,0.68,0.68,4,1,Q,111.051716
duplicates,0.68,0.68,4,2,Q,116.187202
duplicates,0.68,0.68,4,3,Q,111.07075
duplicates,0.68,0.68,4,1,M,116.936658
duplicates,0.68,0.68,4,2,M,111.123159
duplicates,0.68,0.68,4,3,M,109.630179
duplicates,0.68,0.68,4,1,H,109.205389
duplicates,0.68,0.68,4,2,H,111.195282
duplicates,0.68,0.68,4,3,H,116.85631
duplicates,0.68,0.68,4,1,R,110.00729
duplicates,0.68,0.68,4,2,R,109.971693
duplicates,0.68,0.68,4,3,R,109.265286
duplicates,0.68,0.68,5,1,I,119.427952
duplicates,0.68,0.68,5,2,I,123.365159
duplicates,0.68,0.68,5,3,I,121.594348
duplicates,0.68,0.68,5,1,Q,112.954216
duplicates,0.68,0.68,5,2,Q,108.364792
duplicates,0.68,0.68,5,3,Q,112.210678
duplicates,0.68,0.68,5,1,M,100.446424
duplicates,0.68,0.68,5,2,M,118.926323
duplicates,0.68,0.68,5,3,M,110.357675
duplicates,0.68,0.68,5,1,H,108.017539
duplicates,0.68,0.68,5,2,H,109.747269
duplicates,0.68,0.68,5,3,H,107.123095
duplicates,0.68,0.68,5,1,R,110.716755
duplicates,0.68,0.68,5,2,R,108.51805
duplicates,0.68,0.68,5,3,R,109.318182
duplicates,0.68,0.68,6,1,I,119.263634
duplicates,0.68,0.68,6,2,I,121.773633
duplicates,0.68,0.68,6,3,I,119.924182
duplicates,0.68,0.68,6,1,Q,118.088812
duplicates,0.68,0.68,6,2,Q,108.04561
duplicates,0.68,0.68,6,3,Q,112.985817
duplicates,0.68,0.68,6,1,M,109.917935
duplicates,0.68,0.68,6,2,M,110.709687
duplicates,0.68,0.68,6,3,M,109.329529
duplicates,0.68,0.68,6,1,H,110.646578
duplicates,0.68,0.68,6,2,H,116.301338
duplicates,0.68,0.68,6,3,H,119.621365
duplicates,0.68,0.68,6,1,R,158.882783
duplicates,0.68,0.68,6,2,R,121.230536
duplicates,0.68,0.68,6,3,R,129.359839
duplicates,0.68,0.68,7,1,I,154.456333
duplicates,0.68,0.68,7,2,I,140.64229
duplicates,0.68,0.68,7,3,I,148.892572
duplicates,0.68,0.68,7,1,Q,138.205987
duplicates,0.68,0.68,7,2,Q,111.303896
duplicates,0.68,0.68,7,3,Q,109.77752
duplicates,0.68,0.68,7,1,M,112.604898
duplicates,0.68,0.68,7,2,M,112.224911
duplicates,0.68,0.68,7,3,M,109.664897
duplicates,0.68,0.68,7,1,H,106.323183
duplicates,0.68,0.68,7,2,H,112.182675
duplicates,0.68,0.68,7,3,H,111.954561
duplicates,0.68,0.68,7,1,R,110.020611
duplicates,0.68,0.68,7,2,R,110.569481
duplicates,0.68,0.68,7,3,R,115.923446
duplicates,0.68,0.68,8,1,I,122.340782
duplicates,0.68,0.68,8,2,I,119.102051
duplicates,0.68,0.68,8,3,I,121.898849
duplicates,0.68,0.68,8,1,Q,113.503944
duplicates,0.68,0.68,8,2,Q,109.546249
duplicates,0.68,0.68,8,3,Q,108.914499
duplicates,0.68,0.68,8,1,M,116.305691
duplicates,0.68,0.68,8,2,M,108.847229
duplicates,0.68,0.68,8,3,M,107.990995
duplicates,0.68,0.68,8,1,H,111.258171
duplicates,0.68,0.68,8,2,H,111.067669
duplicates,0.68,0.68,8,3,H,100.054966
duplicates,0.68,0.68,8,1,R,121.554614
duplicates,0.68,0.68,8,2,R,113.812437
duplicates,0.68,0.68,8,3,R,116.404029
duplicates,0.68,0.68,9,1,I,133.463237
duplicates,0.68,0.68,9,2,I,120.252943
duplicates,0.68,0.68,9,3,I,122.398743
duplicates,0.68,0.68,9,1,Q,112.10029
duplicates,0.68,0.68,9,2,Q,110.879041
duplicates,0.68,0.68,9,3,Q,120.46676
duplicates,0.68,0.68,9,1,M,114.72564
duplicates,0.68,0.68,9,2,M,108.048017
duplicates,0.68,0.68,9,3,M,109.852923
duplicates,0.68,0.68,9,1,H,107.460971
duplicates,0.68,0.68,9,2,H,121.435125
duplicates,0.68,0.68,9,3,H,116.136143
duplicates,0.68,0.68,9,1,R,113.35436
duplicates,0.68,0.68,9,2,R,113.791754
duplicates,0.68,0.68,9,3,R,117.749337
duplicates,0.68,0.68,10,1,I,109.192593
duplicates,0.68,0.68,10,2,I,122.932889
duplicates,0.68,0.68,10,3,I,117.200977
duplicates,0.68,0.68,10,1,Q,114.865743
duplicates,0.68,0.68,10,2,Q,110.775167
duplicates,0.68,0.68,10,3,Q,111.445124
duplicates,0.68,0.68,10,1,M,112.080495
duplicates,0.68,0.68,10,2,M,112.334003
duplicates,0.68,0.68,10,3,M,110.840672
duplicates,0.68,0.68,10,1,H,112.420838
duplicates,0.68,0.68,10,2,H,115.967618
duplicates,0.68,0.68,10,3,H,116.094314
duplicates,0.68,0.68,10,1,R,119.178766
duplicates,0.68,0.68,10,2,R,116.308955
duplicates,0.68,0.68,10,3,R,115.941716
duplicates,0.69,0.69,1,1,I,125.522492
duplicates,0.69,0.69,1,2,I,120.223649
duplicates,0.69,0.69,1,3,I,127.357454
duplicates,0.69,0.69,1,1,Q,113.832792
duplicates,0.69,0.69,1,2,Q,108.556308
duplicates,0.69,0.69,1,3,Q,113.607742
duplicates,0.69,0.69,1,1,M,111.078932
duplicates,0.69,0.69,1,2,M,117.943677
duplicates,0.69,0.69,1,3,M,112.606724
duplicates,0.69,0.69,1,1,H,121.913356
duplicates,0.69,0.69,1,2,H,122.20296
duplicates,0.69,0.69,1,3,H,113.066687
duplicates,0.69,0.69,1,1,R,112.473127
duplicates,0.69,0.69,1,2,R,120.384146
duplicates,0.69,0.69,1,3,R,120.164832
duplicates,0.69,0.69,2,1,I,125.002446
duplicates,0.69,0.69,2,2,I,121.761684
duplicates,0.69,0.69,2,3,I,123.6813
duplicates,0.69,0.69,2,1,Q,117.595332
duplicates,0.69,0.69,2,2,Q,119.17562
duplicates,0.69,0.69,2,3,Q,118.365251
duplicates,0.69,0.69,2,1,M,113.483514
duplicates,0.69,0.69,2,2,M,116.802043
duplicates,0.69,0.69,2,3,M,111.549144
duplicates,0.69,0.69,2,1,H,100.099696
duplicates,0.69,0.69,2,2,H,115.667006
duplicates,0.69,0.69,2,3,H,115.481732
duplicates,0.69,0.69,2,1,R,115.455982
duplicates,0.69,0.69,2,2,R,115.373538
duplicates,0.69,0.69,2,3,R,116.891911
duplicates,0.69,0.69,3,1,I,128.160498
duplicates,0.69,0.69,3,2,I,129.400946
duplicates,0.69,0.69,3,3,I,124.66079
duplicates,0.69,0.69,3,1,Q,107.882309
duplicates,0.69,0.69,3,2,Q,99.931555
duplicates,0.69,0.69,3,3,Q,112.666189
duplicates,0.69,0.69,3,1,M,111.243745
duplicates,0.69,0.69,3,2,M,109.98913
duplicates,0.69,0.69,3,3,M,112.286427
duplicates,0.69,0.69,3,1,H,116.209298
duplicates,0.69,0.69,3,2,H,114.849423
duplicates,0.69,0.69,3,3,H,116.922845
duplicates,0.69,0.69,3,1,R,115.634155
duplicates,0.69,0.69,3,2,R,119.746413
duplicates,0.69,0.69,3,3,R,117.481053
duplicates,0.69,0.69,4,1,I,123.922304
duplicates,0.69,0.69,4,2,I,128.350208
duplicates,0.69,0.69,4,3,I,126.405764
duplicates,0.69,0.69,4,1,Q,117.10681
duplicates,0.69,0.69,4,2,Q,112.63889
duplicates,0.69,0.69,4,3,Q,119.204457
duplicates,0.69,0.69,4,1,M,120.130275
duplicates,0.69,0.69,4,2,M,112.246921
duplicates,0.69,0.69,4,3,M,118.036562
duplicates,0.69,0.69,4,1,H,112.624901
duplicates,0.69,0.69,4,2,H,112.103428
duplicates,0.69,0.69,4,3,H,127.215731
duplicates,0.69,0.69,4,1,R,102.562221
duplicates,0.69,0.69,4,2,R,109.332224
duplicates,0.69,0.69,4,3,R,114.418077
duplicates,0.69,0.69,5,1,I,120.678887
duplicates,0.69,0.69,5,2,I,123.157789
duplicates,0.69,0.69,5,3,I,121.143002
duplicates,0.69,0.69,5,1,Q,111.360135
duplicates,0.69,0.69,5,2,Q,116.213816
duplicates,0.69,0.69,5,3,Q,115.078674
duplicates,0.69,0.69,5,1,M,134.008804
duplicates,0.69,0.69,5,2,M,117.606066
duplicates,0.69,0.69,5,3,M,139.328431
duplicates,0.69,0.69,5,1,H,113.876131
duplicates,0.69,0.69,5,2,H,124.125627
duplicates,0.69,0.69,5,3,H,113.05521
duplicates,0.69,0.69,5,1,R,117.182388
duplicates,0.69,0.69,5,2,R,117.898453
duplicates,0.69,0.69,5,3,R,120.118489
duplicates,0.69,0.69,6,1,I,130.529147
duplicates,0.69,0.69,6,2,I,125.367085
duplicates,0.69,0.69,6,3,I,127.609463
duplicates,0.69,0.69,6,1,Q,111.580065
duplicates,0.69,0.69,6,2,Q,115.558531
duplicates,0.69,0.69,6,3,Q,109.282678
duplicates,0.69,0.69,6,1,M,117.442118
duplicates,0.69,0.69,6,2,M,111.639677
duplicates,0.69,0.69,6,3,M,119.914651
duplicates,0.69,0.69,6,1,H,115.389198
duplicates,0.69,0.69,6,2,H,109.122501
duplicates,0.69,0.69,6,3,H,112.535057
duplicates,0.69,0.69,6,1,R,114.177428
duplicates,0.69,0.69,6,2,R,109.639744
duplicates,0.69,0.69,6,3,R,113.774129
duplicates,0.69,0.69,7,1,I,124.489577
duplicates,0.69,0.69,7,2,I,130.597115
duplicates,0.69,0.69,7,3,I,121.47297
duplicates,0.69,0.69,7,1,Q,121.119313
duplicates,0.69,0.69,7,2,Q,112.795455
duplicates,0.69,0.69,7,3,Q,109.013167
duplicates,0.69,0.69,7,1,M,105.486535
duplicates,0.69,0.69,7,2,M,115.833329
duplicates,0.69,0.69,7,3,M,116.382746
duplicates,0.69,0.69,7,1,H,113.800962
duplicates,0.69,0.69,7,2,H,115.545704
duplicates,0.69,0.69,7,3,H,112.545439
duplicates,0.69,0.69,7,1,R,112.174752
duplicates,0.69,0.69,7,2,R,112.909812
duplicates,0.69,0.69,7,3,R,109.248447
duplicates,0.69,0.69,8,1,I,118.327429
duplicates,0.69,0.69,8,2,I,122.711255
duplicates,0.69,0.69,8,3,I,124.023644
duplicates,0.69,0.69,8,1,Q,112.150189
duplicates,0.69,0.69,8,2,Q,110.655399
duplicates,0.69,0.69,8,3,Q,113.822218
duplicates,0.69,0.69,8,1,M,114.035737
duplicates,0.69,0.69,8,2,M,114.462618
duplicates,0.69,0.69,8,3,M,118.992973
duplicates,0.69,0.69,8,1,H,112.544572
duplicates,0.69,0.69,8,2,H,115.22452
duplicates,0.69,0.69,8,3,H,104.519338
duplicates,0.69,0.69,8,1,R,113.283207
duplicates,0.69,0.69,8,2,R,112.383386
duplicates,0.69,0.69,8,3,R,108.765341
duplicates,0.7,0.7,1,1,I,125.80592
duplicates,0.7,0.7,1,2,I,126.313375
duplicates,0.7,0.7,1,3,I,123.884378
duplicates,0.7,0.7,1,1,Q,112.115976
duplicates,0.7,0.7,1,2,Q,111.362551
duplicates,0.7,0.7,1,3,Q,111.840121
duplicates,0.7,0.7,1,1,M,109.374934
duplicates,0.7,0.7,1,2,M,108.00622
duplicates,0.7,0.7,1,3,M,118.579905
duplicates,0.7,0.7,1,1,H,115.050391
duplicates,0.7,0.7,1,2,H,117.745804
duplicates,0.7,0.7,1,3,H,112.342027
duplicates,0.7,0.7,1,1,R,101.19877
duplicates,0.7,0.7,1,2,R,113.094661
duplicates,0.7,0.7,1,3,R,113.908282
duplicates,0.7,0.7,2,1,I,118.344906
duplicates,0.7,0.7,2,2,I,124.886313
duplicates,0.7,0.7,2,3,I,121.610204
duplicates,0.7,0.7,2,1,Q,119.577093
duplicates,0.7,0.7,2,2,Q,119.07799
duplicates,0.7,0.7,2,3,Q,114.473286
duplicates,0.7,0.7,2,1,M,117.94222
duplicates,0.7,0.7,2,2,M,116.414402
duplicates,0.7,0.7,2,3,M,111.75638
duplicates,0.7,0.7,2,1,H,115.398379
duplicates,0.7,0.7,2,2,H,111.023299
duplicates,0.7,0.7,2,3,H,117.652873
duplicates,0.7,0.7,2,1,R,110.513668
duplicates,0.7,0.7,2,2,R,110.624705
duplicates,0.7,0.7,2,3,R,118.332458
duplicates,0.7,0.7,3,1,I,129.08846
duplicates,0.7,0.7,3,2,I,119.660969
duplicates,0.7,0.7,3,3,I,121.839988
duplicates,0.7,0.7,3,1,Q,121.411582
duplicates,0.7,0.7,3,2,Q,118.609231
duplicates,0.7,0.7,3,3,Q,115.008024
duplicates,0.7,0.7,3,1,M,110.153853
duplicates,0.7,0.7,3,2,M,111.531218
duplicates,0.7,0.7,3,3,M,114.255031
duplicates,0.7,0.7,3,1,H,105.134596
duplicates,0.7,0.7,3,2,H,113.96856
duplicates,0.7,0.7,3,3,H,111.614473
duplicates,0.7,0.7,3,1,R,113.41014
duplicates,0.7,0.7,3,2,R,115.720185
duplicates,0.7,0.7,3,3,R,113.157214
duplicates,0.7,0.7,4,1,I,120.712888
duplicates,0.7,0.7,4,2,I,118.654611
duplicates,0.7,0.7,4,3,I,124.519114
duplicates,0.7,0.7,4,1,Q,114.752132
duplicates,0.7,0.7,4,2,Q,120.567231
duplicates,0.7,0.7,4,3,Q,122.460064
duplicates,0.7,0.7,4,1,M,116.844819
duplicates,0.7,0.7,4,2,M,115.646194
duplicates,0.7,0.7,4,3,M,108.326347
duplicates,0.7,0.7,4,1,H,109.158328
duplicates,0.7,0.7,4,2,H,114.101986
duplicates,0.7,0.7,4,3,H,110.361327
duplicates,0.7,0.7,4,1,R,104.941456
duplicates,0.7,0.7,4,2,R,111.132899
duplicates,0.7,0.7,4,3,R,107.934827
duplicates,0.7,0.7,5,1,I,120.602906
duplicates,0.7,0.7,5,2,I,125.238079
duplicates,0.7,0.7,5,3,I,119.781449
duplicates,0.7,0.7,5,1,Q,119.515645
duplicates,0.7,0.7,5,2,Q,111.357963
duplicates,0.7,0.7,5,3,Q,110.601494
duplicates,0.7,0.7,5,1,M,108.170561
duplicates,0.7,0.7,5,2,M,110.893637
duplicates,0.7,0.7,5,3,M,108.176588
duplicates,0.7,0.7,5,1,H,113.483524
duplicates,0.7,0.7,5,2,H,114.506117
duplicates,0.7,0.7,5,3,H,110.691628
duplicates,0.7,0.7,5,1,R,97.869465
duplicates,0.7,0.7,5,2,R,120.002523
duplicates,0.7,0.7,5,3,R,110.373015
duplicates,0.7,0.7,6,1,I,123.337721
duplicates,0.7,0.7,6,2,I,119.028759
duplicates,0.7,0.7,6,3,I,125.577862
duplicates,0.7,0.7,6,1,Q,117.985201
duplicates,0.7,0.7,6,2,Q,114.740436
duplicates,0.7,0.7,6,3,Q,113.383888
duplicates,0.7,0.7,6,1,M,113.468173
duplicates,0.7,0.7,6,2,M,117.206451
duplicates,0.7,0.7,6,3,M,110.018504
duplicates,0.7,0.7,6,1,H,112.988576
duplicates,0.7,0.7,6,2,H,109.020856
duplicates,0.7,0.7,6,3,H,109.712427
duplicates,0.7,0.7,6,1,R,111.760311
duplicates,0.7,0.7,6,2,R,114.288087
duplicates,0.7,0.7,6,3,R,108.062417
duplicates,0.7,0.7,7,1,I,121.841636
duplicates,0.7,0.7,7,2,I,122.644966
duplicates,0.7,0.7,7,3,I,119.252621
duplicates,0.7,0.7,7,1,Q,116.22886
duplicates,0.7,0.7,7,2,Q,110.599082
duplicates,0.7,0.7,7,3,Q,116.147527
duplicates,0.7,0.7,7,1,M,116.563524
duplicates,0.7,0.7,7,2,M,115.746485
duplicates,0.7,0.7,7,3,M,111.133764
duplicates,0.7,0.7,7,1,H,129.362401
duplicates,0.7,0.7,7,2,H,117.939069
duplicates,0.7,0.7,7,3,H,111.45003
duplicates,0.7,0.7,7,1,R,115.463258
duplicates,0.7,0.7,7,2,R,116.347066
duplicates,0.7,0.7,7,3,R,111.47997
duplicates,0.7,0.7,8,1,I,120.895518
duplicates,0.7,0.7,8,2,I,133.683369
duplicates,0.7,0.7,8,3,I,122.405767
duplicates,0.7,0.7,8,1,Q,114.94139
duplicates,0.7,0.7,8,2,Q,110.465942
duplicates,0.7,0.7,8,3,Q,113.428938
duplicates,0.7,0.7,8,1,M,113.004747
duplicates,0.7,0.7,8,2,M,112.653992
duplicates,0.7,0.7,8,3,M,115.431599
duplicates,0.7,0.7,8,1,H,109.681612
duplicates,0.7,0.7,8,2,H,113.873111
duplicates,0.7,0.7,8,3,H,111.352541
duplicates,0.7,0.7,8,1,R,126.762317
duplicates,0.7,0.7,8,2,R,115.936273
duplicates,0.7,0.7,8,3,R,126.463862
duplicates,0.71,0.71,1,1,I,139.856444
duplicates,0.71,0.71,1,2,I,121.822424
duplicates,0.71,0.71,1,3,I,140.573131
duplicates,0.71,0.71,1,1,Q,123.337585
duplicates,0.71,0.71,1,2,Q,120.703763
duplicates,0.71,0.71,1,3,Q,114.325748
duplicates,0.71,0.71,1,1,M,113.363308
duplicates,0.71,0.71,1,2,M,109.822429
duplicates,0.71,0.71,1,3,M,115.58909
duplicates,0.71,0.71,1,1,H,126.626005
duplicates,0.71,0.71,1,2,H,119.905304
duplicates,0.71,0.71,1,3,H,116.870007
duplicates,0.71,0.71,1,1,R,117.821759
duplicates,0.71,0.71,1,2,R,113.072632
duplicates,0.71,0.71,1,3,R,118.846078
duplicates,0.71,0.71,2,1,I,132.125531
duplicates,0.71,0.71,2,2,I,129.477307
duplicates,0.71,0.71,2,3,I,124.172267
duplicates,0.71,0.71,2,1,Q,112.731689
duplicates,0.71,0.71,2,2,Q,119.65775
duplicates,0.71,0.71,2,3,Q,101.692239
duplicates,0.71,0.71,2,1,M,111.046917
duplicates,0.71,0.71,2,2,M,119.899963
duplicates,0.71,0.71,2,3,M,113.149864
duplicates,0.71,0.71,2,1,H,112.859542
duplicates,0.71,0.71,2,2,H,110.941635
duplicates,0.71,0.71,2,3,H,112.315171
duplicates,0.71,0.71,2,1,R,111.015936
duplicates,0.71,0.71,2,2,R,127.037506
duplicates,0.71,0.71,2,3,R,109.322089
duplicates,0.71,0.71,3,1,I,121.073813
duplicates,0.71,0.71,3,2,I,127.562921
duplicates,0.71,0.71,3,3,I,123.596754
duplicates,0.71,0.71,3,1,Q,117.058188
duplicates,0.71,0.71,3,2,Q,116.960997
duplicates,0.71,0.71,3,3,Q,112.506692
duplicates,0.71,0.71,3,1,M,115.206427
duplicates,0.71,0.71,3,2,M,116.545321
duplicates,0.71,0.71,3,3,M,113.974378
duplicates,0.71,0.71,3,1,H,113.335747
duplicates,0.71,0.71,3,2,H,111.257338
duplicates,0.71,0.71,3,3,H,109.506087
duplicates,0.71,0.71,3,1,R,121.981073
duplicates,0.71,0.71,3,2,R,114.081013
duplicates,0.71,0.71,3,3,R,116.696309
duplicates,0.71,0.71,4,1,I,129.199697
duplicates,0.71,0.71,4,2,I,127.732409
duplicates,0.71,0.71,4,3,I,122.726065
duplicates,0.71,0.71,4,1,Q,123.530054
duplicates,0.71,0.71,4,2,Q,119.916135
duplicates,0.71,0.71,4,3,Q,113.382946
duplicates,0.71,0.71,4,1,M,118.791162
duplicates,0.71,0.71,4,2,M,125.10328
duplicates,0.71,0.71,4,3,M,111.552949
duplicates,0.71,0.71,4,1,H,121.692524
duplicates,0.71,0.71,4,2,H,114.895247
duplicates,0.71,0.71,4,3,H,125.341577
duplicates,0.71,0.71,4,1,R,114.791337
duplicates,0.71,0.71,4,2,R,114.828994
duplicates,0.71,0.71,4,3,R,116.017404
duplicates,0.71,0.71,5,1,I,127.365214
duplicates,0.71,0.71,5,2,I,119.634969
duplicates,0.71,0.71,5,3,I,121.419114
duplicates,0.71,0.71,5,1,Q,123.184849
duplicates,0.71,0.71,5,2,Q,120.71464
duplicates,0.71,0.71,5,3,Q,118.880133
duplicates,0.71,0.71,5,1,M,115.286713
duplicates,0.71,0.71,5,2,M,117.165382
duplicates,0.71,0.71,5,3,M,111.931412
duplicates,0.71,0.71,5,1,H,112.637631
duplicates,0.71,0.71,5,2,H,125.550017
duplicates,0.71,0.71,5,3,H,110.584943
duplicates,0.71,0.71,5,1,R,111.094649
duplicates,0.71,0.71,5,2,R,114.309545
duplicates,0.71,0.71,5,3,R,108.33957
duplicates,0.71,0.71,6,1,I,122.289043
duplicates,0.71,0.71,6,2,I,119.090591
duplicates,0.71,0.71,6,3,I,121.723147
duplicates,0.71,0.71,6,1,Q,110.7277
duplicates,0.71,0.71,6,2,Q,111.466427
duplicates,0.71,0.71,6,3,Q,114.909278
duplicates,0.71,0.71,6,1,M,110.042441
duplicates,0.71,0.71,6,2,M,115.842042
duplicates,0.71,0.71,6,3,M,117.283151
duplicates,0.71,0.71,6,1,H,120.112837
duplicates,0.71,0.71,6,2,H,119.069263
duplicates,0.71,0.71,6,3,H,114.029312
duplicates,0.71,0.71,6,1,R,112.455508
duplicates,0.71,0.71,6,2,R,107.418326
duplicates,0.71,0.71,6,3,R,122.315479
duplicates,0.71,0.71,7,1,I,128.199282
duplicates,0.71,0.71,7,2,I,122.950221
duplicates,0.71,0.71,7,3,I,119.267163
duplicates,0.71,0.71,7,1,Q,115.354399
duplicates,0.71,0.71,7,2,Q,116.003461
duplicates,0.71,0.71,7,3,Q,111.448837
duplicates,0.71,0.71,7,1,M,109.063199
duplicates,0.71,0.71,7,2,M,112.33558
duplicates,0.71,0.71,7,3,M,118.707536
duplicates,0.71,0.71,7,1,H,111.111755
duplicates,0.71,0.71,7,2,H,113.792626
duplicates,0.71,0.71,7,3,H,115.627456
duplicates,0.71,0.71,7,1,R,117.280267
duplicates,0.71,0.71,7,2,R,120.855888
duplicates,0.71,0.71,7,3,R,123.481433
duplicates,0.71,0.71,8,1,I,133.325732
duplicates,0.71,0.71,8,2,I,126.870668
duplicates,0.71,0.71,8,3,I,134.21871
duplicates,0.71,0.71,8,1,Q,118.219167
duplicates,0.71,0.71,8,2,Q,112.642771
duplicates,0.71,0.71,8,3,Q,109.141953
duplicates,0.71,0.71,8,1,M,111.023153
duplicates,0.71,0.71,8,2,M,110.401811
duplicates,0.71,0.71,8,3,M,120.758246
duplicates,0.71,0.71,8,1,H,109.591065
duplicates,0.71,0.71,8,2,H,108.734119
duplicates,0.71,0.71,8,3,H,108.435335
duplicates,0.71,0.71,8,1,R,115.21329
duplicates,0.71,0.71,8,2,R,110.072457
duplicates,0.71,0.71,8,3,R,119.566295
duplicates,0.72,0.72,1,1,I,122.598449
duplicates,0.72,0.72,1,2,I,125.301121
duplicates,0.72,0.72,1,3,I,121.579125
duplicates,0.72,0.72,1,1,Q,111.586558
duplicates,0.72,0.72,1,2,Q,111.016681
duplicates,0.72,0.72,1,3,Q,110.790132
duplicates,0.72,0.72,1,1,M,120.525326
duplicates,0.72,0.72,1,2,M,118.02778
duplicates,0.72,0.72,1,3,M,119.579883
duplicates,0.72,0.72,1,1,H,118.829825
duplicates,0.72,0.72,1,2,H,115.210895
duplicates,0.72,0.72,1,3,H,111.406715
duplicates,0.72,0.72,1,1,R,103.844016
duplicates,0.72,0.72,1,2,R,104.22203
duplicates,0.72,0.72,1,3,R,111.624629
duplicates,0.72,0.72,2,1,I,131.129062
duplicates,0.72,0.72,2,2,I,118.365232
duplicates,0.72,0.72,2,3,I,122.71351
duplicates,0.72,0.72,2,1,Q,112.509646
duplicates,0.72,0.72,2,2,Q,110.395734
duplicates,0.72,0.72,2,3,Q,114.189546
duplicates,0.72,0.72,2,1,M,113.175779
duplicates,0.72,0.72,2,2,M,116.237579
duplicates,0.72,0.72,2,3,M,115.640675
duplicates,0.72,0.72,2,1,H,115.669302
duplicates,0.72,0.72,2,2,H,114.159356
duplicates,0.72,0.72,2,3,H,113.472327
duplicates,0.72,0.72,2,1,R,111.878795
duplicates,0.72,0.72,2,2,R,111.876101
duplicates,0.72,0.72,2,3,R,112.13412
duplicates,0.72,0.72,3,1,I,127.514366
duplicates,0.72,0.72,3,2,I,119.453241
duplicates,0.72,0.72,3,3,I,123.137143
duplicates,0.72,0.72,3,1,Q,119.259582
duplicates,0.72,0.72,3,2,Q,112.199113
duplicates,0.72,0.72,3,3,Q,117.106262
duplicates,0.72,0.72,3,1,M,127.70447
duplicates,0.72,0.72,3,2,M,114.865991
duplicates,0.72,0.72,3,3,M,99.056303
duplicates,0.72,0.72,3,1,H,118.333046
duplicates,0.72,0.72,3,2,H,111.282685
duplicates,0.72,0.72,3,3,H,115.70801
duplicates,0.72,0.72,3,1,R,102.300915
duplicates,0.72,0.72,3,2,R,118.05942
duplicates,0.72,0.72,3,3,R,117.495098
duplicates,0.72,0.72,4,1,I,124.678627
duplicates,0.72,0.72,4,2,I,119.925511
duplicates,0.72,0.72,4,3,I,113.513245
duplicates,0.72,0.72,4,1,Q,112.692396
duplicates,0.72,0.72,4,2,Q,122.48549
duplicates,0.72,0.72,4,3,Q,114.468865
duplicates,0.72,0.72,4,1,M,113.37425
duplicates,0.72,0.72,4,2,M,118.107802
duplicates,0.72,0.72,4,3,M,113.246379
duplicates,0.72,0.72,4,1,H,117.873601
duplicates,0.72,0.72,4,2,H,110.9203
duplicates,0.72,0.72,4,3,H,114.383337
duplicates,0.72,0.72,4,1,R,114.064795
duplicates,0.72,0.72,4,2,R,111.934052
duplicates,0.72,0.72,4,3,R,108.710542
duplicates,0.72,0.72,5,1,I,120.424785
duplicates,0.72,0.72,5,2,I,120.072487
duplicates,0.72,0.72,5,3,I,122.316673
duplicates,0.72,0.72,5,1,Q,110.307632
duplicates,0.72,0.72,5,2,Q,110.618696
duplicates,0.72,0.72,5,3,Q,115.849808
duplicates,0.72,0.72,5,1,M,112.788793
duplicates,0.72,0.72,5,2,M,112.486246
duplicates,0.72,0.72,5,3,M,111.292136
duplicates,0.72,0.72,5,1,H,110.316209
duplicates,0.72,0.72,5,2,H,137.591569
duplicates,0.72,0.72,5,3,H,146.288739
duplicates,0.72,0.72,5,1,R,116.829872
duplicates,0.72,0.72,5,2,R,100.881781
duplicates,0.72,0.72,5,3,R,119.474305
duplicates,0.72,0.72,6,1,I,118.834518
duplicates,0.72,0.72,6,2,I,122.316565
duplicates,0.72,0.72,6,3,I,127.734206
duplicates,0.72,0.72,6,1,Q,109.71587
duplicates,0.72,0.72,6,2,Q,129.984424
duplicates,0.72,0.72,6,3,Q,114.770188
duplicates,0.72,0.72,6,1,M,108.203952
duplicates,0.72,0.72,6,2,M,117.393232
duplicates,0.72,0.72,6,3,M,114.498516
duplicates,0.72,0.72,6,1,H,115.276886
duplicates,0.72,0.72,6,2,H,112.504775
duplicates,0.72,0.72,6,3,H,113.436291
duplicates,0.72,0.72,6,1,R,109.249553
duplicates,0.72,0.72,6,2,R,110.403687
duplicates,0.72,0.72,6,3,R,110.706707
duplicates,0.72,0.72,7,1,I,122.641789
duplicates,0.72,0.72,7,2,I,120.831812
duplicates,0.72,0.72,7,3,I,130.938007
duplicates,0.72,0.72,7,1,Q,128.176281
duplicates,0.72,0.72,7,2,Q,121.434904
duplicates,0.72,0.72,7,3,Q,113.447274
duplicates,0.72,0.72,7,1,M,114.382027
duplicates,0.72,0.72,7,2,M,115.603132
duplicates,0.72,0.72,7,3,M,110.552113
duplicates,0.72,0.72,7,1,H,119.860268
duplicates,0.72,0.72,7,2,H,114.577201
duplicates,0.72,0.72,7,3,H,114.742013
duplicates,0.72,0.72,7,1,R,110.374034
duplicates,0.72,0.72,7,2,R,115.389036
duplicates,0.72,0.72,7,3,R,109.406801
duplicates,0.72,0.72,8,1,I,110.420058
duplicates,0.72,0.72,8,2,I,116.288274
duplicates,0.72,0.72,8,3,I,119.963265
duplicates,0.72,0.72,8,1,Q,115.387474
duplicates,0.72,0.72,8,2,Q,111.575437
duplicates,0.72,0.72,8,3,Q,106.807712
duplicates,0.72,0.72,8,1,M,120.33615
duplicates,0.72,0.72,8,2,M,111.808855
duplicates,0.72,0.72,8,3,M,109.809284
duplicates,0.72,0.72,8,1,H,113.014397
duplicates,0.72,0.72,8,2,H,109.293937
duplicates,0.72,0.72,8,3,H,118.366443
duplicates,0.72,0.72,8,1,R,114.984553
duplicates,0.72,0.72,8,2,R,113.88189
duplicates,0.72,0.72,8,3,R,107.679581
duplicates,0.73,0.73,1,1,I,118.749238
duplicates,0.73,0.73,1,2,I,125.888822
duplicates,0.73,0.73,1,3,I,129.214366
duplicates,0.73,0.73,1,1,Q,121.459111
duplicates,0.73,0.73,1,2,Q,118.19925
duplicates,0.73,0.73,1,3,Q,123.212026
duplicates,0.73,0.73,1,1,M,115.227018
duplicates,0.73,0.73,1,2,M,114.404372
duplicates,0.73,0.73,1,3,M,111.062874
duplicates,0.73,0.73,1,1,H,114.350074
duplicates,0.73,0.73,1,2,H,107.929076
duplicates,0.73,0.73,1,3,H,110.59797
duplicates,0.73,0.73,1,1,R,113.313736
duplicates,0.73,0.73,1,2,R,107.868044
duplicates,0.73,0.73,1,3,R,117.212515
duplicates,0.73,0.73,2,1,I,127.012615
duplicates,0.73,0.73,2,2,I,122.791811
duplicates,0.73,0.73,2,3,I,121.202059
duplicates,0.73,0.73,2,1,Q,106.859985
duplicates,0.73,0.73,2,2,Q,109.719486
duplicates,0.73,0.73,2,3,Q,109.39443
duplicates,0.73,0.73,2,1,M,108.900573
duplicates,0.73,0.73,2,2,M,113.686561
duplicates,0.73,0.73,2,3,M,114.390871
duplicates,0.73,0.73,2,1,H,113.593531
duplicates,0.73,0.73,2,2,H,107.957498
duplicates,0.73,0.73,2,3,H,112.332202
duplicates,0.73,0.73,2,1,R,114.530752
duplicates,0.73,0.73,2,2,R,113.668046
duplicates,0.73,0.73,2,3,R,108.456128
duplicates,0.73,0.73,3,1,I,127.401531
duplicates,0.73,0.73,3,2,I,120.87717
duplicates,0.73,0.73,3,3,I,122.565387
duplicates,0.73,0.73,3,1,Q,110.94982
duplicates,0.73,0.73,3,2,Q,112.866925
duplicates,0.73,0.73,3,3,Q,109.419039
duplicates,0.73,0.73,3,1,M,109.296166
duplicates,0.73,0.73,3,2,M,110.052509
duplicates,0.73,0.73,3,3,M,113.544512
duplicates,0.73,0.73,3,1,H,110.910637
duplicates,0.73,0.73,3,2,H,107.915973
duplicates,0.73,0.73,3,3,H,115.167922
duplicates,0.73,0.73,3,1,R,113.126453
duplicates,0.73,0.73,3,2,R,111.653134
duplicates,0.73,0.73,3,3,R,113.6574
duplicates,0.73,0.73,4,1,I,121.660004
duplicates,0.73,0.73,4,2,I,123.62318
duplicates,0.73,0.73,4,3,I,130.262599
duplicates,0.73,0.73,4,1,Q,115.511603
duplicates,0.73,0.73,4,2,Q,109.379468
duplicates,0.73,0.73,4,3,Q,108.155727
duplicates,0.73,0.73,4,1,M,113.152658
duplicates,0.73,0.73,4,2,M,99.832908
duplicates,0.73,0.73,4,3,M,106.458224
duplicates,0.73,0.73,4,1,H,112.61532
duplicates,0.73,0.73,4,2,H,109.134932
duplicates,0.73,0.73,4,3,H,112.096136
duplicates,0.73,0.73,4,1,R,114.340911
duplicates,0.73,0.73,4,2,R,101.823912
duplicates,0.73,0.73,4,3,R,111.742186
duplicates,0.73,0.73,5,1,I,127.22665
duplicates,0.73,0.73,5,2,I,119.535315
duplicates,0.73,0.73,5,3,I,116.884922
duplicates,0.73,0.73,5,1,Q,110.272786
duplicates,0.73,0.73,5,2,Q,110.498416
duplicates,0.73,0.73,5,3,Q,115.307853
duplicates,0.73,0.73,5,1,M,114.787851
duplicates,0.73,0.73,5,2,M,109.762901
duplicates,0.73,0.73,5,3,M,111.68078
duplicates,0.73,0.73,5,1,H,110.663733
duplicates,0.73,0.73,5,2,H,119.232554
duplicates,0.73,0.73,5,3,H,106.825789
duplicates,0.73,0.73,5,1,R,110.033789
duplicates,0.73,0.73,5,2,R,113.424811
duplicates,0.73,0.73,5,3,R,112.973149
duplicates,0.73,0.73,6,1,I,120.916509
duplicates,0.73,0.73,6,2,I,117.163708
duplicates,0.73,0.73,6,3,I,115.950817
duplicates,0.73,0.73,6,1,Q,113.287226
duplicates,0.73,0.73,6,2,Q,113.963408
duplicates,0.73,0.73,6,3,Q,111.569203
duplicates,0.73,0.73,6,1,M,115.227096
duplicates,0.73,0.73,6,2,M,111.034399
duplicates,0.73,0.73,6,3,M,112.237552
duplicates,0.73,0.73,6,1,H,119.921864
duplicates,0.73,0.73,6,2,H,115.216044
duplicates,0.73,0.73,6,3,H,111.97658
duplicates,0.73,0.73,6,1,R,115.925266
duplicates,0.73,0.73,6,2,R,113.907199
duplicates,0.73,0.73,6,3,R,114.547717
duplicates,0.73,0.73,7,1,I,120.494291
duplicates,0.73,0.73,7,2,I,119.52999
duplicates,0.73,0.73,7,3,I,121.269713
duplicates,0.73,0.73,7,1,Q,116.865768
duplicates,0.73,0.73,7,2,Q,113.511772
duplicates,0.73,0.73,7,3,Q,115.894695
duplicates,0.73,0.73,7,1,M,110.845632
duplicates,0.73,0.73,7,2,M,109.436003
duplicates,0.73,0.73,7,3,M,109.038922
duplicates,0.73,0.73,7,1,H,110.758262
duplicates,0.73,0.73,7,2,H,111.600994
duplicates,0.73,0.73,7,3,H,112.674191
duplicates,0.73,0.73,7,1,R,109.224792
duplicates,0.73,0.73,7,2,R,117.593103
duplicates,0.73,0.73,7,3,R,115.57619
duplicates,0.73,0.73,8,1,I,128.098639
duplicates,0.73,0.73,8,2,I,121.776304
duplicates,0.73,0.73,8,3,I,122.196411
duplicates,0.73,0.73,8,1,Q,116.538653
duplicates,0.73,0.73,8,2,Q,124.605536
duplicates,0.73,0.73,8,3,Q,134.546207
duplicates,0.73,0.73,8,1,M,123.309921
duplicates,0.73,0.73,8,2,M,120.835515
duplicates,0.73,0.73,8,3,M,116.073837
duplicates,0.73,0.73,8,1,H,114.732567
duplicates,0.73,0.73,8,2,H,101.276231
duplicates,0.73,0.73,8,3,H,114.9656
duplicates,0.73,0.73,8,1,R,111.897961
duplicates,0.73,0.73,8,2,R,132.771375
duplicates,0.73,0.73,8,3,R,127.663124
duplicates,0.74,0.74,1,1,I,133.665807
duplicates,0.74,0.74,1,2,I,125.227666
duplicates,0.74,0.74,1,3,I,123.289911
duplicates,0.74,0.74,1,1,Q,114.596909
duplicates,0.74,0.74,1,2,Q,117.644236
duplicates,0.74,0.74,1,3,Q,119.146095
duplicates,0.74,0.74,1,1,M,118.386575
duplicates,0.74,0.74,1,2,M,126.0484
duplicates,0.74,0.74,1,3,M,279.524315
duplicates,0.74,0.74,1,1,H,112.253867
duplicates,0.74,0.74,1,2,H,119.580006
duplicates,0.74,0.74,1,3,H,109.481145
duplicates,0.74,0.74,1,1,R,114.879438
duplicates,0.74,0.74,1,2,R,119.566361
duplicates,0.74,0.74,1,3,R,112.727404
duplicates,0.74,0.74,2,1,I,127.674037
duplicates,0.74,0.74,2,2,I,118.20241
duplicates,0.74,0.74,2,3,I,145.234741
duplicates,0.74,0.74,2,1,Q,108.646016
duplicates,0.74,0.74,2,2,Q,111.627853
duplicates,0.74,0.74,2,3,Q,108.650353
duplicates,0.74,0.74,2,1,M,110.265387
duplicates,0.74,0.74,2,2,M,109.9023
duplicates,0.74,0.74,2,3,M,132.114861
duplicates,0.74,0.74,2,1,H,117.698749
duplicates,0.74,0.74,2,2,H,110.563353
duplicates,0.74,0.74,2,3,H,108.716932
duplicates,0.74,0.74,2,1,R,123.939549
duplicates,0.74,0.74,2,2,R,117.072818
duplicates,0.74,0.74,2,3,R,115.775692
duplicates,0.74,0.74,3,1,I,119.914223
duplicates,0.74,0.74,3,2,I,128.845807
duplicates,0.74,0.74,3,3,I,119.492886
duplicates,0.74,0.74,3,1,Q,109.375623
duplicates,0.74,0.74,3,2,Q,115.258098
duplicates,0.74,0.74,3,3,Q,110.920541
duplicates,0.74,0.74,3,1,M,112.325239
duplicates,0.74,0.74,3,2,M,117.066965
duplicates,0.74,0.74,3,3,M,117.796848
duplicates,0.74,0.74,3,1,H,114.340704
duplicates,0.74,0.74,3,2,H,98.461105
duplicates,0.74,0.74,3,3,H,111.150582
duplicates,0.74,0.74,3,1,R,109.902659
duplicates,0.74,0.74,3,2,R,111.014746
duplicates,0.74,0.74,3,3,R,121.639913
duplicates,0.74,0.74,4,1,I,121.0248
duplicates,0.74,0.74,4,2,I,119.711311
duplicates,0.74,0.74,4,3,I,123.414712
duplicates,0.74,0.74,4,1,Q,108.985429
duplicates,0.74,0.74,4,2,Q,115.760424
duplicates,0.74,0.74,4,3,Q,111.843214
duplicates,0.74,0.74,4,1,M,116.563412
duplicates,0.74,0.74,4,2,M,109.399497
duplicates,0.74,0.74,4,3,M,124.84851
duplicates,0.74,0.74,4,1,H,116.530945
duplicates,0.74,0.74,4,2,H,116.830488
duplicates,0.74,0.74,4,3,H,117.930911
duplicates,0.74,0.74,4,1,R,106.423013
duplicates,0.74,0.74,4,2,R,115.831833
duplicates,0.74,0.74,4,3,R,113.077763
duplicates,0.74,0.74,5,1,I,116.278028
duplicates,0.74,0.74,5,2,I,122.358981
duplicates,0.74,0.74,5,3,I,115.734021
duplicates,0.74,0.74,5,1,Q,117.15974
duplicates,0.74,0.74,5,2,Q,112.801323
duplicates,0.74,0.74,5,3,Q,111.202936
duplicates,0.74,0.74,5,1,M,112.528553
duplicates,0.74,0.74,5,2,M,112.136625
duplicates,0.74,0.74,5,3,M,115.142154
duplicates,0.74,0.74,5,1,H,113.619961
duplicates,0.74,0.74,5,2,H,108.575229
duplicates,0.74,0.74,5,3,H,133.278528
duplicates,0.74,0.74,5,1,R,110.836347
duplicates,0.74,0.74,5,2,R,127.543062
duplicates,0.74,0.74,5,3,R,110.465593
duplicates,0.74,0.74,6,1,I,122.277658
duplicates,0.74,0.74,6,2,I,125.621516
duplicates,0.74,0.74,6,3,I,121.276015
duplicates,0.74,0.74,6,1,Q,114.801607
duplicates,0.74,0.74,6,2,Q,112.145917
duplicates,0.74,0.74,6,3,Q,119.529998
duplicates,0.74,0.74,6,1,M,112.244868
duplicates,0.74,0.74,6,2,M,107.676225
duplicates,0.74,0.74,6,3,M,112.318315
duplicates,0.74,0.74,6,1,H,109.27387
duplicates,0.74,0.74,6,2,H,106.873639
duplicates,0.74,0.74,6,3,H,109.893668
duplicates,0.74,0.74,6,1,R,113.197309
duplicates,0.74,0.74,6,2,R,110.120902
duplicates,0.74,0.74,6,3,R,110.292848
duplicates,0.74,0.74,7,1,I,121.854753
duplicates,0.74,0.74,7,2,I,118.495047
duplicates,0.74,0.74,7,3,I,122.122162
duplicates,0.74,0.74,7,1,Q,112.102859
duplicates,0.74,0.74,7,2,Q,110.564088
duplicates,0.74,0.74,7,3,Q,114.327657
duplicates,0.74,0.74,7,1,M,123.836233
duplicates,0.74,0.74,7,2,M,111.788788
duplicates,0.74,0.74,7,3,M,111.469662
duplicates,0.74,0.74,7,1,H,111.273854
duplicates,0.74,0.74,7,2,H,113.046431
duplicates,0.74,0.74,7,3,H,113.267584
duplicates,0.74,0.74,7,1,R,112.661237
duplicates,0.74,0.74,7,2,R,110.684909
duplicates,0.74,0.74,7,3,R,111.558402
duplicates,0.74,0.74,8,1,I,125.797464
duplicates,0.74,0.74,8,2,I,122.994728
duplicates,0.74,0.74,8,3,I,120.361228
duplicates,0.74,0.74,8,1,Q,112.764057
duplicates,0.74,0.74,8,2,Q,114.441457
duplicates,0.74,0.74,8,3,Q,113.907092
duplicates,0.74,0.74,8,1,M,111.371608
duplicates,0.74,0.74,8,2,M,110.747335
duplicates,0.74,0.74,8,3,M,112.193987
duplicates,0.74,0.74,8,1,H,114.297089
duplicates,0.74,0.74,8,2,H,113.994878
duplicates,0.74,0.74,8,3,H,112.972785
duplicates,0.74,0.74,8,1,R,100.75713
duplicates,0.74,0.74,8,2,R,113.143473
duplicates,0.74,0.74,8,3,R,117.406334
duplicates,0.74,0.74,9,1,I,117.978376
duplicates,0.74,0.74,9,2,I,117.886693
duplicates,0.74,0.74,9,3,I,121.44024
duplicates,0.74,0.74,9,1,Q,113.383199
duplicates,0.74,0.74,9,2,Q,115.216157
duplicates,0.74,0.74,9,3,Q,110.579875
duplicates,0.74,0.74,9,1,M,109.504826
duplicates,0.74,0.74,9,2,M,113.504048
duplicates,0.74,0.74,9,3,M,114.953344
duplicates,0.74,0.74,9,1,H,110.241326
duplicates,0.74,0.74,9,2,H,114.006252
duplicates,0.74,0.74,9,3,H,113.056947
duplicates,0.74,0.74,9,1,R,111.524637
duplicates,0.74,0.74,9,2,R,113.307958
duplicates,0.74,0.74,9,3,R,108.719541
duplicates,0.74,0.74,10,1,I,123.709891
duplicates,0.74,0.74,10,2,I,123.093042
duplicates,0.74,0.74,10,3,I,126.117392
duplicates,0.74,0.74,10,1,Q,114.770341
duplicates,0.74,0.74,10,2,Q,109.304275
duplicates,0.74,0.74,10,3,Q,110.838369
duplicates,0.74,0.74,10,1,M,115.862429
duplicates,0.74,0.74,10,2,M,110.411837
duplicates,0.74,0.74,10,3,M,109.411555
duplicates,0.74,0.74,10,1,H,113.379321
duplicates,0.74,0.74,10,2,H,135.661989
duplicates,0.74,0.74,10,3,H,111.911722
duplicates,0.74,0.74,10,1,R,111.263861
duplicates,0.74,0.74,10,2,R,110.663253
duplicates,0.74,0.74,10,3,R,111.170786
duplicates,0.74,0.74,11,1,I,129.226719
duplicates,0.74,0.74,11,2,I,136.771093
duplicates,0.74,0.74,11,3,I,129.058672
duplicates,0.74,0.74,11,1,Q,118.646706
duplicates,0.74,0.74,11,2,Q,118.867165
duplicates,0.74,0.74,11,3,Q,108.993245
duplicates,0.74,0.74,11,1,M,115.095868
duplicates,0.74,0.74,11,2,M,114.009669
duplicates,0.74,0.74,11,3,M,111.822252
duplicates,0.74,0.74,11,1,H,116.548895
duplicates,0.74,0.74,11,2,H,113.250718
duplicates,0.74,0.74,11,3,H,120.188162
duplicates,0.74,0.74,11,1,R,112.191093
duplicates,0.74,0.74,11,2,R,107.175147
duplicates,0.74,0.74,11,3,R,107.345927
duplicates,0.74,0.74,12,1,I,120.97365
duplicates,0.74,0.74,12,2,I,131.707936
duplicates,0.74,0.74,12,3,I,122.138663
duplicates,0.74,0.74,12,1,Q,119.765565
duplicates,0.74,0.74,12,2,Q,111.650503
duplicates,0.74,0.74,12,3,Q,119.634224
duplicates,0.74,0.74,12,1,M,109.653343
duplicates,0.74,0.74,12,2,M,111.096658
duplicates,0.74,0.74,12,3,M,113.641927
duplicates,0.74,0.74,12,1,H,113.957866
duplicates,0.74,0.74,12,2,H,114.661274
duplicates,0.74,0.74,12,3,H,117.061161
duplicates,0.74,0.74,12,1,R,111.010901
duplicates,0.74,0.74,12,2,R,110.575137
duplicates,0.74,0.74,12,3,R,110.247609
duplicates,0.74,0.74,13,1,I,123.038092
duplicates,0.74,0.74,13,2,I,120.810434
duplicates,0.74,0.74,13,3,I,129.813411
duplicates,0.74,0.74,13,1,Q,109.401315
duplicates,0.74,0.74,13,2,Q,112.855867
duplicates,0.74,0.74,13,3,Q,118.081162
duplicates,0.74,0.74,13,1,M,110.651069
duplicates,0.74,0.74,13,2,M,118.124685
duplicates,0.74,0.74,13,3,M,109.077923
duplicates,0.74,0.74,13,1,H,115.81233
duplicates,0.74,0.74,13,2,H,113.20249
duplicates,0.74,0.74,13,3,H,108.5385
duplicates,0.74,0.74,13,1,R,111.353913
duplicates,0.74,0.74,13,2,R,118.760872
duplicates,0.74,0.74,13,3,R,118.67565
duplicates,0.74,0.74,14,1,I,121.684247
duplicates,0.74,0.74,14,2,I,124.628678
duplicates,0.74,0.74,14,3,I,126.413927
duplicates,0.74,0.74,14,1,Q,110.887727
duplicates,0.74,0.74,14,2,Q,114.364028
duplicates,0.74,0.74,14,3,Q,110.401681
duplicates,0.74,0.74,14,1,M,110.543819
duplicates,0.74,0.74,14,2,M,107.420562
duplicates,0.74,0.74,14,3,M,112.203511
duplicates,0.74,0.74,14,1,H,119.489096
duplicates,0.74,0.74,14,2,H,123.069629
duplicates,0.74,0.74,14,3,H,113.274372
duplicates,0.74,0.74,14,1,R,101.303813
duplicates,0.74,0.74,14,2,R,101.088047
duplicates,0.74,0.74,14,3,R,118.626623
duplicates,0.74,0.74,15,1,I,135.787965
duplicates,0.74,0.74,15,2,I,121.512273
duplicates,0.74,0.74,15,3,I,124.010365
duplicates,0.74,0.74,15,1,Q,118.131354
duplicates,0.74,0.74,15,2,Q,114.740542
duplicates,0.74,0.74,15,3,Q,118.739621
duplicates,0.74,0.74,15,1,M,111.43448
duplicates,0.74,0.74,15,2,M,114.273939
duplicates,0.74,0.74,15,3,M,114.417647
duplicates,0.74,0.74,15,1,H,124.953317
duplicates,0.74,0.74,15,2,H,115.279922
duplicates,0.74,0.74,15,3,H,119.888875
duplicates,0.74,0.74,15,1,R,114.805642
duplicates,0.74,0.74,15,2,R,119.079496
duplicates,0.74,0.74,15,3,R,115.896584
duplicates,0.74,0.74,16,1,I,138.285139
duplicates,0.74,0.74,16,2,I,114.229208
duplicates,0.74,0.74,16,3,I,120.501535
duplicates,0.74,0.74,16,1,Q,110.454093
duplicates,0.74,0.74,16,2,Q,117.503515
duplicates,0.74,0.74,16,3,Q,115.254096
duplicates,0.74,0.74,16,1,M,114.437493
duplicates,0.74,0.74,16,2,M,121.824852
duplicates,0.74,0.74,16,3,M,114.260257
duplicates,0.74,0.74,16,1,H,109.455745
duplicates,0.74,0.74,16,2,H,116.475172
duplicates,0.74,0.74,16,3,H,110.156772
duplicates,0.74,0.74,16,1,R,118.820069
duplicates,0.74,0.74,16,2,R,113.958
duplicates,0.74,0.74,16,3,R,112.097886
duplicates,0.74,0.74,17,1,I,133.756863
duplicates,0.74,0.74,17,2,I,127.104849
duplicates,0.74,0.74,17,3,I,119.359825
duplicates,0.74,0.74,17,1,Q,115.907204
duplicates,0.74,0.74,17,2,Q,117.884913
duplicates,0.74,0.74,17,3,Q,119.080379
duplicates,0.74,0.74,17,1,M,116.419447
duplicates,0.74,0.74,17,2,M,111.632016
duplicates,0.74,0.74,17,3,M,114.811675
duplicates,0.74,0.74,17,1,H,123.905666
duplicates,0.74,0.74,17,2,H,112.438985
duplicates,0.74,0.74,17,3,H,116.577153
duplicates,0.74,0.74,17,1,R,113.676956
duplicates,0.74,0.74,17,2,R,111.224999
duplicates,0.74,0.74,17,3,R,110.113821
duplicates,0.74,0.74,18,1,I,123.292224
duplicates,0.74,0.74,18,2,I,121.18995
duplicates,0.74,0.74,18,3,I,118.568823
duplicates,0.74,0.74,18,1,Q,97.316725
duplicates,0.74,0.74,18,2,Q,119.150672
duplicates,0.74,0.74,18,3,Q,120.711541
duplicates,0.74,0.74,18,1,M,112.610555
duplicates,0.74,0.74,18,2,M,115.955967
duplicates,0.74,0.74,18,3,M,113.714271
duplicates,0.74,0.74,18,1,H,120.080516
duplicates,0.74,0.74,18,2,H,105.659612
duplicates,0.74,0.74,18,3,H,117.240379
duplicates,0.74,0.74,18,1,R,112.718271
duplicates,0.74,0.74,18,2,R,122.443235
duplicates,0.74,0.74,18,3,R,119.098097
duplicates,0.74,0.74,19,1,I,124.359827
duplicates,0.74,0.74,19,2,I,122.523238
duplicates,0.74,0.74,19,3,I,126.443794
duplicates,0.74,0.74,19,1,Q,109.918375
duplicates,0.74,0.74,19,2,Q,125.346755
duplicates,0.74,0.74,19,3,Q,98.227488
duplicates,0.74,0.74,19,1,M,120.063072
duplicates,0.74,0.74,19,2,M,121.840641
duplicates,0.74,0.74,19,3,M,131.492827
duplicates,0.74,0.74,19,1,H,115.624353
duplicates,0.74,0.74,19,2,H,118.747259
duplicates,0.74,0.74,19,3,H,127.946722
duplicates,0.74,0.74,19,1,R,173.017981
duplicates,0.74,0.74,19,2,R,113.543762
duplicates,0.74,0.74,19,3,R,117.89011
duplicates,0.74,0.74,20,1,I,129.016539
duplicates,0.74,0.74,20,2,I,126.562329
duplicates,0.74,0.74,20,3,I,130.696188
duplicates,0.74,0.74,20,1,Q,123.747231
duplicates,0.74,0.74,20,2,Q,108.62899
duplicates,0.74,0.74,20,3,Q,111.937766
duplicates,0.74,0.74,20,1,M,109.562195
duplicates,0.74,0.74,20,2,M,111.460391
duplicates,0.74,0.74,20,3,M,114.349793
duplicates,0.74,0.74,20,1,H,111.482551
duplicates,0.74,0.74,20,2,H,114.454231
duplicates,0.74,0.74,20,3,H,117.532508
duplicates,0.74,0.74,20,1,R,99.843015
duplicates,0.74,0.74,20,2,R,110.220119
duplicates,0.74,0.74,20,3,R,114.068579
duplicates,0.74,0.74,21,1,I,125.303203
duplicates,0.74,0.74,21,2,I,125.441588
duplicates,0.74,0.74,21,3,I,127.523773
duplicates,0.74,0.74,21,1,Q,117.547818
duplicates,0.74,0.74,21,2,Q,112.250515
duplicates,0.74,0.74,21,3,Q,117.370838
duplicates,0.74,0.74,21,1,M,121.5112
duplicates,0.74,0.74,21,2,M,120.372585
duplicates,0.74,0.74,21,3,M,113.862485
duplicates,0.74,0.74,21,1,H,111.323895
duplicates,0.74,0.74,21,2,H,124.191825
duplicates,0.74,0.74,21,3,H,111.076629
duplicates,0.74,0.74,21,1,R,109.640582
duplicates,0.74,0.74,21,2,R,112.462269
duplicates,0.74,0.74,21,3,R,114.385659
duplicates,0.75,0.75,1,1,I,121.421108
duplicates,0.75,0.75,1,2,I,118.119013
duplicates,0.75,0.75,1,3,I,122.628358
duplicates,0.75,0.75,1,1,Q,111.654823
duplicates,0.75,0.75,1,2,Q,111.776692
duplicates,0.75,0.75,1,3,Q,123.795264
duplicates,0.75,0.75,1,1,M,115.320209
duplicates,0.75,0.75,1,2,M,113.595444
duplicates,0.75,0.75,1,3,M,119.754165
duplicates,0.75,0.75,1,1,H,109.289377
duplicates,0.75,0.75,1,2,H,109.657887
duplicates,0.75,0.75,1,3,H,119.593515
duplicates,0.75,0.75,1,1,R,109.7506
duplicates,0.75,0.75,1,2,R,110.554099
duplicates,0.75,0.75,1,3,R,112.963032
duplicates,0.75,0.75,2,1,I,118.52116
duplicates,0.75,0.75,2,2,I,120.260258
duplicates,0.75,0.75,2,3,I,120.412125
duplicates,0.75,0.75,2,1,Q,110.669088
duplicates,0.75,0.75,2,2,Q,112.432186
duplicates,0.75,0.75,2,3,Q,109.881052
duplicates,0.75,0.75,2,1,M,115.785239
duplicates,0.75,0.75,2,2,M,112.998953
duplicates,0.75,0.75,2,3,M,108.49352
duplicates,0.75,0.75,2,1,H,111.078388
duplicates,0.75,0.75,2,2,H,112.394314
duplicates,0.75,0.75,2,3,H,110.332159
duplicates,0.75,0.75,2,1,R,110.413636
duplicates,0.75,0.75,2,2,R,110.7222
duplicates,0.75,0.75,2,3,R,114.224603
duplicates,0.75,0.75,3,1,I,122.477883
duplicates,0.75,0.75,3,2,I,128.510263
duplicates,0.75,0.75,3,3,I,119.437571
duplicates,0.75,0.75,3,1,Q,118.384531
duplicates,0.75,0.75,3,2,Q,111.843357
duplicates,0.75,0.75,3,3,Q,112.943919
duplicates,0.75,0.75,3,1,M,114.564946
duplicates,0.75,0.75,3,2,M,124.191633
duplicates,0.75,0.75,3,3,M,128.717724
duplicates,0.75,0.75,3,1,H,114.189533
duplicates,0.75,0.75,3,2,H,123.733634
duplicates,0.75,0.75,3,3,H,114.527959
duplicates,0.75,0.75,3,1,R,115.584472
duplicates,0.75,0.75,3,2,R,122.572972
duplicates,0.75,0.75,3,3,R,123.186653
duplicates,0.75,0.75,4,1,I,131.479057
duplicates,0.75,0.75,4,2,I,123.266847
duplicates,0.75,0.75,4,3,I,133.666932
duplicates,0.75,0.75,4,1,Q,135.286368
duplicates,0.75,0.75,4,2,Q,119.053578
duplicates,0.75,0.75,4,3,Q,112.511026
duplicates,0.75,0.75,4,1,M,121.152742
duplicates,0.75,0.75,4,2,M,110.994975
duplicates,0.75,0.75,4,3,M,113.76085
duplicates,0.75,0.75,4,1,H,117.095081
duplicates,0.75,0.75,4,2,H,122.260408
duplicates,0.75,0.75,4,3,H,117.179027
duplicates,0.75,0.75,4,1,R,127.653653
duplicates,0.75,0.75,4,2,R,116.535561
duplicates,0.75,0.75,4,3,R,122.293782
duplicates,0.75,0.75,5,1,I,121.117007
duplicates,0.75,0.75,5,2,I,119.759832
duplicates,0.75,0.75,5,3,I,121.163066
duplicates,0.75,0.75,5,1,Q,118.871689
duplicates,0.75,0.75,5,2,Q,110.970281
duplicates,0.75,0.75,5,3,Q,131.407307
duplicates,0.75,0.75,5,1,M,126.049271
duplicates,0.75,0.75,5,2,M,117.976046
duplicates,0.75,0.75,5,3,M,125.72589
duplicates,0.75,0.75,5,1,H,121.304899
duplicates,0.75,0.75,5,2,H,119.704311
duplicates,0.75,0.75,5,3,H,114.625214
duplicates,0.75,0.75,5,1,R,110.572062
duplicates,0.75,0.75,5,2,R,109.028528
duplicates,0.75,0.75,5,3,R,111.608517
duplicates,0.75,0.75,6,1,I,120.396077
duplicates,0.75,0.75,6,2,I,121.817712
duplicates,0.75,0.75,6,3,I,121.68732
duplicates,0.75,0.75,6,1,Q,118.342657
duplicates,0.75,0.75,6,2,Q,120.964606
duplicates,0.75,0.75,6,3,Q,125.832335
duplicates,0.75,0.75,6,1,M,117.172012
duplicates,0.75,0.75,6,2,M,124.5527
duplicates,0.75,0.75,6,3,M,120.399473
duplicates,0.75,0.75,6,1,H,121.259324
duplicates,0.75,0.75,6,2,H,113.340508
duplicates,0.75,0.75,6,3,H,128.0469
duplicates,0.75,0.75,6,1,R,128.483601
duplicates,0.75,0.75,6,2,R,135.578913
duplicates,0.75,0.75,6,3,R,132.243644
duplicates,0.75,0.75,7,1,I,125.638389
duplicates,0.75,0.75,7,2,I,125.858533
duplicates,0.75,0.75,7,3,I,109.412844
duplicates,0.75,0.75,7,1,Q,110.161263
duplicates,0.75,0.75,7,2,Q,116.29349
duplicates,0.75,0.75,7,3,Q,114.668099
duplicates,0.75,0.75,7,1,M,103.815126
duplicates,0.75,0.75,7,2,M,100.670662
duplicates,0.75,0.75,7,3,M,114.711412
duplicates,0.75,0.75,7,1,H,120.365173
duplicates,0.75,0.75,7,2,H,100.954986
duplicates,0.75,0.75,7,3,H,111.802462
duplicates,0.75,0.75,7,1,R,109.654283
duplicates,0.75,0.75,7,2,R,117.702847
duplicates,0.75,0.75,7,3,R,111.553931
duplicates,0.75,0.75,8,1,I,118.455773
duplicates,0.75,0.75,8,2,I,123.985387
duplicates,0.75,0.75,8,3,I,123.785548
duplicates,0.75,0.75,8,1,Q,114.711473
duplicates,0.75,0.75,8,2,Q,112.829524
duplicates,0.75,0.75,8,3,Q,103.145217
duplicates,0.75,0.75,8,1,M,113.575233
duplicates,0.75,0.75,8,2,M,113.308765
duplicates,0.75,0.75,8,3,M,113.293693
duplicates,0.75,0.75,8,1,H,111.533393
duplicates,0.75,0.75,8,2,H,113.964486
duplicates,0.75,0.75,8,3,H,113.957987
duplicates,0.75,0.75,8,1,R,110.894504
duplicates,0.75,0.75,8,2,R,111.627047
duplicates,0.75,0.75,8,3,R,116.581265
duplicates,0.76,0.76,1,1,I,123.448267
duplicates,0.76,0.76,1,2,I,119.472016
duplicates,0.76,0.76,1,3,I,128.71742
duplicates,0.76,0.76,1,1,Q,122.147279
duplicates,0.76,0.76,1,2,Q,115.439619
duplicates,0.76,0.76,1,3,Q,126.77536
duplicates,0.76,0.76,1,1,M,125.563581
duplicates,0.76,0.76,1,2,M,120.611921
duplicates,0.76,0.76,1,3,M,122.886145
duplicates,0.76,0.76,1,1,H,117.501157
duplicates,0.76,0.76,1,2,H,124.720201
duplicates,0.76,0.76,1,3,H,115.537212
duplicates,0.76,0.76,1,1,R,118.668648
duplicates,0.76,0.76,1,2,R,113.67024
duplicates,0.76,0.76,1,3,R,112.324411
duplicates,0.76,0.76,2,1,I,123.71186
duplicates,0.76,0.76,2,2,I,123.631447
duplicates,0.76,0.76,2,3,I,120.420683
duplicates,0.76,0.76,2,1,Q,111.100796
duplicates,0.76,0.76,2,2,Q,112.988113
duplicates,0.76,0.76,2,3,Q,113.468199
duplicates,0.76,0.76,2,1,M,113.751599
duplicates,0.76,0.76,2,2,M,117.467295
duplicates,0.76,0.76,2,3,M,110.304689
duplicates,0.76,0.76,2,1,H,115.142908
duplicates,0.76,0.76,2,2,H,115.278923
duplicates,0.76,0.76,2,3,H,114.275398
duplicates,0.76,0.76,2,1,R,112.619858
duplicates,0.76,0.76,2,2,R,114.11993
duplicates,0.76,0.76,2,3,R,114.127938
duplicates,0.76,0.76,3,1,I,130.681598
duplicates,0.76,0.76,3,2,I,120.590481
duplicates,0.76,0.76,3,3,I,120.051717
duplicates,0.76,0.76,3,1,Q,120.401612
duplicates,0.76,0.76,3,2,Q,110.884825
duplicates,0.76,0.76,3,3,Q,120.102778
duplicates,0.76,0.76,3,1,M,117.038679
duplicates,0.76,0.76,3,2,M,117.504533
duplicates,0.76,0.76,3,3,M,114.743474
duplicates,0.76,0.76,3,1,H,121.352462
duplicates,0.76,0.76,3,2,H,114.072909
duplicates,0.76,0.76,3,3,H,113.830314
duplicates,0.76,0.76,3,1,R,110.389525
duplicates,0.76,0.76,3,2,R,112.276451
duplicates,0.76,0.76,3,3,R,111.991603
duplicates,0.76,0.76,4,1,I,126.210829
duplicates,0.76,0.76,4,2,I,123.888332
duplicates,0.76,0.76,4,3,I,122.607384
duplicates,0.76,0.76,4,1,Q,113.960777
duplicates,0.76,0.76,4,2,Q,107.930099
duplicates,0.76,0.76,4,3,Q,111.720041
duplicates,0.76,0.76,4,1,M,114.214242
duplicates,0.76,0.76,4,2,M,115.896286
duplicates,0.76,0.76,4,3,M,119.079793
duplicates,0.76,0.76,4,1,H,119.524554
duplicates,0.76,0.76,4,2,H,117.408189
duplicates,0.76,0.76,4,3,H,118.225476
duplicates,0.76,0.76,4,1,R,113.318805
duplicates,0.76,0.76,4,2,R,110.050499
duplicates,0.76,0.76,4,3,R,114.254352
duplicates,0.76,0.76,5,1,I,123.302649
duplicates,0.76,0.76,5,2,I,131.805997
duplicates,0.76,0.76,5,3,I,120.6012
duplicates,0.76,0.76,5,1,Q,110.488308
duplicates,0.76,0.76,5,2,Q,115.376375
duplicates,0.76,0.76,5,3,Q,116.633758
duplicates,0.76,0.76,5,1,M,113.89617
duplicates,0.76,0.76,5,2,M,118.806419
duplicates,0.76,0.76,5,3,M,119.865661
duplicates,0.76,0.76,5,1,H,111.69457
duplicates,0.76,0.76,5,2,H,115.957154
duplicates,0.76,0.76,5,3,H,120.009338
duplicates,0.76,0.76,5,1,R,116.185925
duplicates,0.76,0.76,5,2,R,126.526874
duplicates,0.76,0.76,5,3,R,117.187225
duplicates,0.76,0.76,6,1,I,119.587542
duplicates,0.76,0.76,6,2,I,122.21549
duplicates,0.76,0.76,6,3,I,117.896516
duplicates,0.76,0.76,6,1,Q,111.414926
duplicates,0.76,0.76,6,2,Q,117.227662
duplicates,0.76,0.76,6,3,Q,112.820583
duplicates,0.76,0.76,6,1,M,121.486989
duplicates,0.76,0.76,6,2,M,123.5532
duplicates,0.76,0.76,6,3,M,118.500875
duplicates,0.76,0.76,6,1,H,112.310436
duplicates,0.76,0.76,6,2,H,111.990186
duplicates,0.76,0.76,6,3,H,108.65323
duplicates,0.76,0.76,6,1,R,119.132366
duplicates,0.76,0.76,6,2,R,109.510583
duplicates,0.76,0.76,6,3,R,115.690972
duplicates,0.76,0.76,7,1,I,126.023267
duplicates,0.76,0.76,7,2,I,124.507815
duplicates,0.76,0.76,7,3,I,120.266277
duplicates,0.76,0.76,7,1,Q,123.910139
duplicates,0.76,0.76,7,2,Q,111.798183
duplicates,0.76,0.76,7,3,Q,117.264366
duplicates,0.76,0.76,7,1,M,117.275059
duplicates,0.76,0.76,7,2,M,121.190423
duplicates,0.76,0.76,7,3,M,121.067142
duplicates,0.76,0.76,7,1,H,117.87587
duplicates,0.76,0.76,7,2,H,114.731034
duplicates,0.76,0.76,7,3,H,117.980586
duplicates,0.76,0.76,7,1,R,115.633633
duplicates,0.76,0.76,7,2,R,113.5067
duplicates,0.76,0.76,7,3,R,123.968685
duplicates,0.76,0.76,8,1,I,130.768079
duplicates,0.76,0.76,8,2,I,122.089333
duplicates,0.76,0.76,8,3,I,120.861465
duplicates,0.76,0.76,8,1,Q,115.341264
duplicates,0.76,0.76,8,2,Q,115.691717
duplicates,0.76,0.76,8,3,Q,113.242647
duplicates,0.76,0.76,8,1,M,112.988226
duplicates,0.76,0.76,8,2,M,118.698551
duplicates,0.76,0.76,8,3,M,112.111209
duplicates,0.76,0.76,8,1,H,111.367601
duplicates,0.76,0.76,8,2,H,113.178776
duplicates,0.76,0.76,8,3,H,111.435187
duplicates,0.76,0.76,8,1,R,119.887693
duplicates,0.76,0.76,8,2,R,125.643641
duplicates,0.76,0.76,8,3,R,113.127744
duplicates,0.77,0.77,1,1,I,118.978262
duplicates,0.77,0.77,1,2,I,130.532281
duplicates,0.77,0.77,1,3,I,128.147979
duplicates,0.77,0.77,1,1,Q,116.687787
duplicates,0.77,0.77,1,2,Q,100.141044
duplicates,0.77,0.77,1,3,Q,113.779156
duplicates,0.77,0.77,1,1,M,112.211147
duplicates,0.77,0.77,1,2,M,131.609427
duplicates,0.77,0.77,1,3,M,115.911876
duplicates,0.77,0.77,1,1,H,126.547936
duplicates,0.77,0.77,1,2,H,111.475039
duplicates,0.77,0.77,1,3,H,120.284658
duplicates,0.77,0.77,1,1,R,110.843412
duplicates,0.77,0.77,1,2,R,116.743899
duplicates,0.77,0.77,1,3,R,113.731853
duplicates,0.77,0.77,2,1,I,121.727328
duplicates,0.77,0.77,2,2,I,123.089847
duplicates,0.77,0.77,2,3,I,122.014764
duplicates,0.77,0.77,2,1,Q,114.258995
duplicates,0.77,0.77,2,2,Q,118.591963
duplicates,0.77,0.77,2,3,Q,119.967159
duplicates,0.77,0.77,2,1,M,112.209177
duplicates,0.77,0.77,2,2,M,110.183688
duplicates,0.77,0.77,2,3,M,121.192865
duplicates,0.77,0.77,2,1,H,108.356144
duplicates,0.77,0.77,2,2,H,115.364465
duplicates,0.77,0.77,2,3,H,110.406522
duplicates,0.77,0.77,2,1,R,111.336363
duplicates,0.77,0.77,2,2,R,117.483154
duplicates,0.77,0.77,2,3,R,113.911735
duplicates,0.77,0.77,3,1,I,117.013443
duplicates,0.77,0.77,3,2,I,123.013432
duplicates,0.77,0.77,3,3,I,122.307245
duplicates,0.77,0.77,3,1,Q,108.647616
duplicates,0.77,0.77,3,2,Q,109.827413
duplicates,0.77,0.77,3,3,Q,108.706407
duplicates,0.77,0.77,3,1,M,107.788028
duplicates,0.77,0.77,3,2,M,118.669963
duplicates,0.77,0.77,3,3,M,111.885888
duplicates,0.77,0.77,3,1,H,109.284343
duplicates,0.77,0.77,3,2,H,115.043419
duplicates,0.77,0.77,3,3,H,110.281552
duplicates,0.77,0.77,3,1,R,99.912937
duplicates,0.77,0.77,3,2,R,112.183905
duplicates,0.77,0.77,3,3,R,114.434966
duplicates,0.77,0.77,4,1,I,117.29295
duplicates,0.77,0.77,4,2,I,117.759712
duplicates,0.77,0.77,4,3,I,122.54128
duplicates,0.77,0.77,4,1,Q,115.920707
duplicates,0.77,0.77,4,2,Q,121.005363
duplicates,0.77,0.77,4,3,Q,110.736519
duplicates,0.77,0.77,4,1,M,110.869846
duplicates,0.77,0.77,4,2,M,129.594243
duplicates,0.77,0.77,4,3,M,112.231623
duplicates,0.77,0.77,4,1,H,115.774618
duplicates,0.77,0.77,4,2,H,115.03677
duplicates,0.77,0.77,4,3,H,109.20701
duplicates,0.77,0.77,4,1,R,117.224895
duplicates,0.77,0.77,4,2,R,115.298688
duplicates,0.77,0.77,4,3,R,109.59778
duplicates,0.77,0.77,5,1,I,120.425031
duplicates,0.77,0.77,5,2,I,118.804231
duplicates,0.77,0.77,5,3,I,120.184717
duplicates,0.77,0.77,5,1,Q,115.203815
duplicates,0.77,0.77,5,2,Q,115.056984
duplicates,0.77,0.77,5,3,Q,108.396014
duplicates,0.77,0.77,5,1,M,110.578756
duplicates,0.77,0.77,5,2,M,113.767599
duplicates,0.77,0.77,5,3,M,109.690305
duplicates,0.77,0.77,5,1,H,115.677794
duplicates,0.77,0.77,5,2,H,116.972857
duplicates,0.77,0.77,5,3,H,112.589461
duplicates,0.77,0.77,5,1,R,106.22574
duplicates,0.77,0.77,5,2,R,114.235521
duplicates,0.77,0.77,5,3,R,111.434856
duplicates,0.77,0.77,6,1,I,119.134122
duplicates,0.77,0.77,6,2,I,123.43165
duplicates,0.77,0.77,6,3,I,120.31363
duplicates,0.77,0.77,6,1,Q,112.061594
duplicates,0.77,0.77,6,2,Q,113.047685
duplicates,0.77,0.77,6,3,Q,112.574807
duplicates,0.77,0.77,6,1,M,109.893191
duplicates,0.77,0.77,6,2,M,116.763152
duplicates,0.77,0.77,6,3,M,117.72873
duplicates,0.77,0.77,6,1,H,113.340742
duplicates,0.77,0.77,6,2,H,111.563915
duplicates,0.77,0.77,6,3,H,108.244598
duplicates,0.77,0.77,6,1,R,113.021791
duplicates,0.77,0.77,6,2,R,113.487295
duplicates,0.77,0.77,6,3,R,109.174072
duplicates,0.77,0.77,7,1,I,116.787264
duplicates,0.77,0.77,7,2,I,120.798453
duplicates,0.77,0.77,7,3,I,119.192888
duplicates,0.77,0.77,7,1,Q,111.589617
duplicates,0.77,0.77,7,2,Q,111.58344
duplicates,0.77,0.77,7,3,Q,110.356695
duplicates,0.77,0.77,7,1,M,119.666508
duplicates,0.77,0.77,7,2,M,107.515966
duplicates,0.77,0.77,7,3,M,107.93539
duplicates,0.77,0.77,7,1,H,113.853268
duplicates,0.77,0.77,7,2,H,112.984086
duplicates,0.77,0.77,7,3,H,110.442348
duplicates,0.77,0.77,7,1,R,115.918964
duplicates,0.77,0.77,7,2,R,116.392491
duplicates,0.77,0.77,7,3,R,112.604526
duplicates,0.77,0.77,8,1,I,124.899832
duplicates,0.77,0.77,8,2,I,123.379701
duplicates,0.77,0.77,8,3,I,120.319895
duplicates,0.77,0.77,8,1,Q,108.733161
duplicates,0.77,0.77,8,2,Q,113.381879
duplicates,0.77,0.77,8,3,Q,112.94441
duplicates,0.77,0.77,8,1,M,111.630258
duplicates,0.77,0.77,8,2,M,113.290207
duplicates,0.77,0.77,8,3,M,111.643156
duplicates,0.77,0.77,8,1,H,117.449707
duplicates,0.77,0.77,8,2,H,106.640312
duplicates,0.77,0.77,8,3,H,109.532583
duplicates,0.77,0.77,8,1,R,107.644903
duplicates,0.77,0.77,8,2,R,115.472978
duplicates,0.77,0.77,8,3,R,108.311975
duplicates,0.78,0.78,1,1,I,120.671554
duplicates,0.78,0.78,1,2,I,124.065254
duplicates,0.78,0.78,1,3,I,121.590423
duplicates,0.78,0.78,1,1,Q,107.298535
duplicates,0.78,0.78,1,2,Q,108.07212
duplicates,0.78,0.78,1,3,Q,109.514918
duplicates,0.78,0.78,1,1,M,117.997449
duplicates,0.78,0.78,1,2,M,101.131039
duplicates,0.78,0.78,1,3,M,109.158027
duplicates,0.78,0.78,1,1,H,107.38561
duplicates,0.78,0.78,1,2,H,110.897167
duplicates,0.78,0.78,1,3,H,117.615519
duplicates,0.78,0.78,1,1,R,116.954551
duplicates,0.78,0.78,1,2,R,109.374378
duplicates,0.78,0.78,1,3,R,110.182508
duplicates,0.78,0.78,2,1,I,120.63798
duplicates,0.78,0.78,2,2,I,124.228616
duplicates,0.78,0.78,2,3,I,117.296522
duplicates,0.78,0.78,2,1,Q,110.568342
duplicates,0.78,0.78,2,2,Q,118.527512
duplicates,0.78,0.78,2,3,Q,113.473063
duplicates,0.78,0.78,2,1,M,112.90105
duplicates,0.78,0.78,2,2,M,112.904261
duplicates,0.78,0.78,2,3,M,115.976073
duplicates,0.78,0.78,2,1,H,121.514951
duplicates,0.78,0.78,2,2,H,128.102594
duplicates,0.78,0.78,2,3,H,128.72527
duplicates,0.78,0.78,2,1,R,111.97313
duplicates,0.78,0.78,2,2,R,121.483945
duplicates,0.78,0.78,2,3,R,120.66075
duplicates,0.78,0.78,3,1,I,134.972073
duplicates,0.78,0.78,3,2,I,128.919938
duplicates,0.78,0.78,3,3,I,129.859353
duplicates,0.78,0.78,3,1,Q,116.169445
duplicates,0.78,0.78,3,2,Q,111.064915
duplicates,0.78,0.78,3,3,Q,109.404638
duplicates,0.78,0.78,3,1,M,115.922956
duplicates,0.78,0.78,3,2,M,110.400843
duplicates,0.78,0.78,3,3,M,112.248427
duplicates,0.78,0.78,3,1,H,115.318739
duplicates,0.78,0.78,3,2,H,110.102492
duplicates,0.78,0.78,3,3,H,111.625717
duplicates,0.78,0.78,3,1,R,116.91824
duplicates,0.78,0.78,3,2,R,112.062568
duplicates,0.78,0.78,3,3,R,110.125842
duplicates,0.78,0.78,4,1,I,122.319495
duplicates,0.78,0.78,4,2,I,121.394461
duplicates,0.78,0.78,4,3,I,123.049626
duplicates,0.78,0.78,4,1,Q,112.143618
duplicates,0.78,0.78,4,2,Q,112.681605
duplicates,0.78,0.78,4,3,Q,111.265886
duplicates,0.78,0.78,4,1,M,113.471033
duplicates,0.78,0.78,4,2,M,131.585862
duplicates,0.78,0.78,4,3,M,120.287112
duplicates,0.78,0.78,4,1,H,118.078294
duplicates,0.78,0.78,4,2,H,125.272219
duplicates,0.78,0.78,4,3,H,115.429734
duplicates,0.78,0.78,4,1,R,117.850744
duplicates,0.78,0.78,4,2,R,110.169341
duplicates,0.78,0.78,4,3,R,112.641308
duplicates,0.78,0.78,5,1,I,119.286105
duplicates,0.78,0.78,5,2,I,129.898192
duplicates,0.78,0.78,5,3,I,125.720012
duplicates,0.78,0.78,5,1,Q,110.78691
duplicates,0.78,0.78,5,2,Q,112.396982
duplicates,0.78,0.78,5,3,Q,108.255575
duplicates,0.78,0.78,5,1,M,112.39378
duplicates,0.78,0.78,5,2,M,110.04707
duplicates,0.78,0.78,5,3,M,121.571611
duplicates,0.78,0.78,5,1,H,117.576802
duplicates,0.78,0.78,5,2,H,110.852507
duplicates,0.78,0.78,5,3,H,112.739061
duplicates,0.78,0.78,5,1,R,110.805486
duplicates,0.78,0.78,5,2,R,110.651892
duplicates,0.78,0.78,5,3,R,109.467636
duplicates,0.78,0.78,6,1,I,119.364845
duplicates,0.78,0.78,6,2,I,124.543202
duplicates,0.78,0.78,6,3,I,120.751245
duplicates,0.78,0.78,6,1,Q,112.459414
duplicates,0.78,0.78,6,2,Q,110.804451
duplicates,0.78,0.78,6,3,Q,112.963399
duplicates,0.78,0.78,6,1,M,107.284192
duplicates,0.78,0.78,6,2,M,109.581992
duplicates,0.78,0.78,6,3,M,109.955388
duplicates,0.78,0.78,6,1,H,107.882405
duplicates,0.78,0.78,6,2,H,106.820016
duplicates,0.78,0.78,6,3,H,112.149992
duplicates,0.78,0.78,6,1,R,109.425057
duplicates,0.78,0.78,6,2,R,111.04345
duplicates,0.78,0.78,6,3,R,110.776984
duplicates,0.78,0.78,7,1,I,122.082548
duplicates,0.78,0.78,7,2,I,123.664549
duplicates,0.78,0.78,7,3,I,123.464569
duplicates,0.78,0.78,7,1,Q,107.581037
duplicates,0.78,0.78,7,2,Q,116.781643
duplicates,0.78,0.78,7,3,Q,111.469481
duplicates,0.78,0.78,7,1,M,114.649429
duplicates,0.78,0.78,7,2,M,113.010172
duplicates,0.78,0.78,7,3,M,100.865697
duplicates,0.78,0.78,7,1,H,105.291883
duplicates,0.78,0.78,7,2,H,115.919092
duplicates,0.78,0.78,7,3,H,112.25844
duplicates,0.78,0.78,7,1,R,109.390552
duplicates,0.78,0.78,7,2,R,111.038485
duplicates,0.78,0.78,7,3,R,114.121324
duplicates,0.78,0.78,8,1,I,130.026768
duplicates,0.78,0.78,8,2,I,120.733354
duplicates,0.78,0.78,8,3,I,121.525075
duplicates,0.78,0.78,8,1,Q,111.493875
duplicates,0.78,0.78,8,2,Q,114.568261
duplicates,0.78,0.78,8,3,Q,110.334362
duplicates,0.78,0.78,8,1,M,116.018081
duplicates,0.78,0.78,8,2,M,113.66179
duplicates,0.78,0.78,8,3,M,110.32179
duplicates,0.78,0.78,8,1,H,118.242864
duplicates,0.78,0.78,8,2,H,113.955893
duplicates,0.78,0.78,8,3,H,117.323602
duplicates,0.78,0.78,8,1,R,112.312632
duplicates,0.78,0.78,8,2,R,111.123415
duplicates,0.78,0.78,8,3,R,130.038737
duplicates,0.79,0.79,1,1,I,177.538626
duplicates,0.79,0.79,1,2,I,128.736145
duplicates,0.79,0.79,1,3,I,127.549759
duplicates,0.79,0.79,1,1,Q,110.013143
duplicates,0.79,0.79,1,2,Q,115.475758
duplicates,0.79,0.79,1,3,Q,110.569307
duplicates,0.79,0.79,1,1,M,110.240359
duplicates,0.79,0.79,1,2,M,110.667923
duplicates,0.79,0.79,1,3,M,115.60519
duplicates,0.79,0.79,1,1,H,115.079832
duplicates,0.79,0.79,1,2,H,112.931782
duplicates,0.79,0.79,1,3,H,112.797361
duplicates,0.79,0.79,1,1,R,116.479095
duplicates,0.79,0.79,1,2,R,111.476291
duplicates,0.79,0.79,1,3,R,112.843811
duplicates,0.79,0.79,2,1,I,121.750543
duplicates,0.79,0.79,2,2,I,124.92681
duplicates,0.79,0.79,2,3,I,120.946635
duplicates,0.79,0.79,2,1,Q,112.436453
duplicates,0.79,0.79,2,2,Q,113.371822
duplicates,0.79,0.79,2,3,Q,111.079023
duplicates,0.79,0.79,2,1,M,112.652134
duplicates,0.79,0.79,2,2,M,115.076113
duplicates,0.79,0.79,2,3,M,112.505766
duplicates,0.79,0.79,2,1,H,107.179719
duplicates,0.79,0.79,2,2,H,112.419588
duplicates,0.79,0.79,2,3,H,108.331933
duplicates,0.79,0.79,2,1,R,115.092695
duplicates,0.79,0.79,2,2,R,118.061327
duplicates,0.79,0.79,2,3,R,114.561767
duplicates,0.79,0.79,3,1,I,123.032019
duplicates,0.79,0.79,3,2,I,120.171618
duplicates,0.79,0.79,3,3,I,121.958619
duplicates,0.79,0.79,3,1,Q,109.863323
duplicates,0.79,0.79,3,2,Q,111.420142
duplicates,0.79,0.79,3,3,Q,114.329035
duplicates,0.79,0.79,3,1,M,117.279647
duplicates,0.79,0.79,3,2,M,112.088752
duplicates,0.79,0.79,3,3,M,126.886563
duplicates,0.79,0.79,3,1,H,116.154375
duplicates,0.79,0.79,3,2,H,109.495413
duplicates,0.79,0.79,3,3,H,109.895134
duplicates,0.79,0.79,3,1,R,110.247236
duplicates,0.79,0.79,3,2,R,111.542515
duplicates,0.79,0.79,3,3,R,111.895621
duplicates,0.79,0.79,4,1,I,121.507449
duplicates,0.79,0.79,4,2,I,119.249535
duplicates,0.79,0.79,4,3,I,118.911759
duplicates,0.79,0.79,4,1,Q,112.086356
duplicates,0.79,0.79,4,2,Q,110.389094
duplicates,0.79,0.79,4,3,Q,108.509566
duplicates,0.79,0.79,4,1,M,108.534514
duplicates,0.79,0.79,4,2,M,110.744329
duplicates,0.79,0.79,4,3,M,108.622578
duplicates,0.79,0.79,4,1,H,110.878445
duplicates,0.79,0.79,4,2,H,110.923451
duplicates,0.79,0.79,4,3,H,109.391298
duplicates,0.79,0.79,4,1,R,113.756131
duplicates,0.79,0.79,4,2,R,112.981677
duplicates,0.79,0.79,4,3,R,110.209131
duplicates,0.79,0.79,5,1,I,123.823647
duplicates,0.79,0.79,5,2,I,111.571554
duplicates,0.79,0.79,5,3,I,124.619136
duplicates,0.79,0.79,5,1,Q,115.625922
duplicates,0.79,0.79,5,2,Q,109.552472
duplicates,0.79,0.79,5,3,Q,113.617481
duplicates,0.79,0.79,5,1,M,119.677844
duplicates,0.79,0.79,5,2,M,112.861005
duplicates,0.79,0.79,5,3,M,114.627544
duplicates,0.79,0.79,5,1,H,111.793507
duplicates,0.79,0.79,5,2,H,111.851811
duplicates,0.79,0.79,5,3,H,109.405154
duplicates,0.79,0.79,5,1,R,119.998926
duplicates,0.79,0.79,5,2,R,108.148453
duplicates,0.79,0.79,5,3,R,112.999558
duplicates,0.79,0.79,6,1,I,123.809232
duplicates,0.79,0.79,6,2,I,120.463442
duplicates,0.79,0.79,6,3,I,121.150417
duplicates,0.79,0.79,6,1,Q,112.72014
duplicates,0.79,0.79,6,2,Q,116.551272
duplicates,0.79,0.79,6,3,Q,118.341669
duplicates,0.79,0.79,6,1,M,117.268547
duplicates,0.79,0.79,6,2,M,110.158987
duplicates,0.79,0.79,6,3,M,108.765182
duplicates,0.79,0.79,6,1,H,109.174393
duplicates,0.79,0.79,6,2,H,110.712579
duplicates,0.79,0.79,6,3,H,108.193121
duplicates,0.79,0.79,6,1,R,110.235362
duplicates,0.79,0.79,6,2,R,109.865235
duplicates,0.79,0.79,6,3,R,110.514308
duplicates,0.79,0.79,7,1,I,120.063533
duplicates,0.79,0.79,7,2,I,118.05561
duplicates,0.79,0.79,7,3,I,119.454377
duplicates,0.79,0.79,7,1,Q,111.574631
duplicates,0.79,0.79,7,2,Q,108.769641
duplicates,0.79,0.79,7,3,Q,109.435895
duplicates,0.79,0.79,7,1,M,110.646681
duplicates,0.79,0.79,7,2,M,114.705531
duplicates,0.79,0.79,7,3,M,108.035801
duplicates,0.79,0.79,7,1,H,111.131063
duplicates,0.79,0.79,7,2,H,117.511532
duplicates,0.79,0.79,7,3,H,117.783169
duplicates,0.79,0.79,7,1,R,111.058906
duplicates,0.79,0.79,7,2,R,113.829556
duplicates,0.79,0.79,7,3,R,110.580185
duplicates,0.79,0.79,8,1,I,125.327708
duplicates,0.79,0.79,8,2,I,122.609626
duplicates,0.79,0.79,8,3,I,122.445019
duplicates,0.79,0.79,8,1,Q,110.249005
duplicates,0.79,0.79,8,2,Q,111.608209
duplicates,0.79,0.79,8,3,Q,112.062355
duplicates,0.79,0.79,8,1,M,114.314687
duplicates,0.79,0.79,8,2,M,107.509874
duplicates,0.79,0.79,8,3,M,111.664729
duplicates,0.79,0.79,8,1,H,112.995804
duplicates,0.79,0.79,8,2,H,114.583166
duplicates,0.79,0.79,8,3,H,126.058702
duplicates,0.79,0.79,8,1,R,113.844393
duplicates,0.79,0.79,8,2,R,115.668402
duplicates,0.79,0.79,8,3,R,125.574772
duplicates,0.8,0.8,1,1,I,121.493572
duplicates,0.8,0.8,1,2,I,121.771562
duplicates,0.8,0.8,1,3,I,125.401928
duplicates,0.8,0.8,1,1,Q,110.653031
duplicates,0.8,0.8,1,2,Q,115.170994
duplicates,0.8,0.8,1,3,Q,113.378231
duplicates,0.8,0.8,1,1,M,117.975714
duplicates,0.8,0.8,1,2,M,111.750402
duplicates,0.8,0.8,1,3,M,108.859099
duplicates,0.8,0.8,1,1,H,109.330511
duplicates,0.8,0.8,1,2,H,111.436743
duplicates,0.8,0.8,1,3,H,112.561015
duplicates,0.8,0.8,1,1,R,121.262107
duplicates,0.8,0.8,1,2,R,113.420367
duplicates,0.8,0.8,1,3,R,135.890299
duplicates,0.8,0.8,2,1,I,132.649081
duplicates,0.8,0.8,2,2,I,128.988136
duplicates,0.8,0.8,2,3,I,132.317413
duplicates,0.8,0.8,2,1,Q,109.266941
duplicates,0.8,0.8,2,2,Q,109.748086
duplicates,0.8,0.8,2,3,Q,110.317083
duplicates,0.8,0.8,2,1,M,123.068963
duplicates,0.8,0.8,2,2,M,119.809877
duplicates,0.8,0.8,2,3,M,131.507579
duplicates,0.8,0.8,2,1,H,114.888438
duplicates,0.8,0.8,2,2,H,112.834522
duplicates,0.8,0.8,2,3,H,123.407249
duplicates,0.8,0.8,2,1,R,111.226449
duplicates,0.8,0.8,2,2,R,116.315531
duplicates,0.8,0.8,2,3,R,115.665799
duplicates,0.8,0.8,3,1,I,123.756486
duplicates,0.8,0.8,3,2,I,120.918078
duplicates,0.8,0.8,3,3,I,129.682411
duplicates,0.8,0.8,3,1,Q,108.356485
duplicates,0.8,0.8,3,2,Q,108.73813
duplicates,0.8,0.8,3,3,Q,110.499588
duplicates,0.8,0.8,3,1,M,108.438984
duplicates,0.8,0.8,3,2,M,109.737969
duplicates,0.8,0.8,3,3,M,120.14728
duplicates,0.8,0.8,3,1,H,108.302358
duplicates,0.8,0.8,3,2,H,110.6892
duplicates,0.8,0.8,3,3,H,120.29823
duplicates,0.8,0.8,3,1,R,125.434501
duplicates,0.8,0.8,3,2,R,107.976321
duplicates,0.8,0.8,3,3,R,110.275737
duplicates,0.8,0.8,4,1,I,122.115357
duplicates,0.8,0.8,4,2,I,119.135375
duplicates,0.8,0.8,4,3,I,127.135823
duplicates,0.8,0.8,4,1,Q,115.011249
duplicates,0.8,0.8,4,2,Q,110.14303
duplicates,0.8,0.8,4,3,Q,120.462192
duplicates,0.8,0.8,4,1,M,110.048559
duplicates,0.8,0.8,4,2,M,109.524519
duplicates,0.8,0.8,4,3,M,111.223542
duplicates,0.8,0.8,4,1,H,102.727157
duplicates,0.8,0.8,4,2,H,109.505999
duplicates,0.8,0.8,4,3,H,108.95828
duplicates,0.8,0.8,4,1,R,111.827164
duplicates,0.8,0.8,4,2,R,113.963187
duplicates,0.8,0.8,4,3,R,97.2011
duplicates,0.8,0.8,5,1,I,118.105698
duplicates,0.8,0.8,5,2,I,123.518325
duplicates,0.8,0.8,5,3,I,120.129419
duplicates,0.8,0.8,5,1,Q,114.139264
duplicates,0.8,0.8,5,2,Q,111.442372
duplicates,0.8,0.8,5,3,Q,111.461234
duplicates,0.8,0.8,5,1,M,116.695883
duplicates,0.8,0.8,5,2,M,108.062394
duplicates,0.8,0.8,5,3,M,110.869907
duplicates,0.8,0.8,5,1,H,111.541294
duplicates,0.8,0.8,5,2,H,115.772726
duplicates,0.8,0.8,5,3,H,116.073566
duplicates,0.8,0.8,5,1,R,118.109806
duplicates,0.8,0.8,5,2,R,111.729852
duplicates,0.8,0.8,5,3,R,119.641001
duplicates,0.8,0.8,6,1,I,120.139113
duplicates,0.8,0.8,6,2,I,118.088895
duplicates,0.8,0.8,6,3,I,115.937439
duplicates,0.8,0.8,6,1,Q,113.369485
duplicates,0.8,0.8,6,2,Q,112.96789
duplicates,0.8,0.8,6,3,Q,112.815152
duplicates,0.8,0.8,6,1,M,112.034937
duplicates,0.8,0.8,6,2,M,123.713869
duplicates,0.8,0.8,6,3,M,116.245063
duplicates,0.8,0.8,6,1,H,116.141335
duplicates,0.8,0.8,6,2,H,112.796542
duplicates,0.8,0.8,6,3,H,115.238859
duplicates,0.8,0.8,6,1,R,110.594232
duplicates,0.8,0.8,6,2,R,113.161451
duplicates,0.8,0.8,6,3,R,117.444375
duplicates,0.8,0.8,7,1,I,123.481037
duplicates,0.8,0.8,7,2,I,121.473942
duplicates,0.8,0.8,7,3,I,128.048092
duplicates,0.8,0.8,7,1,Q,110.115237
duplicates,0.8,0.8,7,2,Q,113.05614
duplicates,0.8,0.8,7,3,Q,115.938971
duplicates,0.8,0.8,7,1,M,114.560274
duplicates,0.8,0.8,7,2,M,112.486414
duplicates,0.8,0.8,7,3,M,114.483596
duplicates,0.8,0.8,7,1,H,117.317567
duplicates,0.8,0.8,7,2,H,111.062326
duplicates,0.8,0.8,7,3,H,114.862963
duplicates,0.8,0.8,7,1,R,117.084287
duplicates,0.8,0.8,7,2,R,112.793977
duplicates,0.8,0.8,7,3,R,111.990279
duplicates,0.8,0.8,8,1,I,119.96736
duplicates,0.8,0.8,8,2,I,124.351144
duplicates,0.8,0.8,8,3,I,119.640207
duplicates,0.8,0.8,8,1,Q,115.826213
duplicates,0.8,0.8,8,2,Q,116.881043
duplicates,0.8,0.8,8,3,Q,129.189797
duplicates,0.8,0.8,8,1,M,116.146039
duplicates,0.8,0.8,8,2,M,124.548092
duplicates,0.8,0.8,8,3,M,127.124256
duplicates,0.8,0.8,8,1,H,112.038409
duplicates,0.8,0.8,8,2,H,110.218313
duplicates,0.8,0.8,8,3,H,112.149217
duplicates,0.8,0.8,8,1,R,114.362772
duplicates,0.8,0.8,8,2,R,109.716457
duplicates,0.8,0.8,8,3,R,111.282532
duplicates,0.81,0.81,1,1,I,115.264599
duplicates,0.81,0.81,1,2,I,126.167805
duplicates,0.81,0.81,1,3,I,123.245994
duplicates,0.81,0.81,1,1,Q,112.415068
duplicates,0.81,0.81,1,2,Q,112.074235
duplicates,0.81,0.81,1,3,Q,126.397494
duplicates,0.81,0.81,1,1,M,111.698112
duplicates,0.81,0.81,1,2,M,117.25944
duplicates,0.81,0.81,1,3,M,113.882916
duplicates,0.81,0.81,1,1,H,124.207033
duplicates,0.81,0.81,1,2,H,111.33395
duplicates,0.81,0.81,1,3,H,116.281495
duplicates,0.81,0.81,1,1,R,116.056609
duplicates,0.81,0.81,1,2,R,110.692785
duplicates,0.81,0.81,1,3,R,117.270538
duplicates,0.81,0.81,2,1,I,132.67804
duplicates,0.81,0.81,2,2,I,118.761426
duplicates,0.81,0.81,2,3,I,119.333038
duplicates,0.81,0.81,2,1,Q,120.722186
duplicates,0.81,0.81,2,2,Q,125.761665
duplicates,0.81,0.81,2,3,Q,116.362897
duplicates,0.81,0.81,2,1,M,108.741699
duplicates,0.81,0.81,2,2,M,122.257652
duplicates,0.81,0.81,2,3,M,114.020234
duplicates,0.81,0.81,2,1,H,114.456694
duplicates,0.81,0.81,2,2,H,109.868311
duplicates,0.81,0.81,2,3,H,137.013448
duplicates,0.81,0.81,2,1,R,128.567647
duplicates,0.81,0.81,2,2,R,116.679542
duplicates,0.81,0.81,2,3,R,110.123308
duplicates,0.81,0.81,3,1,I,121.193739
duplicates,0.81,0.81,3,2,I,124.776801
duplicates,0.81,0.81,3,3,I,133.90806
duplicates,0.81,0.81,3,1,Q,128.936792
duplicates,0.81,0.81,3,2,Q,118.695921
duplicates,0.81,0.81,3,3,Q,113.46636
duplicates,0.81,0.81,3,1,M,111.272885
duplicates,0.81,0.81,3,2,M,109.237183
duplicates,0.81,0.81,3,3,M,114.273549
duplicates,0.81,0.81,3,1,H,115.889902
duplicates,0.81,0.81,3,2,H,115.559447
duplicates,0.81,0.81,3,3,H,114.61704
duplicates,0.81,0.81,3,1,R,119.272107
duplicates,0.81,0.81,3,2,R,121.604478
duplicates,0.81,0.81,3,3,R,113.906804
duplicates,0.81,0.81,4,1,I,126.36906
duplicates,0.81,0.81,4,2,I,119.359585
duplicates,0.81,0.81,4,3,I,134.788071
duplicates,0.81,0.81,4,1,Q,117.957096
duplicates,0.81,0.81,4,2,Q,125.30031
duplicates,0.81,0.81,4,3,Q,113.419086
duplicates,0.81,0.81,4,1,M,123.219705
duplicates,0.81,0.81,4,2,M,124.669068
duplicates,0.81,0.81,4,3,M,110.384405
duplicates,0.81,0.81,4,1,H,111.956039
duplicates,0.81,0.81,4,2,H,121.228342
duplicates,0.81,0.81,4,3,H,116.820673
duplicates,0.81,0.81,4,1,R,113.419668
duplicates,0.81,0.81,4,2,R,120.727665
duplicates,0.81,0.81,4,3,R,121.807184
duplicates,0.81,0.81,5,1,I,127.029294
duplicates,0.81,0.81,5,2,I,131.085899
duplicates,0.81,0.81,5,3,I,123.981109
duplicates,0.81,0.81,5,1,Q,106.999447
duplicates,0.81,0.81,5,2,Q,109.838139
duplicates,0.81,0.81,5,3,Q,110.385868
duplicates,0.81,0.81,5,1,M,111.434822
duplicates,0.81,0.81,5,2,M,114.890055
duplicates,0.81,0.81,5,3,M,114.339287
duplicates,0.81,0.81,5,1,H,111.885618
duplicates,0.81,0.81,5,2,H,110.844517
duplicates,0.81,0.81,5,3,H,110.180893
duplicates,0.81,0.81,5,1,R,111.196188
duplicates,0.81,0.81,5,2,R,107.329002
duplicates,0.81,0.81,5,3,R,107.468928
duplicates,0.81,0.81,6,1,I,132.423535
duplicates,0.81,0.81,6,2,I,123.351452
duplicates,0.81,0.81,6,3,I,123.057525
duplicates,0.81,0.81,6,1,Q,118.338693
duplicates,0.81,0.81,6,2,Q,119.77642
duplicates,0.81,0.81,6,3,Q,112.062048
duplicates,0.81,0.81,6,1,M,112.443869
duplicates,0.81,0.81,6,2,M,114.699651
duplicates,0.81,0.81,6,3,M,114.150004
duplicates,0.81,0.81,6,1,H,114.441236
duplicates,0.81,0.81,6,2,H,112.993827
duplicates,0.81,0.81,6,3,H,112.646496
duplicates,0.81,0.81,6,1,R,101.253901
duplicates,0.81,0.81,6,2,R,110.878102
duplicates,0.81,0.81,6,3,R,114.213964
duplicates,0.81,0.81,7,1,I,139.332788
duplicates,0.81,0.81,7,2,I,124.088682
duplicates,0.81,0.81,7,3,I,124.284302
duplicates,0.81,0.81,7,1,Q,116.60858
duplicates,0.81,0.81,7,2,Q,112.089726
duplicates,0.81,0.81,7,3,Q,104.624029
duplicates,0.81,0.81,7,1,M,118.707079
duplicates,0.81,0.81,7,2,M,116.988325
duplicates,0.81,0.81,7,3,M,119.814486
duplicates,0.81,0.81,7,1,H,115.051712
duplicates,0.81,0.81,7,2,H,111.55347
duplicates,0.81,0.81,7,3,H,115.327119
duplicates,0.81,0.81,7,1,R,112.988399
duplicates,0.81,0.81,7,2,R,112.805064
duplicates,0.81,0.81,7,3,R,111.121003
duplicates,0.81,0.81,8,1,I,119.547736
duplicates,0.81,0.81,8,2,I,138.175093
duplicates,0.81,0.81,8,3,I,125.438103
duplicates,0.81,0.81,8,1,Q,116.713893
duplicates,0.81,0.81,8,2,Q,122.677359
duplicates,0.81,0.81,8,3,Q,114.506776
duplicates,0.81,0.81,8,1,M,111.654919
duplicates,0.81,0.81,8,2,M,113.564669
duplicates,0.81,0.81,8,3,M,109.060976
duplicates,0.81,0.81,8,1,H,111.826542
duplicates,0.81,0.81,8,2,H,118.480239
duplicates,0.81,0.81,8,3,H,112.667924
duplicates,0.81,0.81,8,1,R,108.32103
duplicates,0.81,0.81,8,2,R,113.170465
duplicates,0.81,0.81,8,3,R,109.665936
duplicates,0.82,0.82,1,1,I,125.174595
duplicates,0.82,0.82,1,2,I,122.198437
duplicates,0.82,0.82,1,3,I,128.273685
duplicates,0.82,0.82,1,1,Q,130.295205
duplicates,0.82,0.82,1,2,Q,113.141624
duplicates,0.82,0.82,1,3,Q,100.623569
duplicates,0.82,0.82,1,1,M,117.568457
duplicates,0.82,0.82,1,2,M,116.530313
duplicates,0.82,0.82,1,3,M,112.17216
duplicates,0.82,0.82,1,1,H,122.033424
duplicates,0.82,0.82,1,2,H,123.752333
duplicates,0.82,0.82,1,3,H,117.700531
duplicates,0.82,0.82,1,1,R,112.137547
duplicates,0.82,0.82,1,2,R,123.535905
duplicates,0.82,0.82,1,3,R,110.363014
duplicates,0.82,0.82,2,1,I,122.801563
duplicates,0.82,0.82,2,2,I,113.49828
duplicates,0.82,0.82,2,3,I,121.499415
duplicates,0.82,0.82,2,1,Q,109.758182
duplicates,0.82,0.82,2,2,Q,118.318964
duplicates,0.82,0.82,2,3,Q,118.834386
duplicates,0.82,0.82,2,1,M,115.504996
duplicates,0.82,0.82,2,2,M,97.975651
duplicates,0.82,0.82,2,3,M,111.302585
duplicates,0.82,0.82,2,1,H,112.739913
duplicates,0.82,0.82,2,2,H,115.384824
duplicates,0.82,0.82,2,3,H,116.079983
duplicates,0.82,0.82,2,1,R,109.499012
duplicates,0.82,0.82,2,2,R,115.725733
duplicates,0.82,0.82,2,3,R,112.305775
duplicates,0.82,0.82,3,1,I,119.702844
duplicates,0.82,0.82,3,2,I,118.533204
duplicates,0.82,0.82,3,3,I,123.102125
duplicates,0.82,0.82,3,1,Q,110.771232
duplicates,0.82,0.82,3,2,Q,114.695733
duplicates,0.82,0.82,3,3,Q,113.421301
duplicates,0.82,0.82,3,1,M,112.747927
duplicates,0.82,0.82,3,2,M,112.267089
duplicates,0.82,0.82,3,3,M,106.362494
duplicates,0.82,0.82,3,1,H,112.805328
duplicates,0.82,0.82,3,2,H,113.114861
duplicates,0.82,0.82,3,3,H,113.598721
duplicates,0.82,0.82,3,1,R,115.86187
duplicates,0.82,0.82,3,2,R,116.719744
duplicates,0.82,0.82,3,3,R,112.819328
duplicates,0.82,0.82,4,1,I,125.075103
duplicates,0.82,0.82,4,2,I,133.804599
duplicates,0.82,0.82,4,3,I,109.462995
duplicates,0.82,0.82,4,1,Q,113.824267
duplicates,0.82,0.82,4,2,Q,108.111847
duplicates,0.82,0.82,4,3,Q,113.707384
duplicates,0.82,0.82,4,1,M,111.960491
duplicates,0.82,0.82,4,2,M,116.723483
duplicates,0.82,0.82,4,3,M,108.840815
duplicates,0.82,0.82,4,1,H,111.123336
duplicates,0.82,0.82,4,2,H,114.235515
duplicates,0.82,0.82,4,3,H,122.759013
duplicates,0.82,0.82,4,1,R,109.550752
duplicates,0.82,0.82,4,2,R,110.498646
duplicates,0.82,0.82,4,3,R,108.845456
duplicates,0.82,0.82,5,1,I,119.103725
duplicates,0.82,0.82,5,2,I,121.831598
duplicates,0.82,0.82,5,3,I,123.687978
duplicates,0.82,0.82,5,1,Q,114.89565
duplicates,0.82,0.82,5,2,Q,115.128695
duplicates,0.82,0.82,5,3,Q,110.434141
duplicates,0.82,0.82,5,1,M,113.904299
duplicates,0.82,0.82,5,2,M,119.389672
duplicates,0.82,0.82,5,3,M,113.55126
duplicates,0.82,0.82,5,1,H,113.674722
duplicates,0.82,0.82,5,2,H,110.368674
duplicates,0.82,0.82,5,3,H,111.351875
duplicates,0.82,0.82,5,1,R,112.536485
duplicates,0.82,0.82,5,2,R,114.044251
duplicates,0.82,0.82,5,3,R,113.240515
duplicates,0.82,0.82,6,1,I,120.142533
duplicates,0.82,0.82,6,2,I,137.741598
duplicates,0.82,0.82,6,3,I,123.709555
duplicates,0.82,0.82,6,1,Q,114.579988
duplicates,0.82,0.82,6,2,Q,112.085714
duplicates,0.82,0.82,6,3,Q,121.158525
duplicates,0.82,0.82,6,1,M,112.174009
duplicates,0.82,0.82,6,2,M,110.450795
duplicates,0.82,0.82,6,3,M,114.574432
duplicates,0.82,0.82,6,1,H,116.922012
duplicates,0.82,0.82,6,2,H,128.923724
duplicates,0.82,0.82,6,3,H,121.552276
duplicates,0.82,0.82,6,1,R,109.388442
duplicates,0.82,0.82,6,2,R,115.897845
duplicates,0.82,0.82,6,3,R,115.227614
duplicates,0.82,0.82,7,1,I,132.121395
duplicates,0.82,0.82,7,2,I,120.622016
duplicates,0.82,0.82,7,3,I,122.735537
duplicates,0.82,0.82,7,1,Q,125.111685
duplicates,0.82,0.82,7,2,Q,111.902661
duplicates,0.82,0.82,7,3,Q,119.682523
duplicates,0.82,0.82,7,1,M,110.403923
duplicates,0.82,0.82,7,2,M,118.833479
duplicates,0.82,0.82,7,3,M,101.471174
duplicates,0.82,0.82,7,1,H,123.342944
duplicates,0.82,0.82,7,2,H,110.214857
duplicates,0.82,0.82,7,3,H,108.271065
duplicates,0.82,0.82,7,1,R,112.231078
duplicates,0.82,0.82,7,2,R,116.097132
duplicates,0.82,0.82,7,3,R,115.325837
duplicates,0.82,0.82,8,1,I,120.312897
duplicates,0.82,0.82,8,2,I,119.707249
duplicates,0.82,0.82,8,3,I,119.649004
duplicates,0.82,0.82,8,1,Q,110.288068
duplicates,0.82,0.82,8,2,Q,118.393668
duplicates,0.82,0.82,8,3,Q,110.56069
duplicates,0.82,0.82,8,1,M,114.88555
duplicates,0.82,0.82,8,2,M,109.735388
duplicates,0.82,0.82,8,3,M,113.202002
duplicates,0.82,0.82,8,1,H,113.279067
duplicates,0.82,0.82,8,2,H,116.580606
duplicates,0.82,0.82,8,3,H,110.471999
duplicates,0.82,0.82,8,1,R,101.606609
duplicates,0.82,0.82,8,2,R,110.372455
duplicates,0.82,0.82,8,3,R,113.092428
duplicates,0.83,0.83,1,1,I,122.727699
duplicates,0.83,0.83,1,2,I,120.218247
duplicates,0.83,0.83,1,3,I,126.511215
duplicates,0.83,0.83,1,1,Q,115.255131
duplicates,0.83,0.83,1,2,Q,117.990259
duplicates,0.83,0.83,1,3,Q,118.475705
duplicates,0.83,0.83,1,1,M,114.449093
duplicates,0.83,0.83,1,2,M,111.858854
duplicates,0.83,0.83,1,3,M,121.142888
duplicates,0.83,0.83,1,1,H,109.132856
duplicates,0.83,0.83,1,2,H,101.025751
duplicates,0.83,0.83,1,3,H,119.2213
duplicates,0.83,0.83,1,1,R,115.104022
duplicates,0.83,0.83,1,2,R,116.837753
duplicates,0.83,0.83,1,3,R,122.350621
duplicates,0.83,0.83,2,1,I,125.384855
duplicates,0.83,0.83,2,2,I,122.51438
duplicates,0.83,0.83,2,3,I,124.77514
duplicates,0.83,0.83,2,1,Q,110.599329
duplicates,0.83,0.83,2,2,Q,116.42879
duplicates,0.83,0.83,2,3,Q,111.374854
duplicates,0.83,0.83,2,1,M,119.936069
duplicates,0.83,0.83,2,2,M,146.833465
duplicates,0.83,0.83,2,3,M,108.036832
duplicates,0.83,0.83,2,1,H,121.07642
duplicates,0.83,0.83,2,2,H,120.331632
duplicates,0.83,0.83,2,3,H,116.890163
duplicates,0.83,0.83,2,1,R,115.798651
duplicates,0.83,0.83,2,2,R,125.420112
duplicates,0.83,0.83,2,3,R,111.923307
duplicates,0.83,0.83,3,1,I,118.492181
duplicates,0.83,0.83,3,2,I,125.095421
duplicates,0.83,0.83,3,3,I,120.306985
duplicates,0.83,0.83,3,1,Q,125.282292
duplicates,0.83,0.83,3,2,Q,113.280363
duplicates,0.83,0.83,3,3,Q,111.485555
duplicates,0.83,0.83,3,1,M,126.271293
duplicates,0.83,0.83,3,2,M,123.997758
duplicates,0.83,0.83,3,3,M,115.170077
duplicates,0.83,0.83,3,1,H,113.239644
duplicates,0.83,0.83,3,2,H,114.394556
duplicates,0.83,0.83,3,3,H,114.031737
duplicates,0.83,0.83,3,1,R,111.639133
duplicates,0.83,0.83,3,2,R,112.512805
duplicates,0.83,0.83,3,3,R,118.273273
duplicates,0.83,0.83,4,1,I,125.715939
duplicates,0.83,0.83,4,2,I,127.621098
duplicates,0.83,0.83,4,3,I,135.860159
duplicates,0.83,0.83,4,1,Q,113.570277
duplicates,0.83,0.83,4,2,Q,118.398845
duplicates,0.83,0.83,4,3,Q,112.257537
duplicates,0.83,0.83,4,1,M,110.967523
duplicates,0.83,0.83,4,2,M,113.399733
duplicates,0.83,0.83,4,3,M,109.709086
duplicates,0.83,0.83,4,1,H,119.702427
duplicates,0.83,0.83,4,2,H,114.036241
duplicates,0.83,0.83,4,3,H,113.964741
duplicates,0.83,0.83,4,1,R,114.88356
duplicates,0.83,0.83,4,2,R,114.399091
duplicates,0.83,0.83,4,3,R,111.273657
duplicates,0.83,0.83,5,1,I,124.788265
duplicates,0.83,0.83,5,2,I,122.992599
duplicates,0.83,0.83,5,3,I,125.070095
duplicates,0.83,0.83,5,1,Q,113.995351
duplicates,0.83,0.83,5,2,Q,137.03266
duplicates,0.83,0.83,5,3,Q,133.668906
duplicates,0.83,0.83,5,1,M,117.026713
duplicates,0.83,0.83,5,2,M,129.833299
duplicates,0.83,0.83,5,3,M,120.615391
duplicates,0.83,0.83,5,1,H,124.987231
duplicates,0.83,0.83,5,2,H,116.598255
duplicates,0.83,0.83,5,3,H,113.24667
duplicates,0.83,0.83,5,1,R,98.576393
duplicates,0.83,0.83,5,2,R,112.212899
duplicates,0.83,0.83,5,3,R,114.832653
duplicates,0.83,0.83,6,1,I,120.844018
duplicates,0.83,0.83,6,2,I,126.892835
duplicates,0.83,0.83,6,3,I,126.134956
duplicates,0.83,0.83,6,1,Q,115.705541
duplicates,0.83,0.83,6,2,Q,112.764361
duplicates,0.83,0.83,6,3,Q,112.422511
duplicates,0.83,0.83,6,1,M,102.747829
duplicates,0.83,0.83,6,2,M,114.738187
duplicates,0.83,0.83,6,3,M,112.590228
duplicates,0.83,0.83,6,1,H,113.326898
duplicates,0.83,0.83,6,2,H,120.209147
duplicates,0.83,0.83,6,3,H,117.394516
duplicates,0.83,0.83,6,1,R,112.873989
duplicates,0.83,0.83,6,2,R,118.734679
duplicates,0.83,0.83,6,3,R,110.705892
duplicates,0.83,0.83,7,1,I,121.513956
duplicates,0.83,0.83,7,2,I,138.992958
duplicates,0.83,0.83,7,3,I,121.668686
duplicates,0.83,0.83,7,1,Q,99.110399
duplicates,0.83,0.83,7,2,Q,112.772469
duplicates,0.83,0.83,7,3,Q,115.245974
duplicates,0.83,0.83,7,1,M,113.473018
duplicates,0.83,0.83,7,2,M,113.707215
duplicates,0.83,0.83,7,3,M,109.959862
duplicates,0.83,0.83,7,1,H,113.987414
duplicates,0.83,0.83,7,2,H,110.558583
duplicates,0.83,0.83,7,3,H,107.468734
duplicates,0.83,0.83,7,1,R,112.876926
duplicates,0.83,0.83,7,2,R,112.736286
duplicates,0.83,0.83,7,3,R,111.064026
duplicates,0.83,0.83,8,1,I,123.363786
duplicates,0.83,0.83,8,2,I,119.197226
duplicates,0.83,0.83,8,3,I,127.808112
duplicates,0.83,0.83,8,1,Q,110.357255
duplicates,0.83,0.83,8,2,Q,107.552726
duplicates,0.83,0.83,8,3,Q,118.054824
duplicates,0.83,0.83,8,1,M,118.100822
duplicates,0.83,0.83,8,2,M,118.56881
duplicates,0.83,0.83,8,3,M,110.455246
duplicates,0.83,0.83,8,1,H,109.122255
duplicates,0.83,0.83,8,2,H,107.73027
duplicates,0.83,0.83,8,3,H,120.723693
duplicates,0.83,0.83,8,1,R,110.706376
duplicates,0.83,0.83,8,2,R,113.435323
duplicates,0.83,0.83,8,3,R,109.121605
duplicates,0.84,0.84,1,1,I,116.888815
duplicates,0.84,0.84,1,2,I,124.900275
duplicates,0.84,0.84,1,3,I,121.093009
duplicates,0.84,0.84,1,1,Q,109.365126
duplicates,0.84,0.84,1,2,Q,111.828667
duplicates,0.84,0.84,1,3,Q,115.36012
duplicates,0.84,0.84,1,1,M,111.001777
duplicates,0.84,0.84,1,2,M,111.07209
duplicates,0.84,0.84,1,3,M,109.35443
duplicates,0.84,0.84,1,1,H,117.265447
duplicates,0.84,0.84,1,2,H,111.064735
duplicates,0.84,0.84,1,3,H,112.898835
duplicates,0.84,0.84,1,1,R,119.936507
duplicates,0.84,0.84,1,2,R,109.499966
duplicates,0.84,0.84,1,3,R,115.411833
duplicates,0.84,0.84,2,1,I,120.987105
duplicates,0.84,0.84,2,2,I,117.675225
duplicates,0.84,0.84,2,3,I,116.006766
duplicates,0.84,0.84,2,1,Q,109.0921
duplicates,0.84,0.84,2,2,Q,110.188799
duplicates,0.84,0.84,2,3,Q,110.856327
duplicates,0.84,0.84,2,1,M,108.963992
duplicates,0.84,0.84,2,2,M,113.727188
duplicates,0.84,0.84,2,3,M,108.392172
duplicates,0.84,0.84,2,1,H,112.049204
duplicates,0.84,0.84,2,2,H,107.60228
duplicates,0.84,0.84,2,3,H,109.89754
duplicates,0.84,0.84,2,1,R,109.668539
duplicates,0.84,0.84,2,2,R,113.409441
duplicates,0.84,0.84,2,3,R,109.504986
duplicates,0.84,0.84,3,1,I,124.200447
duplicates,0.84,0.84,3,2,I,138.362811
duplicates,0.84,0.84,3,3,I,125.157082
duplicates,0.84,0.84,3,1,Q,115.033767
duplicates,0.84,0.84,3,2,Q,115.468314
duplicates,0.84,0.84,3,3,Q,118.819216
duplicates,0.84,0.84,3,1,M,113.231496
duplicates,0.84,0.84,3,2,M,116.690747
duplicates,0.84,0.84,3,3,M,120.876134
duplicates,0.84,0.84,3,1,H,114.370191
duplicates,0.84,0.84,3,2,H,114.028799
duplicates,0.84,0.84,3,3,H,110.602352
duplicates,0.84,0.84,3,1,R,109.69412
duplicates,0.84,0.84,3,2,R,116.373653
duplicates,0.84,0.84,3,3,R,117.674281
duplicates,0.84,0.84,4,1,I,126.495368
duplicates,0.84,0.84,4,2,I,118.237077
duplicates,0.84,0.84,4,3,I,116.733215
duplicates,0.84,0.84,4,1,Q,111.572726
duplicates,0.84,0.84,4,2,Q,110.743193
duplicates,0.84,0.84,4,3,Q,116.514114
duplicates,0.84,0.84,4,1,M,116.819737
duplicates,0.84,0.84,4,2,M,98.950145
duplicates,0.84,0.84,4,3,M,110.100029
duplicates,0.84,0.84,4,1,H,110.729946
duplicates,0.84,0.84,4,2,H,112.108333
duplicates,0.84,0.84,4,3,H,114.764143
duplicates,0.84,0.84,4,1,R,111.138882
duplicates,0.84,0.84,4,2,R,112.611195
duplicates,0.84,0.84,4,3,R,111.098018
duplicates,0.84,0.84,5,1,I,117.810972
duplicates,0.84,0.84,5,2,I,120.412678
duplicates,0.84,0.84,5,3,I,118.54763
duplicates,0.84,0.84,5,1,Q,111.600495
duplicates,0.84,0.84,5,2,Q,111.720948
duplicates,0.84,0.84,5,3,Q,111.198667
duplicates,0.84,0.84,5,1,M,110.153959
duplicates,0.84,0.84,5,2,M,115.612261
duplicates,0.84,0.84,5,3,M,103.036629
duplicates,0.84,0.84,5,1,H,128.170745
duplicates,0.84,0.84,5,2,H,119.833129
duplicates,0.84,0.84,5,3,H,112.151695
duplicates,0.84,0.84,5,1,R,107.550472
duplicates,0.84,0.84,5,2,R,109.92699
duplicates,0.84,0.84,5,3,R,114.336692
duplicates,0.84,0.84,6,1,I,122.496329
duplicates,0.84,0.84,6,2,I,118.888238
duplicates,0.84,0.84,6,3,I,120.536463
duplicates,0.84,0.84,6,1,Q,115.404323
duplicates,0.84,0.84,6,2,Q,111.372739
duplicates,0.84,0.84,6,3,Q,110.792194
duplicates,0.84,0.84,6,1,M,111.38102
duplicates,0.84,0.84,6,2,M,112.169076
duplicates,0.84,0.84,6,3,M,110.276842
duplicates,0.84,0.84,6,1,H,108.512763
duplicates,0.84,0.84,6,2,H,112.506148
duplicates,0.84,0.84,6,3,H,107.679932
duplicates,0.84,0.84,6,1,R,112.54807
duplicates,0.84,0.84,6,2,R,110.147012
duplicates,0.84,0.84,6,3,R,109.375894
duplicates,0.84,0.84,7,1,I,119.889368
duplicates,0.84,0.84,7,2,I,118.940208
duplicates,0.84,0.84,7,3,I,131.901154
duplicates,0.84,0.84,7,1,Q,124.135835
duplicates,0.84,0.84,7,2,Q,109.232286
duplicates,0.84,0.84,7,3,Q,124.268353
duplicates,0.84,0.84,7,1,M,124.748801
duplicates,0.84,0.84,7,2,M,113.062778
duplicates,0.84,0.84,7,3,M,124.115426
duplicates,0.84,0.84,7,1,H,118.946938
duplicates,0.84,0.84,7,2,H,117.434019
duplicates,0.84,0.84,7,3,H,114.223734
duplicates,0.84,0.84,7,1,R,111.388437
duplicates,0.84,0.84,7,2,R,115.205399
duplicates,0.84,0.84,7,3,R,116.543086
duplicates,0.84,0.84,8,1,I,120.560832
duplicates,0.84,0.84,8,2,I,131.829247
duplicates,0.84,0.84,8,3,I,127.625073
duplicates,0.84,0.84,8,1,Q,114.233872
duplicates,0.84,0.84,8,2,Q,110.313046
duplicates,0.84,0.84,8,3,Q,113.336886
duplicates,0.84,0.84,8,1,M,110.520707
duplicates,0.84,0.84,8,2,M,108.96764
duplicates,0.84,0.84,8,3,M,112.351484
duplicates,0.84,0.84,8,1,H,108.713026
duplicates,0.84,0.84,8,2,H,129.073547
duplicates,0.84,0.84,8,3,H,112.582608
duplicates,0.84,0.84,8,1,R,125.048832
duplicates,0.84,0.84,8,2,R,111.211737
duplicates,0.84,0.84,8,3,R,111.995934
duplicates,0.85,0.85,1,1,I,121.657304
duplicates,0.85,0.85,1,2,I,121.980909
duplicates,0.85,0.85,1,3,I,119.322476
duplicates,0.85,0.85,1,1,Q,110.769346
duplicates,0.85,0.85,1,2,Q,112.789443
duplicates,0.85,0.85,1,3,Q,114.079801
duplicates,0.85,0.85,1,1,M,114.341244
duplicates,0.85,0.85,1,2,M,113.31223
duplicates,0.85,0.85,1,3,M,109.321118
duplicates,0.85,0.85,1,1,H,111.762564
duplicates,0.85,0.85,1,2,H,113.944533
duplicates,0.85,0.85,1,3,H,115.220273
duplicates,0.85,0.85,1,1,R,108.891817
duplicates,0.85,0.85,1,2,R,110.958652
duplicates,0.85,0.85,1,3,R,115.642609
duplicates,0.85,0.85,2,1,I,117.837992
duplicates,0.85,0.85,2,2,I,120.533217
duplicates,0.85,0.85,2,3,I,119.685782
duplicates,0.85,0.85,2,1,Q,111.327488
duplicates,0.85,0.85,2,2,Q,112.181779
duplicates,0.85,0.85,2,3,Q,115.218157
duplicates,0.85,0.85,2,1,M,112.763807
duplicates,0.85,0.85,2,2,M,117.391684
duplicates,0.85,0.85,2,3,M,116.673568
duplicates,0.85,0.85,2,1,H,111.832088
duplicates,0.85,0.85,2,2,H,113.429334
duplicates,0.85,0.85,2,3,H,110.888883
duplicates,0.85,0.85,2,1,R,114.410665
duplicates,0.85,0.85,2,2,R,109.759304
duplicates,0.85,0.85,2,3,R,111.725966
duplicates,0.85,0.85,3,1,I,119.643638
duplicates,0.85,0.85,3,2,I,121.641655
duplicates,0.85,0.85,3,3,I,115.553282
duplicates,0.85,0.85,3,1,Q,113.61312
duplicates,0.85,0.85,3,2,Q,112.796526
duplicates,0.85,0.85,3,3,Q,112.762192
duplicates,0.85,0.85,3,1,M,110.831857
duplicates,0.85,0.85,3,2,M,112.313498
duplicates,0.85,0.85,3,3,M,113.867767
duplicates,0.85,0.85,3,1,H,112.201057
duplicates,0.85,0.85,3,2,H,113.772939
duplicates,0.85,0.85,3,3,H,121.076572
duplicates,0.85,0.85,3,1,R,114.293511
duplicates,0.85,0.85,3,2,R,110.451142
duplicates,0.85,0.85,3,3,R,113.693693
duplicates,0.85,0.85,4,1,I,120.300606
duplicates,0.85,0.85,4,2,I,122.546189
duplicates,0.85,0.85,4,3,I,120.274296
duplicates,0.85,0.85,4,1,Q,113.543971
duplicates,0.85,0.85,4,2,Q,112.058747
duplicates,0.85,0.85,4,3,Q,114.826096
duplicates,0.85,0.85,4,1,M,118.862966
duplicates,0.85,0.85,4,2,M,112.32827
duplicates,0.85,0.85,4,3,M,105.683127
duplicates,0.85,0.85,4,1,H,107.803111
duplicates,0.85,0.85,4,2,H,115.678281
duplicates,0.85,0.85,4,3,H,114.670179
duplicates,0.85,0.85,4,1,R,110.358713
duplicates,0.85,0.85,4,2,R,115.84289
duplicates,0.85,0.85,4,3,R,115.852465
duplicates,0.85,0.85,5,1,I,121.436745
duplicates,0.85,0.85,5,2,I,123.333259
duplicates,0.85,0.85,5,3,I,121.644739
duplicates,0.85,0.85,5,1,Q,115.650325
duplicates,0.85,0.85,5,2,Q,112.84282
duplicates,0.85,0.85,5,3,Q,115.467628
duplicates,0.85,0.85,5,1,M,113.171325
duplicates,0.85,0.85,5,2,M,114.385544
duplicates,0.85,0.85,5,3,M,113.883134
duplicates,0.85,0.85,5,1,H,119.149427
duplicates,0.85,0.85,5,2,H,113.310537
duplicates,0.85,0.85,5,3,H,109.940408
duplicates,0.85,0.85,5,1,R,109.488186
duplicates,0.85,0.85,5,2,R,114.959469
duplicates,0.85,0.85,5,3,R,115.97755
duplicates,0.85,0.85,6,1,I,120.857258
duplicates,0.85,0.85,6,2,I,119.490824
duplicates,0.85,0.85,6,3,I,119.668018
duplicates,0.85,0.85,6,1,Q,108.747474
duplicates,0.85,0.85,6,2,Q,112.400267
duplicates,0.85,0.85,6,3,Q,111.09009
duplicates,0.85,0.85,6,1,M,110.325142
duplicates,0.85,0.85,6,2,M,107.983634
duplicates,0.85,0.85,6,3,M,112.28344
duplicates,0.85,0.85,6,1,H,112.721327
duplicates,0.85,0.85,6,2,H,107.610326
duplicates,0.85,0.85,6,3,H,116.831919
duplicates,0.85,0.85,6,1,R,111.217646
duplicates,0.85,0.85,6,2,R,115.121298
duplicates,0.85,0.85,6,3,R,110.979376
duplicates,0.85,0.85,7,1,I,127.47464
duplicates,0.85,0.85,7,2,I,119.194239
duplicates,0.85,0.85,7,3,I,121.174688
duplicates,0.85,0.85,7,1,Q,108.545586
duplicates,0.85,0.85,7,2,Q,112.687371
duplicates,0.85,0.85,7,3,Q,108.146456
duplicates,0.85,0.85,7,1,M,116.408079
duplicates,0.85,0.85,7,2,M,107.284719
duplicates,0.85,0.85,7,3,M,107.681536
duplicates,0.85,0.85,7,1,H,110.44376
duplicates,0.85,0.85,7,2,H,113.737918
duplicates,0.85,0.85,7,3,H,111.550239
duplicates,0.85,0.85,7,1,R,114.894844
duplicates,0.85,0.85,7,2,R,112.230118
duplicates,0.85,0.85,7,3,R,115.560912
duplicates,0.85,0.85,8,1,I,125.822915
duplicates,0.85,0.85,8,2,I,116.498129
duplicates,0.85,0.85,8,3,I,119.067395
duplicates,0.85,0.85,8,1,Q,112.367949
duplicates,0.85,0.85,8,2,Q,112.581166
duplicates,0.85,0.85,8,3,Q,116.746667
duplicates,0.85,0.85,8,1,M,114.433613
duplicates,0.85,0.85,8,2,M,113.15977
duplicates,0.85,0.85,8,3,M,113.995297
duplicates,0.85,0.85,8,1,H,109.931256
duplicates,0.85,0.85,8,2,H,108.118292
duplicates,0.85,0.85,8,3,H,113.157433
duplicates,0.85,0.85,8,1,R,109.18346
duplicates,0.85,0.85,8,2,R,108.599825
duplicates,0.85,0.85,8,3,R,108.672569
duplicates,0.86,0.86,1,1,I,125.125198
duplicates,0.86,0.86,1,2,I,122.335618
duplicates,0.86,0.86,1,3,I,122.745628
duplicates,0.86,0.86,1,1,Q,113.968779
duplicates,0.86,0.86,1,2,Q,122.160478
duplicates,0.86,0.86,1,3,Q,113.771048
duplicates,0.86,0.86,1,1,M,112.068333
duplicates,0.86,0.86,1,2,M,124.39486
duplicates,0.86,0.86,1,3,M,111.146375
duplicates,0.86,0.86,1,1,H,112.7655
duplicates,0.86,0.86,1,2,H,119.54382
duplicates,0.86,0.86,1,3,H,116.261017
duplicates,0.86,0.86,1,1,R,108.963734
duplicates,0.86,0.86,1,2,R,110.913666
duplicates,0.86,0.86,1,3,R,117.622699
duplicates,0.86,0.86,2,1,I,127.009576
duplicates,0.86,0.86,2,2,I,112.404691
duplicates,0.86,0.86,2,3,I,118.970175
duplicates,0.86,0.86,2,1,Q,114.357219
duplicates,0.86,0.86,2,2,Q,110.907735
duplicates,0.86,0.86,2,3,Q,111.900368
duplicates,0.86,0.86,2,1,M,114.472711
duplicates,0.86,0.86,2,2,M,108.345084
duplicates,0.86,0.86,2,3,M,110.99976
duplicates,0.86,0.86,2,1,H,113.672646
duplicates,0.86,0.86,2,2,H,110.734209
duplicates,0.86,0.86,2,3,H,111.234569
duplicates,0.86,0.86,2,1,R,112.56464
duplicates,0.86,0.86,2,2,R,111.075566
duplicates,0.86,0.86,2,3,R,112.973254
duplicates,0.86,0.86,3,1,I,130.67796
duplicates,0.86,0.86,3,2,I,133.456308
duplicates,0.86,0.86,3,3,I,122.864968
duplicates,0.86,0.86,3,1,Q,116.992533
duplicates,0.86,0.86,3,2,Q,117.113215
duplicates,0.86,0.86,3,3,Q,110.28344
duplicates,0.86,0.86,3,1,M,111.266511
duplicates,0.86,0.86,3,2,M,115.219814
duplicates,0.86,0.86,3,3,M,112.100452
duplicates,0.86,0.86,3,1,H,109.991648
duplicates,0.86,0.86,3,2,H,113.77138
duplicates,0.86,0.86,3,3,H,113.384495
duplicates,0.86,0.86,3,1,R,119.925332
duplicates,0.86,0.86,3,2,R,131.347162
duplicates,0.86,0.86,3,3,R,126.761204
duplicates,0.86,0.86,4,1,I,123.085699
duplicates,0.86,0.86,4,2,I,119.152171
duplicates,0.86,0.86,4,3,I,120.299704
duplicates,0.86,0.86,4,1,Q,102.074767
duplicates,0.86,0.86,4,2,Q,111.760082
duplicates,0.86,0.86,4,3,Q,123.8391
duplicates,0.86,0.86,4,1,M,116.052891
duplicates,0.86,0.86,4,2,M,117.713745
duplicates,0.86,0.86,4,3,M,119.222345
duplicates,0.86,0.86,4,1,H,113.845683
duplicates,0.86,0.86,4,2,H,112.392407
duplicates,0.86,0.86,4,3,H,110.217501
duplicates,0.86,0.86,4,1,R,109.833911
duplicates,0.86,0.86,4,2,R,108.671918
duplicates,0.86,0.86,4,3,R,106.946077
duplicates,0.86,0.86,5,1,I,122.900091
duplicates,0.86,0.86,5,2,I,121.10443
duplicates,0.86,0.86,5,3,I,120.974929
duplicates,0.86,0.86,5,1,Q,107.431371
duplicates,0.86,0.86,5,2,Q,109.774174
duplicates,0.86,0.86,5,3,Q,114.368785
duplicates,0.86,0.86,5,1,M,111.456495
duplicates,0.86,0.86,5,2,M,112.572417
duplicates,0.86,0.86,5,3,M,109.08847
duplicates,0.86,0.86,5,1,H,113.276307
duplicates,0.86,0.86,5,2,H,117.375461
duplicates,0.86,0.86,5,3,H,111.042214
duplicates,0.86,0.86,5,1,R,111.058015
duplicates,0.86,0.86,5,2,R,107.885766
duplicates,0.86,0.86,5,3,R,113.201912
duplicates,0.86,0.86,6,1,I,121.37762
duplicates,0.86,0.86,6,2,I,117.609704
duplicates,0.86,0.86,6,3,I,119.681778
duplicates,0.86,0.86,6,1,Q,108.981789
duplicates,0.86,0.86,6,2,Q,110.154861
duplicates,0.86,0.86,6,3,Q,116.349411
duplicates,0.86,0.86,6,1,M,108.775008
duplicates,0.86,0.86,6,2,M,114.990601
duplicates,0.86,0.86,6,3,M,110.461806
duplicates,0.86,0.86,6,1,H,108.779859
duplicates,0.86,0.86,6,2,H,106.572905
duplicates,0.86,0.86,6,3,H,100.422191
duplicates,0.86,0.86,6,1,R,108.982931
duplicates,0.86,0.86,6,2,R,108.736885
duplicates,0.86,0.86,6,3,R,108.286042
duplicates,0.86,0.86,7,1,I,121.658351
duplicates,0.86,0.86,7,2,I,119.525949
duplicates,0.86,0.86,7,3,I,119.046844
duplicates,0.86,0.86,7,1,Q,110.642974
duplicates,0.86,0.86,7,2,Q,118.342143
duplicates,0.86,0.86,7,3,Q,114.034114
duplicates,0.86,0.86,7,1,M,113.873255
duplicates,0.86,0.86,7,2,M,162.609965
duplicates,0.86,0.86,7,3,M,113.096207
duplicates,0.86,0.86,7,1,H,110.609408
duplicates,0.86,0.86,7,2,H,115.152542
duplicates,0.86,0.86,7,3,H,106.978904
duplicates,0.86,0.86,7,1,R,107.983261
duplicates,0.86,0.86,7,2,R,112.265542
duplicates,0.86,0.86,7,3,R,110.507996
duplicates,0.86,0.86,8,1,I,119.668633
duplicates,0.86,0.86,8,2,I,117.931111
duplicates,0.86,0.86,8,3,I,122.913187
duplicates,0.86,0.86,8,1,Q,111.069333
duplicates,0.86,0.86,8,2,Q,110.933131
duplicates,0.86,0.86,8,3,Q,113.504907
duplicates,0.86,0.86,8,1,M,111.363365
duplicates,0.86,0.86,8,2,M,109.549536
duplicates,0.86,0.86,8,3,M,115.263482
duplicates,0.86,0.86,8,1,H,118.016067
duplicates,0.86,0.86,8,2,H,102.509733
duplicates,0.86,0.86,8,3,H,112.287228
duplicates,0.86,0.86,8,1,R,113.240633
duplicates,0.86,0.86,8,2,R,110.955264
duplicates,0.86,0.86,8,3,R,111.30807
duplicates,0.87,0.87,1,1,I,118.998069
duplicates,0.87,0.87,1,2,I,119.009953
duplicates,0.87,0.87,1,3,I,120.015962
duplicates,0.87,0.87,1,1,Q,115.26674
duplicates,0.87,0.87,1,2,Q,109.50366
duplicates,0.87,0.87,1,3,Q,108.431487
duplicates,0.87,0.87,1,1,M,113.440072
duplicates,0.87,0.87,1,2,M,110.240867
duplicates,0.87,0.87,1,3,M,111.09209
duplicates,0.87,0.87,1,1,H,110.859724
duplicates,0.87,0.87,1,2,H,109.986912
duplicates,0.87,0.87,1,3,H,109.272772
duplicates,0.87,0.87,1,1,R,121.510893
duplicates,0.87,0.87,1,2,R,114.115227
duplicates,0.87,0.87,1,3,R,115.537533
duplicates,0.87,0.87,2,1,I,119.878283
duplicates,0.87,0.87,2,2,I,119.469909
duplicates,0.87,0.87,2,3,I,130.650624
duplicates,0.87,0.87,2,1,Q,110.215418
duplicates,0.87,0.87,2,2,Q,103.526947
duplicates,0.87,0.87,2,3,Q,114.868382
duplicates,0.87,0.87,2,1,M,112.80772
duplicates,0.87,0.87,2,2,M,113.397892
duplicates,0.87,0.87,2,3,M,111.600834
duplicates,0.87,0.87,2,1,H,111.471636
duplicates,0.87,0.87,2,2,H,113.823148
duplicates,0.87,0.87,2,3,H,114.983605
duplicates,0.87,0.87,2,1,R,113.974516
duplicates,0.87,0.87,2,2,R,112.562636
duplicates,0.87,0.87,2,3,R,115.810562
duplicates,0.87,0.87,3,1,I,120.492721
duplicates,0.87,0.87,3,2,I,112.589207
duplicates,0.87,0.87,3,3,I,124.818106
duplicates,0.87,0.87,3,1,Q,110.061535
duplicates,0.87,0.87,3,2,Q,113.099317
duplicates,0.87,0.87,3,3,Q,112.258738
duplicates,0.87,0.87,3,1,M,110.894339
duplicates,0.87,0.87,3,2,M,110.700484
duplicates,0.87,0.87,3,3,M,113.764823
duplicates,0.87,0.87,3,1,H,108.599085
duplicates,0.87,0.87,3,2,H,109.959207
duplicates,0.87,0.87,3,3,H,111.361679
duplicates,0.87,0.87,3,1,R,110.104869
duplicates,0.87,0.87,3,2,R,109.487973
duplicates,0.87,0.87,3,3,R,112.741434
duplicates,0.87,0.87,4,1,I,121.312039
duplicates,0.87,0.87,4,2,I,112.114125
duplicates,0.87,0.87,4,3,I,118.619166
duplicates,0.87,0.87,4,1,Q,109.850786
duplicates,0.87,0.87,4,2,Q,98.570413
duplicates,0.87,0.87,4,3,Q,109.724728
duplicates,0.87,0.87,4,1,M,112.994251
duplicates,0.87,0.87,4,2,M,107.450504
duplicates,0.87,0.87,4,3,M,116.950152
duplicates,0.87,0.87,4,1,H,110.778686
duplicates,0.87,0.87,4,2,H,109.199958
duplicates,0.87,0.87,4,3,H,111.995888
duplicates,0.87,0.87,4,1,R,113.310737
duplicates,0.87,0.87,4,2,R,113.179555
duplicates,0.87,0.87,4,3,R,116.647787
duplicates,0.87,0.87,5,1,I,119.166812
duplicates,0.87,0.87,5,2,I,125.442926
duplicates,0.87,0.87,5,3,I,118.156248
duplicates,0.87,0.87,5,1,Q,111.869507
duplicates,0.87,0.87,5,2,Q,104.846231
duplicates,0.87,0.87,5,3,Q,113.867002
duplicates,0.87,0.87,5,1,M,111.31571
duplicates,0.87,0.87,5,2,M,104.355888
duplicates,0.87,0.87,5,3,M,109.285074
duplicates,0.87,0.87,5,1,H,110.259491
duplicates,0.87,0.87,5,2,H,106.96775
duplicates,0.87,0.87,5,3,H,109.220059
duplicates,0.87,0.87,5,1,R,115.344086
duplicates,0.87,0.87,5,2,R,111.338851
duplicates,0.87,0.87,5,3,R,112.383179
duplicates,0.87,0.87,6,1,I,115.846005
duplicates,0.87,0.87,6,2,I,119.855162
duplicates,0.87,0.87,6,3,I,123.344947
duplicates,0.87,0.87,6,1,Q,108.132984
duplicates,0.87,0.87,6,2,Q,114.587435
duplicates,0.87,0.87,6,3,Q,113.133507
duplicates,0.87,0.87,6,1,M,109.261845
duplicates,0.87,0.87,6,2,M,117.569723
duplicates,0.87,0.87,6,3,M,116.3327
duplicates,0.87,0.87,6,1,H,113.534923
duplicates,0.87,0.87,6,2,H,112.850945
duplicates,0.87,0.87,6,3,H,115.987781
duplicates,0.87,0.87,6,1,R,114.058972
duplicates,0.87,0.87,6,2,R,110.600946
duplicates,0.87,0.87,6,3,R,113.271229
duplicates,0.87,0.87,7,1,I,129.964556
duplicates,0.87,0.87,7,2,I,124.092191
duplicates,0.87,0.87,7,3,I,122.604463
duplicates,0.87,0.87,7,1,Q,112.28996
duplicates,0.87,0.87,7,2,Q,112.909192
duplicates,0.87,0.87,7,3,Q,113.973733
duplicates,0.87,0.87,7,1,M,114.422283
duplicates,0.87,0.87,7,2,M,112.249442
duplicates,0.87,0.87,7,3,M,114.868446
duplicates,0.87,0.87,7,1,H,113.1619
duplicates,0.87,0.87,7,2,H,112.572059
duplicates,0.87,0.87,7,3,H,121.181828
duplicates,0.87,0.87,7,1,R,115.033514
duplicates,0.87,0.87,7,2,R,109.126101
duplicates,0.87,0.87,7,3,R,117.046952
duplicates,0.87,0.87,8,1,I,135.439651
duplicates,0.87,0.87,8,2,I,120.792455
duplicates,0.87,0.87,8,3,I,129.441143
duplicates,0.87,0.87,8,1,Q,113.845143
duplicates,0.87,0.87,8,2,Q,113.801366
duplicates,0.87,0.87,8,3,Q,117.399785
duplicates,0.87,0.87,8,1,M,117.034958
duplicates,0.87,0.87,8,2,M,116.7887
duplicates,0.87,0.87,8,3,M,110.246972
duplicates,0.87,0.87,8,1,H,113.767284
duplicates,0.87,0.87,8,2,H,111.25649
duplicates,0.87,0.87,8,3,H,119.481745
duplicates,0.87,0.87,8,1,R,112.931617
duplicates,0.87,0.87,8,2,R,112.87361
duplicates,0.87,0.87,8,3,R,110.156226
duplicates,0.88,0.88,1,1,I,118.350113
duplicates,0.88,0.88,1,2,I,122.635297
duplicates,0.88,0.88,1,3,I,118.089833
duplicates,0.88,0.88,1,1,Q,111.28584
duplicates,0.88,0.88,1,2,Q,112.867176
duplicates,0.88,0.88,1,3,Q,108.613252
duplicates,0.88,0.88,1,1,M,112.84115
duplicates,0.88,0.88,1,2,M,115.024216
duplicates,0.88,0.88,1,3,M,109.716291
duplicates,0.88,0.88,1,1,H,113.358777
duplicates,0.88,0.88,1,2,H,109.406427
duplicates,0.88,0.88,1,3,H,98.741638
duplicates,0.88,0.88,1,1,R,122.670682
duplicates,0.88,0.88,1,2,R,114.071272
duplicates,0.88,0.88,1,3,R,116.769043
duplicates,0.88,0.88,2,1,I,129.197362
duplicates,0.88,0.88,2,2,I,122.144535
duplicates,0.88,0.88,2,3,I,124.777548
duplicates,0.88,0.88,2,1,Q,112.635114
duplicates,0.88,0.88,2,2,Q,113.054189
duplicates,0.88,0.88,2,3,Q,111.866689
duplicates,0.88,0.88,2,1,M,116.802777
duplicates,0.88,0.88,2,2,M,115.578004
duplicates,0.88,0.88,2,3,M,112.705544
duplicates,0.88,0.88,2,1,H,123.015497
duplicates,0.88,0.88,2,2,H,134.930167
duplicates,0.88,0.88,2,3,H,133.542455
duplicates,0.88,0.88,2,1,R,117.643201
duplicates,0.88,0.88,2,2,R,143.289993
duplicates,0.88,0.88,2,3,R,101.564721
duplicates,0.88,0.88,3,1,I,125.568292
duplicates,0.88,0.88,3,2,I,129.103402
duplicates,0.88,0.88,3,3,I,133.353077
duplicates,0.88,0.88,3,1,Q,120.02251
duplicates,0.88,0.88,3,2,Q,119.136792
duplicates,0.88,0.88,3,3,Q,119.846957
duplicates,0.88,0.88,3,1,M,134.558184
duplicates,0.88,0.88,3,2,M,114.239291
duplicates,0.88,0.88,3,3,M,129.552442
duplicates,0.88,0.88,3,1,H,116.577324
duplicates,0.88,0.88,3,2,H,123.934554
duplicates,0.88,0.88,3,3,H,112.176154
duplicates,0.88,0.88,3,1,R,114.170199
duplicates,0.88,0.88,3,2,R,117.654348
duplicates,0.88,0.88,3,3,R,123.48096
duplicates,0.88,0.88,4,1,I,126.32614
duplicates,0.88,0.88,4,2,I,123.949234
duplicates,0.88,0.88,4,3,I,121.91067
duplicates,0.88,0.88,4,1,Q,137.282452
duplicates,0.88,0.88,4,2,Q,119.66964
duplicates,0.88,0.88,4,3,Q,132.238807
duplicates,0.88,0.88,4,1,M,121.520867
duplicates,0.88,0.88,4,2,M,115.545517
duplicates,0.88,0.88,4,3,M,122.234873
duplicates,0.88,0.88,4,1,H,111.074231
duplicates,0.88,0.88,4,2,H,123.286491
duplicates,0.88,0.88,4,3,H,129.911673
duplicates,0.88,0.88,4,1,R,122.552668
duplicates,0.88,0.88,4,2,R,116.981411
duplicates,0.88,0.88,4,3,R,109.220486
duplicates,0.88,0.88,5,1,I,119.080765
duplicates,0.88,0.88,5,2,I,122.055426
duplicates,0.88,0.88,5,3,I,132.545047
duplicates,0.88,0.88,5,1,Q,112.811769
duplicates,0.88,0.88,5,2,Q,114.514125
duplicates,0.88,0.88,5,3,Q,113.027002
duplicates,0.88,0.88,5,1,M,114.976257
duplicates,0.88,0.88,5,2,M,111.627731
duplicates,0.88,0.88,5,3,M,114.171424
duplicates,0.88,0.88,5,1,H,129.641252
duplicates,0.88,0.88,5,2,H,114.342196
duplicates,0.88,0.88,5,3,H,113.771066
duplicates,0.88,0.88,5,1,R,117.008046
duplicates,0.88,0.88,5,2,R,110.693755
duplicates,0.88,0.88,5,3,R,115.26046
duplicates,0.88,0.88,6,1,I,119.935502
duplicates,0.88,0.88,6,2,I,118.483887
duplicates,0.88,0.88,6,3,I,121.96101
duplicates,0.88,0.88,6,1,Q,115.319544
duplicates,0.88,0.88,6,2,Q,111.097342
duplicates,0.88,0.88,6,3,Q,116.738217
duplicates,0.88,0.88,6,1,M,108.453618
duplicates,0.88,0.88,6,2,M,109.728779
duplicates,0.88,0.88,6,3,M,112.57703
duplicates,0.88,0.88,6,1,H,112.288322
duplicates,0.88,0.88,6,2,H,115.239644
duplicates,0.88,0.88,6,3,H,113.617712
duplicates,0.88,0.88,6,1,R,116.977598
duplicates,0.88,0.88,6,2,R,111.059656
duplicates,0.88,0.88,6,3,R,116.941204
duplicates,0.88,0.88,7,1,I,123.197079
duplicates,0.88,0.88,7,2,I,126.734748
duplicates,0.88,0.88,7,3,I,120.037069
duplicates,0.88,0.88,7,1,Q,118.128147
duplicates,0.88,0.88,7,2,Q,120.262766
duplicates,0.88,0.88,7,3,Q,117.04555
duplicates,0.88,0.88,7,1,M,115.222532
duplicates,0.88,0.88,7,2,M,117.034614
duplicates,0.88,0.88,7,3,M,122.2194
duplicates,0.88,0.88,7,1,H,115.656579
duplicates,0.88,0.88,7,2,H,108.681701
duplicates,0.88,0.88,7,3,H,112.269465
duplicates,0.88,0.88,7,1,R,110.51257
duplicates,0.88,0.88,7,2,R,114.867154
duplicates,0.88,0.88,7,3,R,112.535141
duplicates,0.88,0.88,8,1,I,145.998091
duplicates,0.88,0.88,8,2,I,123.90558
duplicates,0.88,0.88,8,3,I,123.97708
duplicates,0.88,0.88,8,1,Q,113.731867
duplicates,0.88,0.88,8,2,Q,118.329819
duplicates,0.88,0.88,8,3,Q,123.151399
duplicates,0.88,0.88,8,1,M,115.346575
duplicates,0.88,0.88,8,2,M,117.306347
duplicates,0.88,0.88,8,3,M,124.576382
duplicates,0.88,0.88,8,1,H,111.064405
duplicates,0.88,0.88,8,2,H,118.547827
duplicates,0.88,0.88,8,3,H,114.114288
duplicates,0.88,0.88,8,1,R,109.892841
duplicates,0.88,0.88,8,2,R,109.90043
duplicates,0.88,0.88,8,3,R,113.963894
duplicates,0.89,0.89,1,1,I,121.395794
duplicates,0.89,0.89,1,2,I,125.995873
duplicates,0.89,0.89,1,3,I,122.437687
duplicates,0.89,0.89,1,1,Q,116.760799
duplicates,0.89,0.89,1,2,Q,113.157446
duplicates,0.89,0.89,1,3,Q,113.999563
duplicates,0.89,0.89,1,1,M,113.777095
duplicates,0.89,0.89,1,2,M,110.493439
duplicates,0.89,0.89,1,3,M,110.812118
duplicates,0.89,0.89,1,1,H,115.906203
duplicates,0.89,0.89,1,2,H,119.041733
duplicates,0.89,0.89,1,3,H,116.328591
duplicates,0.89,0.89,1,1,R,121.270394
duplicates,0.89,0.89,1,2,R,125.797972
duplicates,0.89,0.89,1,3,R,112.895477
duplicates,0.89,0.89,2,1,I,123.207746
duplicates,0.89,0.89,2,2,I,128.190355
duplicates,0.89,0.89,2,3,I,118.09753
duplicates,0.89,0.89,2,1,Q,113.834897
duplicates,0.89,0.89,2,2,Q,110.244157
duplicates,0.89,0.89,2,3,Q,113.248647
duplicates,0.89,0.89,2,1,M,101.187503
duplicates,0.89,0.89,2,2,M,109.743445
duplicates,0.89,0.89,2,3,M,115.848933
duplicates,0.89,0.89,2,1,H,114.519433
duplicates,0.89,0.89,2,2,H,115.017284
duplicates,0.89,0.89,2,3,H,130.109088
duplicates,0.89,0.89,2,1,R,127.190595
duplicates,0.89,0.89,2,2,R,130.131548
duplicates,0.89,0.89,2,3,R,122.249738
duplicates,0.89,0.89,3,1,I,127.822381
duplicates,0.89,0.89,3,2,I,125.720047
duplicates,0.89,0.89,3,3,I,124.746985
duplicates,0.89,0.89,3,1,Q,132.104076
duplicates,0.89,0.89,3,2,Q,129.235725
duplicates,0.89,0.89,3,3,Q,125.358699
duplicates,0.89,0.89,3,1,M,118.978304
duplicates,0.89,0.89,3,2,M,117.197599
duplicates,0.89,0.89,3,3,M,116.035354
duplicates,0.89,0.89,3,1,H,114.29131
duplicates,0.89,0.89,3,2,H,117.088304
duplicates,0.89,0.89,3,3,H,113.881319
duplicates,0.89,0.89,3,1,R,108.17024
duplicates,0.89,0.89,3,2,R,110.127939
duplicates,0.89,0.89,3,3,R,107.259359
duplicates,0.89,0.89,4,1,I,124.399666
duplicates,0.89,0.89,4,2,I,125.068436
duplicates,0.89,0.89,4,3,I,119.615361
duplicates,0.89,0.89,4,1,Q,108.373408
duplicates,0.89,0.89,4,2,Q,110.25038
duplicates,0.89,0.89,4,3,Q,117.250268
duplicates,0.89,0.89,4,1,M,108.43666
duplicates,0.89,0.89,4,2,M,112.028492
duplicates,0.89,0.89,4,3,M,109.161979
duplicates,0.89,0.89,4,1,H,105.152157
duplicates,0.89,0.89,4,2,H,114.128775
duplicates,0.89,0.89,4,3,H,112.402861
duplicates,0.89,0.89,4,1,R,110.161191
duplicates,0.89,0.89,4,2,R,111.748521
duplicates,0.89,0.89,4,3,R,109.280613
duplicates,0.89,0.89,5,1,I,118.396213
duplicates,0.89,0.89,5,2,I,124.946943
duplicates,0.89,0.89,5,3,I,124.158061
duplicates,0.89,0.89,5,1,Q,116.529267
duplicates,0.89,0.89,5,2,Q,113.855814
duplicates,0.89,0.89,5,3,Q,111.155998
duplicates,0.89,0.89,5,1,M,111.336566
duplicates,0.89,0.89,5,2,M,118.221662
duplicates,0.89,0.89,5,3,M,111.356762
duplicates,0.89,0.89,5,1,H,111.540899
duplicates,0.89,0.89,5,2,H,114.468194
duplicates,0.89,0.89,5,3,H,112.470393
duplicates,0.89,0.89,5,1,R,113.514651
duplicates,0.89,0.89,5,2,R,113.951771
duplicates,0.89,0.89,5,3,R,112.953943
duplicates,0.89,0.89,6,1,I,133.856573
duplicates,0.89,0.89,6,2,I,130.989688
duplicates,0.89,0.89,6,3,I,122.085779
duplicates,0.89,0.89,6,1,Q,118.159238
duplicates,0.89,0.89,6,2,Q,113.03368
duplicates,0.89,0.89,6,3,Q,113.094877
duplicates,0.89,0.89,6,1,M,114.007574
duplicates,0.89,0.89,6,2,M,113.696821
duplicates,0.89,0.89,6,3,M,109.525507
duplicates,0.89,0.89,6,1,H,111.809182
duplicates,0.89,0.89,6,2,H,117.04996
duplicates,0.89,0.89,6,3,H,113.330241
duplicates,0.89,0.89,6,1,R,108.729891
duplicates,0.89,0.89,6,2,R,111.976514
duplicates,0.89,0.89,6,3,R,113.008496
duplicates,0.89,0.89,7,1,I,121.605636
duplicates,0.89,0.89,7,2,I,119.263937
duplicates,0.89,0.89,7,3,I,125.176273
duplicates,0.89,0.89,7,1,Q,117.661568
duplicates,0.89,0.89,7,2,Q,115.168808
duplicates,0.89,0.89,7,3,Q,114.79906
duplicates,0.89,0.89,7,1,M,112.094765
duplicates,0.89,0.89,7,2,M,115.666196
duplicates,0.89,0.89,7,3,M,115.07791
duplicates,0.89,0.89,7,1,H,117.275457
duplicates,0.89,0.89,7,2,H,115.40592
duplicates,0.89,0.89,7,3,H,116.809459
duplicates,0.89,0.89,7,1,R,128.734457
duplicates,0.89,0.89,7,2,R,114.079367
duplicates,0.89,0.89,7,3,R,112.628671
duplicates,0.89,0.89,8,1,I,121.912706
duplicates,0.89,0.89,8,2,I,120.14183
duplicates,0.89,0.89,8,3,I,126.78501
duplicates,0.89,0.89,8,1,Q,116.785388
duplicates,0.89,0.89,8,2,Q,112.937394
duplicates,0.89,0.89,8,3,Q,103.580102
duplicates,0.89,0.89,8,1,M,121.495601
duplicates,0.89,0.89,8,2,M,116.610798
duplicates,0.89,0.89,8,3,M,126.925245
duplicates,0.89,0.89,8,1,H,121.874985
duplicates,0.89,0.89,8,2,H,111.256553
duplicates,0.89,0.89,8,3,H,116.339134
duplicates,0.89,0.89,8,1,R,110.503532
duplicates,0.89,0.89,8,2,R,121.388284
duplicates,0.89,0.89,8,3,R,158.997653
duplicates,0.9,0.9,1,1,I,125.955983
duplicates,0.9,0.9,1,2,I,557.072364
duplicates,0.9,0.9,1,3,I,123.918741
duplicates,0.9,0.9,1,1,Q,118.760123
duplicates,0.9,0.9,1,2,Q,142.22975
duplicates,0.9,0.9,1,3,Q,114.33897
duplicates,0.9,0.9,1,1,M,119.33705
duplicates,0.9,0.9,1,2,M,122.238502
duplicates,0.9,0.9,1,3,M,116.173026
duplicates,0.9,0.9,1,1,H,111.34827
duplicates,0.9,0.9,1,2,H,112.370444
duplicates,0.9,0.9,1,3,H,124.203711
duplicates,0.9,0.9,1,1,R,113.080869
duplicates,0.9,0.9,1,2,R,116.031802
duplicates,0.9,0.9,1,3,R,111.600308
duplicates,0.9,0.9,2,1,I,119.522024
duplicates,0.9,0.9,2,2,I,120.723979
duplicates,0.9,0.9,2,3,I,124.704495
duplicates,0.9,0.9,2,1,Q,117.404967
duplicates,0.9,0.9,2,2,Q,114.712363
duplicates,0.9,0.9,2,3,Q,122.803088
duplicates,0.9,0.9,2,1,M,120.448191
duplicates,0.9,0.9,2,2,M,120.06201
duplicates,0.9,0.9,2,3,M,114.341661
duplicates,0.9,0.9,2,1,H,110.403632
duplicates,0.9,0.9,2,2,H,116.869004
duplicates,0.9,0.9,2,3,H,111.043253
duplicates,0.9,0.9,2,1,R,113.082312
duplicates,0.9,0.9,2,2,R,124.797044
duplicates,0.9,0.9,2,3,R,118.87991
duplicates,0.9,0.9,3,1,I,128.921502
duplicates,0.9,0.9,3,2,I,122.924466
duplicates,0.9,0.9,3,3,I,124.439819
duplicates,0.9,0.9,3,1,Q,117.71665
duplicates,0.9,0.9,3,2,Q,110.013669
duplicates,0.9,0.9,3,3,Q,107.346592
duplicates,0.9,0.9,3,1,M,117.044846
duplicates,0.9,0.9,3,2,M,122.214145
duplicates,0.9,0.9,3,3,M,115.380524
duplicates,0.9,0.9,3,1,H,111.878202
duplicates,0.9,0.9,3,2,H,116.29383
duplicates,0.9,0.9,3,3,H,110.86796
duplicates,0.9,0.9,3,1,R,117.089946
duplicates,0.9,0.9,3,2,R,111.348011
duplicates,0.9,0.9,3,3,R,111.632369
duplicates,0.9,0.9,4,1,I,118.745925
duplicates,0.9,0.9,4,2,I,120.462307
duplicates,0.9,0.9,4,3,I,132.263025
duplicates,0.9,0.9,4,1,Q,112.094971
duplicates,0.9,0.9,4,2,Q,116.460252
duplicates,0.9,0.9,4,3,Q,116.949987
duplicates,0.9,0.9,4,1,M,122.678253
duplicates,0.9,0.9,4,2,M,121.396988
duplicates,0.9,0.9,4,3,M,114.511283
duplicates,0.9,0.9,4,1,H,116.494134
duplicates,0.9,0.9,4,2,H,114.008355
duplicates,0.9,0.9,4,3,H,115.4812
duplicates,0.9,0.9,4,1,R,104.185229
duplicates,0.9,0.9,4,2,R,114.209513
duplicates,0.9,0.9,4,3,R,110.571254
duplicates,0.9,0.9,5,1,I,120.464438
duplicates,0.9,0.9,5,2,I,134.286811
duplicates,0.9,0.9,5,3,I,125.460948
duplicates,0.9,0.9,5,1,Q,112.124266
duplicates,0.9,0.9,5,2,Q,111.326077
duplicates,0.9,0.9,5,3,Q,117.17622
duplicates,0.9,0.9,5,1,M,112.433821
duplicates,0.9,0.9,5,2,M,115.111397
duplicates,0.9,0.9,5,3,M,110.910008
duplicates,0.9,0.9,5,1,H,117.333147
duplicates,0.9,0.9,5,2,H,111.992846
duplicates,0.9,0.9,5,3,H,118.638034
duplicates,0.9,0.9,5,1,R,122.105464
duplicates,0.9,0.9,5,2,R,111.989474
duplicates,0.9,0.9,5,3,R,112.897743
duplicates,0.9,0.9,6,1,I,122.726066
duplicates,0.9,0.9,6,2,I,130.530016
duplicates,0.9,0.9,6,3,I,130.923274
duplicates,0.9,0.9,6,1,Q,111.532304
duplicates,0.9,0.9,6,2,Q,112.973569
duplicates,0.9,0.9,6,3,Q,115.646363
duplicates,0.9,0.9,6,1,M,119.132909
duplicates,0.9,0.9,6,2,M,114.439387
duplicates,0.9,0.9,6,3,M,113.153201
duplicates,0.9,0.9,6,1,H,109.874278
duplicates,0.9,0.9,6,2,H,109.399496
duplicates,0.9,0.9,6,3,H,109.321799
duplicates,0.9,0.9,6,1,R,109.01722
duplicates,0.9,0.9,6,2,R,108.079925
duplicates,0.9,0.9,6,3,R,111.787261
duplicates,0.9,0.9,7,1,I,119.006792
duplicates,0.9,0.9,7,2,I,118.193831
duplicates,0.9,0.9,7,3,I,119.895502
duplicates,0.9,0.9,7,1,Q,110.061103
duplicates,0.9,0.9,7,2,Q,110.618547
duplicates,0.9,0.9,7,3,Q,114.465959
duplicates,0.9,0.9,7,1,M,108.445074
duplicates,0.9,0.9,7,2,M,108.685193
duplicates,0.9,0.9,7,3,M,108.046652
duplicates,0.9,0.9,7,1,H,111.853042
duplicates,0.9,0.9,7,2,H,112.756473
duplicates,0.9,0.9,7,3,H,108.528229
duplicates,0.9,0.9,7,1,R,109.994968
duplicates,0.9,0.9,7,2,R,107.229857
duplicates,0.9,0.9,7,3,R,109.451662
duplicates,0.9,0.9,8,1,I,119.079324
duplicates,0.9,0.9,8,2,I,118.892572
duplicates,0.9,0.9,8,3,I,118.51941
duplicates,0.9,0.9,8,1,Q,111.593228
duplicates,0.9,0.9,8,2,Q,111.466532
duplicates,0.9,0.9,8,3,Q,110.6615
duplicates,0.9,0.9,8,1,M,109.958284
duplicates,0.9,0.9,8,2,M,107.261249
duplicates,0.9,0.9,8,3,M,112.132701
duplicates,0.9,0.9,8,1,H,110.743742
duplicates,0.9,0.9,8,2,H,111.647493
duplicates,0.9,0.9,8,3,H,110.674238
duplicates,0.9,0.9,8,1,R,109.135709
duplicates,0.9,0.9,8,2,R,109.350729
duplicates,0.9,0.9,8,3,R,106.822949
duplicates,0.9,0.9,9,1,I,124.52043
duplicates,0.9,0.9,9,2,I,118.417546
duplicates,0.9,0.9,9,3,I,119.361464
duplicates,0.9,0.9,9,1,Q,108.228672
duplicates,0.9,0.9,9,2,Q,121.842138
duplicates,0.9,0.9,9,3,Q,111.217259
duplicates,0.9,0.9,9,1,M,112.183381
duplicates,0.9,0.9,9,2,M,110.267626
duplicates,0.9,0.9,9,3,M,108.540788
duplicates,0.9,0.9,9,1,H,114.009171
duplicates,0.9,0.9,9,2,H,101.934477
duplicates,0.9,0.9,9,3,H,116.480565
duplicates,0.9,0.9,9,1,R,111.177838
duplicates,0.9,0.9,9,2,R,110.656928
duplicates,0.9,0.9,9,3,R,109.323448
duplicates,0.9,0.9,10,1,I,119.085874
duplicates,0.9,0.9,10,2,I,119.188324
duplicates,0.9,0.9,10,3,I,117.222791
duplicates,0.9,0.9,10,1,Q,110.578439
duplicates,0.9,0.9,10,2,Q,111.674733
duplicates,0.9,0.9,10,3,Q,112.343831
duplicates,0.9,0.9,10,1,M,109.860939
duplicates,0.9,0.9,10,2,M,113.943805
duplicates,0.9,0.9,10,3,M,113.741702
duplicates,0.9,0.9,10,1,H,116.715789
duplicates,0.9,0.9,10,2,H,125.892398
duplicates,0.9,0.9,10,3,H,170.388663
duplicates,0.9,0.9,10,1,R,138.583647
duplicates,0.9,0.9,10,2,R,108.298521
duplicates,0.9,0.9,10,3,R,109.511955
duplicates,0.9,0.9,11,1,I,122.044769
duplicates,0.9,0.9,11,2,I,119.168357
duplicates,0.9,0.9,11,3,I,129.917779
duplicates,0.9,0.9,11,1,Q,117.932543
duplicates,0.9,0.9,11,2,Q,113.214863
duplicates,0.9,0.9,11,3,Q,113.487247
duplicates,0.9,0.9,11,1,M,106.273021
duplicates,0.9,0.9,11,2,M,109.793053
duplicates,0.9,0.9,11,3,M,114.437436
duplicates,0.9,0.9,11,1,H,114.266442
duplicates,0.9,0.9,11,2,H,112.63366
duplicates,0.9,0.9,11,3,H,113.311341
duplicates,0.9,0.9,11,1,R,108.443048
duplicates,0.9,0.9,11,2,R,109.989644
duplicates,0.9,0.9,11,3,R,115.12595
duplicates,0.9,0.9,12,1,I,118.796854
duplicates,0.9,0.9,12,2,I,175.780579
duplicates,0.9,0.9,12,3,I,120.288406
duplicates,0.9,0.9,12,1,Q,113.187992
duplicates,0.9,0.9,12,2,Q,112.241575
duplicates,0.9,0.9,12,3,Q,112.547056
duplicates,0.9,0.9,12,1,M,102.810518
duplicates,0.9,0.9,12,2,M,110.596756
duplicates,0.9,0.9,12,3,M,108.332872
duplicates,0.9,0.9,12,1,H,108.034025
duplicates,0.9,0.9,12,2,H,107.680112
duplicates,0.9,0.9,12,3,H,108.994465
duplicates,0.9,0.9,12,1,R,111.619065
duplicates,0.9,0.9,12,2,R,111.374879
duplicates,0.9,0.9,12,3,R,109.720989
duplicates,0.9,0.9,13,1,I,116.833833
duplicates,0.9,0.9,13,2,I,130.340703
duplicates,0.9,0.9,13,3,I,128.373352
duplicates,0.9,0.9,13,1,Q,120.351659
duplicates,0.9,0.9,13,2,Q,115.017958
duplicates,0.9,0.9,13,3,Q,117.663218
duplicates,0.9,0.9,13,1,M,115.436388
duplicates,0.9,0.9,13,2,M,117.947993
duplicates,0.9,0.9,13,3,M,116.531906
duplicates,0.9,0.9,13,1,H,116.681914
duplicates,0.9,0.9,13,2,H,116.184774
duplicates,0.9,0.9,13,3,H,122.674719
duplicates,0.9,0.9,13,1,R,117.970005
duplicates,0.9,0.9,13,2,R,120.432248
duplicates,0.9,0.9,13,3,R,130.710918
duplicates,0.9,0.9,14,1,I,127.074177
duplicates,0.9,0.9,14,2,I,126.915541
duplicates,0.9,0.9,14,3,I,125.053676
duplicates,0.9,0.9,14,1,Q,124.068013
duplicates,0.9,0.9,14,2,Q,124.981661
duplicates,0.9,0.9,14,3,Q,143.366696
duplicates,0.9,0.9,14,1,M,121.757012
duplicates,0.9,0.9,14,2,M,121.043173
duplicates,0.9,0.9,14,3,M,117.623676
duplicates,0.9,0.9,14,1,H,120.135977
duplicates,0.9,0.9,14,2,H,120.839248
duplicates,0.9,0.9,14,3,H,120.885673
duplicates,0.9,0.9,14,1,R,119.628536
duplicates,0.9,0.9,14,2,R,127.589492
duplicates,0.9,0.9,14,3,R,127.067513
duplicates,0.9,0.9,15,1,I,139.170223
duplicates,0.9,0.9,15,2,I,129.000193
duplicates,0.9,0.9,15,3,I,133.752879
duplicates,0.9,0.9,15,1,Q,120.664068
duplicates,0.9,0.9,15,2,Q,118.737909
duplicates,0.9,0.9,15,3,Q,121.078879
duplicates,0.9,0.9,15,1,M,121.673292
duplicates,0.9,0.9,15,2,M,119.668474
duplicates,0.9,0.9,15,3,M,122.787046
duplicates,0.9,0.9,15,1,H,117.73168
duplicates,0.9,0.9,15,2,H,284.329846
duplicates,0.9,0.9,15,3,H,120.407523
duplicates,0.9,0.9,15,1,R,123.363142
duplicates,0.9,0.9,15,2,R,127.752888
duplicates,0.9,0.9,15,3,R,119.26286
duplicates,0.9,0.9,16,1,I,127.432416
duplicates,0.9,0.9,16,2,I,129.152101
duplicates,0.9,0.9,16,3,I,124.475979
duplicates,0.9,0.9,16,1,Q,125.594805
duplicates,0.9,0.9,16,2,Q,123.826609
duplicates,0.9,0.9,16,3,Q,122.828333
duplicates,0.9,0.9,16,1,M,119.347826
duplicates,0.9,0.9,16,2,M,120.489945
duplicates,0.9,0.9,16,3,M,130.254551
duplicates,0.9,0.9,16,1,H,115.416843
duplicates,0.9,0.9,16,2,H,119.8557
duplicates,0.9,0.9,16,3,H,122.771052
duplicates,0.9,0.9,16,1,R,123.053048
duplicates,0.9,0.9,16,2,R,118.819093
duplicates,0.9,0.9,16,3,R,119.681709
duplicates,0.9,0.9,17,1,I,144.888985
duplicates,0.9,0.9,17,2,I,127.923975
duplicates,0.9,0.9,17,3,I,132.603736
duplicates,0.9,0.9,17,1,Q,137.053245
duplicates,0.9,0.9,17,2,Q,121.272722
duplicates,0.9,0.9,17,3,Q,121.938108
duplicates,0.9,0.9,17,1,M,124.855631
duplicates,0.9,0.9,17,2,M,132.77169
duplicates,0.9,0.9,17,3,M,134.914821
duplicates,0.9,0.9,17,1,H,143.417709
duplicates,0.9,0.9,17,2,H,138.559787
duplicates,0.9,0.9,17,3,H,133.055156
duplicates,0.9,0.9,17,1,R,129.089314
duplicates,0.9,0.9,17,2,R,130.23146
duplicates,0.9,0.9,17,3,R,108.57595
duplicates,0.9,0.9,18,1,I,132.300126
duplicates,0.9,0.9,18,2,I,151.478302
duplicates,0.9,0.9,18,3,I,126.004746
duplicates,0.9,0.9,18,1,Q,119.701677
duplicates,0.9,0.9,18,2,Q,120.012654
duplicates,0.9,0.9,18,3,Q,120.306128
duplicates,0.9,0.9,18,1,M,116.16456
duplicates,0.9,0.9,18,2,M,114.122816
duplicates,0.9,0.9,18,3,M,118.952026
duplicates,0.9,0.9,18,1,H,124.817255
duplicates,0.9,0.9,18,2,H,119.464879
duplicates,0.9,0.9,18,3,H,115.636692
duplicates,0.9,0.9,18,1,R,120.287698
duplicates,0.9,0.9,18,2,R,123.623312
duplicates,0.9,0.9,18,3,R,118.262591
duplicates,0.9,0.9,19,1,I,124.510917
duplicates,0.9,0.9,19,2,I,138.46879
duplicates,0.9,0.9,19,3,I,127.794586
duplicates,0.9,0.9,19,1,Q,119.04946
duplicates,0.9,0.9,19,2,Q,118.943421
duplicates,0.9,0.9,19,3,Q,121.857174
duplicates,0.9,0.9,19,1,M,121.61482
duplicates,0.9,0.9,19,2,M,119.923285
duplicates,0.9,0.9,19,3,M,119.284623
duplicates,0.9,0.9,19,1,H,118.817271
duplicates,0.9,0.9,19,2,H,131.543275
duplicates,0.9,0.9,19,3,H,123.667313
duplicates,0.9,0.9,19,1,R,116.271914
duplicates,0.9,0.9,19,2,R,118.443255
duplicates,0.9,0.9,19,3,R,118.716381
duplicates,0.9,0.9,20,1,I,124.692751
duplicates,0.9,0.9,20,2,I,131.831075
duplicates,0.9,0.9,20,3,I,159.930225
duplicates,0.9,0.9,20,1,Q,124.948282
duplicates,0.9,0.9,20,2,Q,122.929055
duplicates,0.9,0.9,20,3,Q,124.316883
duplicates,0.9,0.9,20,1,M,120.4748
duplicates,0.9,0.9,20,2,M,116.251551
duplicates,0.9,0.9,20,3,M,122.193474
duplicates,0.9,0.9,20,1,H,117.831088
duplicates,0.9,0.9,20,2,H,116.703736
duplicates,0.9,0.9,20,3,H,119.270175
duplicates,0.9,0.9,20,1,R,123.227581
duplicates,0.9,0.9,20,2,R,127.220767
duplicates,0.9,0.9,20,3,R,122.354846
duplicates,0.9,0.9,21,1,I,128.003282
duplicates,0.9,0.9,21,2,I,124.948544
duplicates,0.9,0.9,21,3,I,122.985912
duplicates,0.9,0.9,21,1,Q,127.793561
duplicates,0.9,0.9,21,2,Q,121.321488
duplicates,0.9,0.9,21,3,Q,117.468559
duplicates,0.9,0.9,21,1,M,123.959166
duplicates,0.9,0.9,21,2,M,117.941066
duplicates,0.9,0.9,21,3,M,121.883497
duplicates,0.9,0.9,21,1,H,122.798255
duplicates,0.9,0.9,21,2,H,124.188176
duplicates,0.9,0.9,21,3,H,112.013467
duplicates,0.9,0.9,21,1,R,120.605553
duplicates,0.9,0.9,21,2,R,115.550852
duplicates,0.9,0.9,21,3,R,114.384002
duplicates,0.9,0.9,22,1,I,128.149155
duplicates,0.9,0.9,22,2,I,126.023371
duplicates,0.9,0.9,22,3,I,132.530312
duplicates,0.9,0.9,22,1,Q,134.701319
duplicates,0.9,0.9,22,2,Q,120.225816
duplicates,0.9,0.9,22,3,Q,116.495372
duplicates,0.9,0.9,22,1,M,120.656396
duplicates,0.9,0.9,22,2,M,116.880824
duplicates,0.9,0.9,22,3,M,117.606632
duplicates,0.9,0.9,22,1,H,118.109593
duplicates,0.9,0.9,22,2,H,108.780455
duplicates,0.9,0.9,22,3,H,117.970593
duplicates,0.9,0.9,22,1,R,126.194248
duplicates,0.9,0.9,22,2,R,137.673113
duplicates,0.9,0.9,22,3,R,136.075138
duplicates,0.9,0.9,23,1,I,134.06586
duplicates,0.9,0.9,23,2,I,129.403545
duplicates,0.9,0.9,23,3,I,133.866763
duplicates,0.9,0.9,23,1,Q,119.112606
duplicates,0.9,0.9,23,2,Q,119.769778
duplicates,0.9,0.9,23,3,Q,115.682582
duplicates,0.9,0.9,23,1,M,118.767805
duplicates,0.9,0.9,23,2,M,115.412246
duplicates,0.9,0.9,23,3,M,127.459905
duplicates,0.9,0.9,23,1,H,126.032947
duplicates,0.9,0.9,23,2,H,116.518761
duplicates,0.9,0.9,23,3,H,117.207136
duplicates,0.9,0.9,23,1,R,120.600826
duplicates,0.9,0.9,23,2,R,126.149629
duplicates,0.9,0.9,23,3,R,119.055995
duplicates,0.9,0.9,24,1,I,129.374206
duplicates,0.9,0.9,24,2,I,130.26525
duplicates,0.9,0.9,24,3,I,125.551372
duplicates,0.9,0.9,24,1,Q,119.377281
duplicates,0.9,0.9,24,2,Q,115.652882
duplicates,0.9,0.9,24,3,Q,116.752029
duplicates,0.9,0.9,24,1,M,117.804053
duplicates,0.9,0.9,24,2,M,128.676423
duplicates,0.9,0.9,24,3,M,127.537084
duplicates,0.9,0.9,24,1,H,120.834205
duplicates,0.9,0.9,24,2,H,111.164262
duplicates,0.9,0.9,24,3,H,126.66893
duplicates,0.9,0.9,24,1,R,124.333624
duplicates,0.9,0.9,24,2,R,125.767946
duplicates,0.9,0.9,24,3,R,126.89236
duplicates,0.9,0.9,25,1,I,132.661853
duplicates,0.9,0.9,25,2,I,145.556743
duplicates,0.9,0.9,25,3,I,133.653438
duplicates,0.9,0.9,25,1,Q,134.337435
duplicates,0.9,0.9,25,2,Q,121.613328
duplicates,0.9,0.9,25,3,Q,125.65024
duplicates,0.9,0.9,25,1,M,118.946066
duplicates,0.9,0.9,25,2,M,136.044593
duplicates,0.9,0.9,25,3,M,134.364803
duplicates,0.9,0.9,25,1,H,126.319611
duplicates,0.9,0.9,25,2,H,129.991361
duplicates,0.9,0.9,25,3,H,125.172763
duplicates,0.9,0.9,25,1,R,116.886808
duplicates,0.9,0.9,25,2,R,117.499818
duplicates,0.9,0.9,25,3,R,116.319907
duplicates,0.9,0.9,26,1,I,125.70033
duplicates,0.9,0.9,26,2,I,131.034753
duplicates,0.9,0.9,26,3,I,129.488304
duplicates,0.9,0.9,26,1,Q,134.003378
duplicates,0.9,0.9,26,2,Q,119.517317
duplicates,0.9,0.9,26,3,Q,141.581069
duplicates,0.9,0.9,26,1,M,121.687873
duplicates,0.9,0.9,26,2,M,119.191058
duplicates,0.9,0.9,26,3,M,118.991053
duplicates,0.9,0.9,26,1,H,115.032831
duplicates,0.9,0.9,26,2,H,122.487443
duplicates,0.9,0.9,26,3,H,131.023442
duplicates,0.9,0.9,26,1,R,114.013434
duplicates,0.9,0.9,26,2,R,114.185838
duplicates,0.9,0.9,26,3,R,116.310744
duplicates,0.9,0.9,27,1,I,123.72101
duplicates,0.9,0.9,27,2,I,117.970302
duplicates,0.9,0.9,27,3,I,121.740947
duplicates,0.9,0.9,27,1,Q,114.174144
duplicates,0.9,0.9,27,2,Q,115.710258
duplicates,0.9,0.9,27,3,Q,114.477499
duplicates,0.9,0.9,27,1,M,111.821807
duplicates,0.9,0.9,27,2,M,115.167893
duplicates,0.9,0.9,27,3,M,115.185694
duplicates,0.9,0.9,27,1,H,113.928549
duplicates,0.9,0.9,27,2,H,113.558616
duplicates,0.9,0.9,27,3,H,112.671581
duplicates,0.9,0.9,27,1,R,108.248842
duplicates,0.9,0.9,27,2,R,111.499337
duplicates,0.9,0.9,27,3,R,115.166572
duplicates,0.9,0.9,28,1,I,109.711178
duplicates,0.9,0.9,28,2,I,108.591734
duplicates,0.9,0.9,28,3,I,120.660481
duplicates,0.9,0.9,28,1,Q,114.586282
duplicates,0.9,0.9,28,2,Q,112.145537
duplicates,0.9,0.9,28,3,Q,124.642171
duplicates,0.9,0.9,28,1,M,111.075274
duplicates,0.9,0.9,28,2,M,115.135261
duplicates,0.9,0.9,28,3,M,114.49189
duplicates,0.9,0.9,28,1,H,114.599081
duplicates,0.9,0.9,28,2,H,114.510003
duplicates,0.9,0.9,28,3,H,115.701378
duplicates,0.9,0.9,28,1,R,111.225042
duplicates,0.9,0.9,28,2,R,108.904165
duplicates,0.9,0.9,28,3,R,110.935112
duplicates,0.9,0.9,29,1,I,118.748061
duplicates,0.9,0.9,29,2,I,120.201468
duplicates,0.9,0.9,29,3,I,119.253726
duplicates,0.9,0.9,29,1,Q,112.619581
duplicates,0.9,0.9,29,2,Q,116.948737
duplicates,0.9,0.9,29,3,Q,109.74238
duplicates,0.9,0.9,29,1,M,109.031531
duplicates,0.9,0.9,29,2,M,104.959554
duplicates,0.9,0.9,29,3,M,108.616129
duplicates,0.9,0.9,29,1,H,109.68642
duplicates,0.9,0.9,29,2,H,109.607494
duplicates,0.9,0.9,29,3,H,111.657871
duplicates,0.9,0.9,29,1,R,112.792704
duplicates,0.9,0.9,29,2,R,109.354438
duplicates,0.9,0.9,29,3,R,109.697004
duplicates,0.9,0.9,30,1,I,116.379248
duplicates,0.9,0.9,30,2,I,119.03587
duplicates,0.9,0.9,30,3,I,119.831571
duplicates,0.9,0.9,30,1,Q,111.594827
duplicates,0.9,0.9,30,2,Q,117.091381
duplicates,0.9,0.9,30,3,Q,110.247747
duplicates,0.9,0.9,30,1,M,109.119297
duplicates,0.9,0.9,30,2,M,125.15327
duplicates,0.9,0.9,30,3,M,111.136677
duplicates,0.9,0.9,30,1,H,113.891682
duplicates,0.9,0.9,30,2,H,109.807654
duplicates,0.9,0.9,30,3,H,112.342812
duplicates,0.9,0.9,30,1,R,110.13991
duplicates,0.9,0.9,30,2,R,113.816573
duplicates,0.9,0.9,30,3,R,109.399436
duplicates,0.9,0.9,31,1,I,120.710265
duplicates,0.9,0.9,31,2,I,115.018065
duplicates,0.9,0.9,31,3,I,123.631059
duplicates,0.9,0.9,31,1,Q,117.0846
duplicates,0.9,0.9,31,2,Q,135.366339
duplicates,0.9,0.9,31,3,Q,131.32235
duplicates,0.9,0.9,31,1,M,119.53517
duplicates,0.9,0.9,31,2,M,111.221696
duplicates,0.9,0.9,31,3,M,111.07704
duplicates,0.9,0.9,31,1,H,108.752213
duplicates,0.9,0.9,31,2,H,108.454288
duplicates,0.9,0.9,31,3,H,109.868724
duplicates,0.9,0.9,31,1,R,108.696364
duplicates,0.9,0.9,31,2,R,114.894631
duplicates,0.9,0.9,31,3,R,109.439687
duplicates,0.9,0.9,32,1,I,120.991095
duplicates,0.9,0.9,32,2,I,124.306888
duplicates,0.9,0.9,32,3,I,122.493664
duplicates,0.9,0.9,32,1,Q,112.028672
duplicates,0.9,0.9,32,2,Q,113.284728
duplicates,0.9,0.9,32,3,Q,114.360495
duplicates,0.9,0.9,32,1,M,111.214052
duplicates,0.9,0.9,32,2,M,109.028529
duplicates,0.9,0.9,32,3,M,112.706251
duplicates,0.9,0.9,32,1,H,113.890455
duplicates,0.9,0.9,32,2,H,111.047457
duplicates,0.9,0.9,32,3,H,113.047861
duplicates,0.9,0.9,32,1,R,107.317252
duplicates,0.9,0.9,32,2,R,111.747652
duplicates,0.9,0.9,32,3,R,113.836918
duplicates,0.9,0.9,33,1,I,117.334075
duplicates,0.9,0.9,33,2,I,116.902266
duplicates,0.9,0.9,33,3,I,119.617037
duplicates,0.9,0.9,33,1,Q,110.328772
duplicates,0.9,0.9,33,2,Q,111.306872
duplicates,0.9,0.9,33,3,Q,112.75017
duplicates,0.9,0.9,33,1,M,104.135299
duplicates,0.9,0.9,33,2,M,110.362754
duplicates,0.9,0.9,33,3,M,112.19383
duplicates,0.9,0.9,33,1,H,112.549322
duplicates,0.9,0.9,33,2,H,109.829279
duplicates,0.9,0.9,33,3,H,112.46576
duplicates,0.9,0.9,33,1,R,110.96852
duplicates,0.9,0.9,33,2,R,114.244986
duplicates,0.9,0.9,33,3,R,112.880063
duplicates,0.9,0.9,34,1,I,123.391289
duplicates,0.9,0.9,34,2,I,131.299968
duplicates,0.9,0.9,34,3,I,120.175376
duplicates,0.9,0.9,34,1,Q,129.607247
duplicates,0.9,0.9,34,2,Q,112.570375
duplicates,0.9,0.9,34,3,Q,115.031586
duplicates,0.9,0.9,34,1,M,114.059784
duplicates,0.9,0.9,34,2,M,108.832101
duplicates,0.9,0.9,34,3,M,107.580958
duplicates,0.9,0.9,34,1,H,108.172537
duplicates,0.9,0.9,34,2,H,109.218117
duplicates,0.9,0.9,34,3,H,112.372504
duplicates,0.9,0.9,34,1,R,111.874949
duplicates,0.9,0.9,34,2,R,110.427237
duplicates,0.9,0.9,34,3,R,113.598512
duplicates,0.9,0.9,35,1,I,122.078359
duplicates,0.9,0.9,35,2,I,117.566892
duplicates,0.9,0.9,35,3,I,125.224018
duplicates,0.9,0.9,35,1,Q,110.599734
duplicates,0.9,0.9,35,2,Q,108.933816
duplicates,0.9,0.9,35,3,Q,107.462543
duplicates,0.9,0.9,35,1,M,113.524939
duplicates,0.9,0.9,35,2,M,113.941219
duplicates,0.9,0.9,35,3,M,115.711889
duplicates,0.9,0.9,35,1,H,109.892892
duplicates,0.9,0.9,35,2,H,114.97264
duplicates,0.9,0.9,35,3,H,110.148149
duplicates,0.9,0.9,35,1,R,113.235248
duplicates,0.9,0.9,35,2,R,149.532823
duplicates,0.9,0.9,35,3,R,106.502912
duplicates,0.9,0.9,36,1,I,117.52342
duplicates,0.9,0.9,36,2,I,122.485614
duplicates,0.9,0.9,36,3,I,120.669838
duplicates,0.9,0.9,36,1,Q,109.468163
duplicates,0.9,0.9,36,2,Q,116.025753
duplicates,0.9,0.9,36,3,Q,114.646357
duplicates,0.9,0.9,36,1,M,117.74812
duplicates,0.9,0.9,36,2,M,112.249818
duplicates,0.9,0.9,36,3,M,116.507091
duplicates,0.9,0.9,36,1,H,118.471145
duplicates,0.9,0.9,36,2,H,112.342733
duplicates,0.9,0.9,36,3,H,117.440576
duplicates,0.9,0.9,36,1,R,115.004442
duplicates,0.9,0.9,36,2,R,121.063077
duplicates,0.9,0.9,36,3,R,121.667618
duplicates,0.9,0.9,37,1,I,138.658972
duplicates,0.9,0.9,37,2,I,138.20286
duplicates,0.9,0.9,37,3,I,122.123989
duplicates,0.9,0.9,37,1,Q,115.766932
duplicates,0.9,0.9,37,2,Q,110.65241
duplicates,0.9,0.9,37,3,Q,109.44827
duplicates,0.9,0.9,37,1,M,101.97072
duplicates,0.9,0.9,37,2,M,117.732772
duplicates,0.9,0.9,37,3,M,114.07586
duplicates,0.9,0.9,37,1,H,114.255526
duplicates,0.9,0.9,37,2,H,115.340039
duplicates,0.9,0.9,37,3,H,113.899029
duplicates,0.9,0.9,37,1,R,123.449169
duplicates,0.9,0.9,37,2,R,115.532543
duplicates,0.9,0.9,37,3,R,116.631341
duplicates,0.9,0.9,38,1,I,119.719648
duplicates,0.9,0.9,38,2,I,126.954547
duplicates,0.9,0.9,38,3,I,139.087756
duplicates,0.9,0.9,38,1,Q,124.833093
duplicates,0.9,0.9,38,2,Q,119.276712
duplicates,0.9,0.9,38,3,Q,114.816854
duplicates,0.9,0.9,38,1,M,124.32776
duplicates,0.9,0.9,38,2,M,119.505828
duplicates,0.9,0.9,38,3,M,117.813386
duplicates,0.9,0.9,38,1,H,120.080668
duplicates,0.9,0.9,38,2,H,116.564308
duplicates,0.9,0.9,38,3,H,116.704329
duplicates,0.9,0.9,38,1,R,119.158457
duplicates,0.9,0.9,38,2,R,119.476853
duplicates,0.9,0.9,38,3,R,118.174897
duplicates,0.9,0.9,39,1,I,132.207916
duplicates,0.9,0.9,39,2,I,120.762081
duplicates,0.9,0.9,39,3,I,124.54314
duplicates,0.9,0.9,39,1,Q,121.576899
duplicates,0.9,0.9,39,2,Q,111.901611
duplicates,0.9,0.9,39,3,Q,131.999557
duplicates,0.9,0.9,39,1,M,117.032324
duplicates,0.9,0.9,39,2,M,114.006904
duplicates,0.9,0.9,39,3,M,112.050072
duplicates,0.9,0.9,39,1,H,121.596451
duplicates,0.9,0.9,39,2,H,122.298053
duplicates,0.9,0.9,39,3,H,138.809087
duplicates,0.9,0.9,39,1,R,128.70167
duplicates,0.9,0.9,39,2,R,113.917752
duplicates,0.9,0.9,39,3,R,118.962771
duplicates,0.9,0.9,40,1,I,122.34276
duplicates,0.9,0.9,40,2,I,118.593134
duplicates,0.9,0.9,40,3,I,119.793696
duplicates,0.9,0.9,40,1,Q,113.150716
duplicates,0.9,0.9,40,2,Q,113.505946
duplicates,0.9,0.9,40,3,Q,113.125869
duplicates,0.9,0.9,40,1,M,115.535118
duplicates,0.9,0.9,40,2,M,112.244557
duplicates,0.9,0.9,40,3,M,108.930909
duplicates,0.9,0.9,40,1,H,111.867832
duplicates,0.9,0.9,40,2,H,108.68484
duplicates,0.9,0.9,40,3,H,112.41392
duplicates,0.9,0.9,40,1,R,109.244414
duplicates,0.9,0.9,40,2,R,113.409768
duplicates,0.9,0.9,40,3,R,108.566063
duplicates,0.91,0.91,1,1,I,113.968543
duplicates,0.91,0.91,1,2,I,119.718244
duplicates,0.91,0.91,1,3,I,123.485917
duplicates,0.91,0.91,1,1,Q,110.811049
duplicates,0.91,0.91,1,2,Q,115.507624
duplicates,0.91,0.91,1,3,Q,114.56414
duplicates,0.91,0.91,1,1,M,113.505189
duplicates,0.91,0.91,1,2,M,110.294853
duplicates,0.91,0.91,1,3,M,114.56333
duplicates,0.91,0.91,1,1,H,110.691251
duplicates,0.91,0.91,1,2,H,110.483379
duplicates,0.91,0.91,1,3,H,104.602104
duplicates,0.91,0.91,1,1,R,111.235616
duplicates,0.91,0.91,1,2,R,111.048091
duplicates,0.91,0.91,1,3,R,108.372404
duplicates,0.91,0.91,2,1,I,121.729552
duplicates,0.91,0.91,2,2,I,120.999886
duplicates,0.91,0.91,2,3,I,111.843587
duplicates,0.91,0.91,2,1,Q,114.987461
duplicates,0.91,0.91,2,2,Q,114.463874
duplicates,0.91,0.91,2,3,Q,109.894431
duplicates,0.91,0.91,2,1,M,121.555632
duplicates,0.91,0.91,2,2,M,120.40534
duplicates,0.91,0.91,2,3,M,120.154723
duplicates,0.91,0.91,2,1,H,119.471544
duplicates,0.91,0.91,2,2,H,121.793024
duplicates,0.91,0.91,2,3,H,118.329545
duplicates,0.91,0.91,2,1,R,111.382592
duplicates,0.91,0.91,2,2,R,111.334329
duplicates,0.91,0.91,2,3,R,108.22465
duplicates,0.91,0.91,3,1,I,119.310896
duplicates,0.91,0.91,3,2,I,122.328808
duplicates,0.91,0.91,3,3,I,122.778953
duplicates,0.91,0.91,3,1,Q,113.800947
duplicates,0.91,0.91,3,2,Q,109.912871
duplicates,0.91,0.91,3,3,Q,116.703538
duplicates,0.91,0.91,3,1,M,112.404276
duplicates,0.91,0.91,3,2,M,114.014506
duplicates,0.91,0.91,3,3,M,114.962878
duplicates,0.91,0.91,3,1,H,118.12338
duplicates,0.91,0.91,3,2,H,114.104643
duplicates,0.91,0.91,3,3,H,108.267333
duplicates,0.91,0.91,3,1,R,103.114962
duplicates,0.91,0.91,3,2,R,110.815985
duplicates,0.91,0.91,3,3,R,110.442462
duplicates,0.91,0.91,4,1,I,118.124446
duplicates,0.91,0.91,4,2,I,119.904073
duplicates,0.91,0.91,4,3,I,120.975357
duplicates,0.91,0.91,4,1,Q,111.287998
duplicates,0.91,0.91,4,2,Q,112.467992
duplicates,0.91,0.91,4,3,Q,115.339457
duplicates,0.91,0.91,4,1,M,110.390379
duplicates,0.91,0.91,4,2,M,111.478948
duplicates,0.91,0.91,4,3,M,115.215986
duplicates,0.91,0.91,4,1,H,117.243232
duplicates,0.91,0.91,4,2,H,111.186811
duplicates,0.91,0.91,4,3,H,115.867161
duplicates,0.91,0.91,4,1,R,113.441491
duplicates,0.91,0.91,4,2,R,110.728984
duplicates,0.91,0.91,4,3,R,113.539319
duplicates,0.91,0.91,5,1,I,120.203768
duplicates,0.91,0.91,5,2,I,127.498298
duplicates,0.91,0.91,5,3,I,118.574515
duplicates,0.91,0.91,5,1,Q,112.013247
duplicates,0.91,0.91,5,2,Q,105.50047
duplicates,0.91,0.91,5,3,Q,120.076738
duplicates,0.91,0.91,5,1,M,118.757161
duplicates,0.91,0.91,5,2,M,116.003105
duplicates,0.91,0.91,5,3,M,122.533518
duplicates,0.91,0.91,5,1,H,112.112005
duplicates,0.91,0.91,5,2,H,115.363538
duplicates,0.91,0.91,5,3,H,112.501342
duplicates,0.91,0.91,5,1,R,113.870706
duplicates,0.91,0.91,5,2,R,111.407777
duplicates,0.91,0.91,5,3,R,110.640008
duplicates,0.91,0.91,6,1,I,122.241098
duplicates,0.91,0.91,6,2,I,122.292707
duplicates,0.91,0.91,6,3,I,123.77857
duplicates,0.91,0.91,6,1,Q,121.895898
duplicates,0.91,0.91,6,2,Q,110.044982
duplicates,0.91,0.91,6,3,Q,115.640615
duplicates,0.91,0.91,6,1,M,111.219638
duplicates,0.91,0.91,6,2,M,111.309822
duplicates,0.91,0.91,6,3,M,110.986053
duplicates,0.91,0.91,6,1,H,109.218176
duplicates,0.91,0.91,6,2,H,107.90411
duplicates,0.91,0.91,6,3,H,108.612997
duplicates,0.91,0.91,6,1,R,113.747355
duplicates,0.91,0.91,6,2,R,112.278406
duplicates,0.91,0.91,6,3,R,121.442694
duplicates,0.91,0.91,7,1,I,124.240492
duplicates,0.91,0.91,7,2,I,123.132524
duplicates,0.91,0.91,7,3,I,123.385026
duplicates,0.91,0.91,7,1,Q,112.107543
duplicates,0.91,0.91,7,2,Q,117.838501
duplicates,0.91,0.91,7,3,Q,102.859694
duplicates,0.91,0.91,7,1,M,120.746727
duplicates,0.91,0.91,7,2,M,113.595672
duplicates,0.91,0.91,7,3,M,115.210438
duplicates,0.91,0.91,7,1,H,114.025611
duplicates,0.91,0.91,7,2,H,110.425484
duplicates,0.91,0.91,7,3,H,114.337502
duplicates,0.91,0.91,7,1,R,113.970982
duplicates,0.91,0.91,7,2,R,110.524506
duplicates,0.91,0.91,7,3,R,125.748494
duplicates,0.91,0.91,8,1,I,129.659607
duplicates,0.91,0.91,8,2,I,119.849398
duplicates,0.91,0.91,8,3,I,137.850117
duplicates,0.91,0.91,8,1,Q,121.456346
duplicates,0.91,0.91,8,2,Q,121.03007
duplicates,0.91,0.91,8,3,Q,109.883608
duplicates,0.91,0.91,8,1,M,129.152096
duplicates,0.91,0.91,8,2,M,116.158888
duplicates,0.91,0.91,8,3,M,117.876672
duplicates,0.91,0.91,8,1,H,109.744026
duplicates,0.91,0.91,8,2,H,119.405209
duplicates,0.91,0.91,8,3,H,111.595798
duplicates,0.91,0.91,8,1,R,110.482972
duplicates,0.91,0.91,8,2,R,109.175988
duplicates,0.91,0.91,8,3,R,121.981266
duplicates,0.92,0.92,1,1,I,124.58593
duplicates,0.92,0.92,1,2,I,130.593737
duplicates,0.92,0.92,1,3,I,137.091957
duplicates,0.92,0.92,1,1,Q,114.132017
duplicates,0.92,0.92,1,2,Q,120.214278
duplicates,0.92,0.92,1,3,Q,111.022257
duplicates,0.92,0.92,1,1,M,117.53176
duplicates,0.92,0.92,1,2,M,127.783508
duplicates,0.92,0.92,1,3,M,128.815433
duplicates,0.92,0.92,1,1,H,126.027102
duplicates,0.92,0.92,1,2,H,118.71679
duplicates,0.92,0.92,1,3,H,121.936753
duplicates,0.92,0.92,1,1,R,111.900686
duplicates,0.92,0.92,1,2,R,112.611552
duplicates,0.92,0.92,1,3,R,110.308797
duplicates,0.92,0.92,2,1,I,120.352129
duplicates,0.92,0.92,2,2,I,125.100211
duplicates,0.92,0.92,2,3,I,127.389614
duplicates,0.92,0.92,2,1,Q,116.954803
duplicates,0.92,0.92,2,2,Q,125.411857
duplicates,0.92,0.92,2,3,Q,120.798107
duplicates,0.92,0.92,2,1,M,110.039823
duplicates,0.92,0.92,2,2,M,110.516355
duplicates,0.92,0.92,2,3,M,110.689999
duplicates,0.92,0.92,2,1,H,113.618428
duplicates,0.92,0.92,2,2,H,116.535942
duplicates,0.92,0.92,2,3,H,113.347134
duplicates,0.92,0.92,2,1,R,110.768149
duplicates,0.92,0.92,2,2,R,110.280284
duplicates,0.92,0.92,2,3,R,116.881079
duplicates,0.92,0.92,3,1,I,133.159192
duplicates,0.92,0.92,3,2,I,124.327689
duplicates,0.92,0.92,3,3,I,131.319017
duplicates,0.92,0.92,3,1,Q,133.314397
duplicates,0.92,0.92,3,2,Q,129.388959
duplicates,0.92,0.92,3,3,Q,123.359019
duplicates,0.92,0.92,3,1,M,129.772969
duplicates,0.92,0.92,3,2,M,131.797251
duplicates,0.92,0.92,3,3,M,114.813104
duplicates,0.92,0.92,3,1,H,115.621956
duplicates,0.92,0.92,3,2,H,112.359712
duplicates,0.92,0.92,3,3,H,115.321476
duplicates,0.92,0.92,3,1,R,111.441338
duplicates,0.92,0.92,3,2,R,105.501722
duplicates,0.92,0.92,3,3,R,117.287192
duplicates,0.92,0.92,4,1,I,125.141729
duplicates,0.92,0.92,4,2,I,129.602288
duplicates,0.92,0.92,4,3,I,140.942137
duplicates,0.92,0.92,4,1,Q,113.938605
duplicates,0.92,0.92,4,2,Q,114.491812
duplicates,0.92,0.92,4,3,Q,102.690041
duplicates,0.92,0.92,4,1,M,113.117728
duplicates,0.92,0.92,4,2,M,115.63169
duplicates,0.92,0.92,4,3,M,116.707068
duplicates,0.92,0.92,4,1,H,124.92064
duplicates,0.92,0.92,4,2,H,125.179032
duplicates,0.92,0.92,4,3,H,126.56123
duplicates,0.92,0.92,4,1,R,124.602499
duplicates,0.92,0.92,4,2,R,109.365039
duplicates,0.92,0.92,4,3,R,113.21141
duplicates,0.92,0.92,5,1,I,126.233994
duplicates,0.92,0.92,5,2,I,121.215539
duplicates,0.92,0.92,5,3,I,129.095824
duplicates,0.92,0.92,5,1,Q,115.199209
duplicates,0.92,0.92,5,2,Q,120.264148
duplicates,0.92,0.92,5,3,Q,117.790689
duplicates,0.92,0.92,5,1,M,118.046216
duplicates,0.92,0.92,5,2,M,119.420993
duplicates,0.92,0.92,5,3,M,118.557744
duplicates,0.92,0.92,5,1,H,123.043871
duplicates,0.92,0.92,5,2,H,116.437726
duplicates,0.92,0.92,5,3,H,116.733726
duplicates,0.92,0.92,5,1,R,114.139696
duplicates,0.92,0.92,5,2,R,114.348028
duplicates,0.92,0.92,5,3,R,113.469639
duplicates,0.92,0.92,6,1,I,135.392488
duplicates,0.92,0.92,6,2,I,126.774016
duplicates,0.92,0.92,6,3,I,123.197347
duplicates,0.92,0.92,6,1,Q,114.715196
duplicates,0.92,0.92,6,2,Q,116.838942
duplicates,0.92,0.92,6,3,Q,118.603517
duplicates,0.92,0.92,6,1,M,112.561627
duplicates,0.92,0.92,6,2,M,116.794105
duplicates,0.92,0.92,6,3,M,114.283874
duplicates,0.92,0.92,6,1,H,120.03642
duplicates,0.92,0.92,6,2,H,127.687674
duplicates,0.92,0.92,6,3,H,121.874971
duplicates,0.92,0.92,6,1,R,117.560651
duplicates,0.92,0.92,6,2,R,114.056559
duplicates,0.92,0.92,6,3,R,115.141045
duplicates,0.92,0.92,7,1,I,130.727071
duplicates,0.92,0.92,7,2,I,126.79968
duplicates,0.92,0.92,7,3,I,125.722652
duplicates,0.92,0.92,7,1,Q,110.73902
duplicates,0.92,0.92,7,2,Q,120.803157
duplicates,0.92,0.92,7,3,Q,121.171199
duplicates,0.92,0.92,7,1,M,118.440201
duplicates,0.92,0.92,7,2,M,117.5193
duplicates,0.92,0.92,7,3,M,117.834132
duplicates,0.92,0.92,7,1,H,113.283883
duplicates,0.92,0.92,7,2,H,127.139794
duplicates,0.92,0.92,7,3,H,124.136859
duplicates,0.92,0.92,7,1,R,117.291423
duplicates,0.92,0.92,7,2,R,111.713729
duplicates,0.92,0.92,7,3,R,128.3207
duplicates,0.92,0.92,8,1,I,128.957814
duplicates,0.92,0.92,8,2,I,133.057377
duplicates,0.92,0.92,8,3,I,136.242235
duplicates,0.92,0.92,8,1,Q,122.870257
duplicates,0.92,0.92,8,2,Q,113.408724
duplicates,0.92,0.92,8,3,Q,107.691918
duplicates,0.92,0.92,8,1,M,124.650471
duplicates,0.92,0.92,8,2,M,117.660956
duplicates,0.92,0.92,8,3,M,122.973055
duplicates,0.92,0.92,8,1,H,126.553652
duplicates,0.92,0.92,8,2,H,123.650479
duplicates,0.92,0.92,8,3,H,126.798778
duplicates,0.92,0.92,8,1,R,120.077663
duplicates,0.92,0.92,8,2,R,123.339024
duplicates,0.92,0.92,8,3,R,124.9785
duplicates,0.93,0.93,1,1,I,135.462893
duplicates,0.93,0.93,1,2,I,137.099763
duplicates,0.93,0.93,1,3,I,124.277453
duplicates,0.93,0.93,1,1,Q,124.5952
duplicates,0.93,0.93,1,2,Q,126.699087
duplicates,0.93,0.93,1,3,Q,130.428202
duplicates,0.93,0.93,1,1,M,124.178393
duplicates,0.93,0.93,1,2,M,118.451984
duplicates,0.93,0.93,1,3,M,128.54762
duplicates,0.93,0.93,1,1,H,112.560254
duplicates,0.93,0.93,1,2,H,115.676316
duplicates,0.93,0.93,1,3,H,121.178588
duplicates,0.93,0.93,1,1,R,116.225548
duplicates,0.93,0.93,1,2,R,124.156517
duplicates,0.93,0.93,1,3,R,130.163105
duplicates,0.93,0.93,2,1,I,131.225229
duplicates,0.93,0.93,2,2,I,121.477129
duplicates,0.93,0.93,2,3,I,122.865551
duplicates,0.93,0.93,2,1,Q,117.944617
duplicates,0.93,0.93,2,2,Q,124.194215
duplicates,0.93,0.93,2,3,Q,114.660406
duplicates,0.93,0.93,2,1,M,125.383663
duplicates,0.93,0.93,2,2,M,102.888375
duplicates,0.93,0.93,2,3,M,114.982368
duplicates,0.93,0.93,2,1,H,113.366318
duplicates,0.93,0.93,2,2,H,113.377549
duplicates,0.93,0.93,2,3,H,117.353783
duplicates,0.93,0.93,2,1,R,114.637727
duplicates,0.93,0.93,2,2,R,113.375625
duplicates,0.93,0.93,2,3,R,112.081035
duplicates,0.93,0.93,3,1,I,129.77429
duplicates,0.93,0.93,3,2,I,124.639813
duplicates,0.93,0.93,3,3,I,131.684302
duplicates,0.93,0.93,3,1,Q,111.983934
duplicates,0.93,0.93,3,2,Q,114.727152
duplicates,0.93,0.93,3,3,Q,112.143355
duplicates,0.93,0.93,3,1,M,113.631589
duplicates,0.93,0.93,3,2,M,121.357037
duplicates,0.93,0.93,3,3,M,121.42194
duplicates,0.93,0.93,3,1,H,120.91599
duplicates,0.93,0.93,3,2,H,113.699944
duplicates,0.93,0.93,3,3,H,116.330726
duplicates,0.93,0.93,3,1,R,112.898826
duplicates,0.93,0.93,3,2,R,111.582471
duplicates,0.93,0.93,3,3,R,111.022899
duplicates,0.93,0.93,4,1,I,132.868784
duplicates,0.93,0.93,4,2,I,122.05351
duplicates,0.93,0.93,4,3,I,123.661764
duplicates,0.93,0.93,4,1,Q,113.487612
duplicates,0.93,0.93,4,2,Q,121.166513
duplicates,0.93,0.93,4,3,Q,122.272782
duplicates,0.93,0.93,4,1,M,116.552618
duplicates,0.93,0.93,4,2,M,124.067599
duplicates,0.93,0.93,4,3,M,114.81509
duplicates,0.93,0.93,4,1,H,113.591067
duplicates,0.93,0.93,4,2,H,116.184114
duplicates,0.93,0.93,4,3,H,101.118994
duplicates,0.93,0.93,4,1,R,111.296739
duplicates,0.93,0.93,4,2,R,111.900838
duplicates,0.93,0.93,4,3,R,117.568798
duplicates,0.93,0.93,5,1,I,121.032634
duplicates,0.93,0.93,5,2,I,119.95228
duplicates,0.93,0.93,5,3,I,127.147871
duplicates,0.93,0.93,5,1,Q,112.48976
duplicates,0.93,0.93,5,2,Q,116.461055
duplicates,0.93,0.93,5,3,Q,113.52575
duplicates,0.93,0.93,5,1,M,111.995833
duplicates,0.93,0.93,5,2,M,114.589758
duplicates,0.93,0.93,5,3,M,111.40975
duplicates,0.93,0.93,5,1,H,119.106507
duplicates,0.93,0.93,5,2,H,118.79299
duplicates,0.93,0.93,5,3,H,114.23235
duplicates,0.93,0.93,5,1,R,113.539852
duplicates,0.93,0.93,5,2,R,110.422678
duplicates,0.93,0.93,5,3,R,115.049517
duplicates,0.93,0.93,6,1,I,116.954696
duplicates,0.93,0.93,6,2,I,132.971462
duplicates,0.93,0.93,6,3,I,141.695406
duplicates,0.93,0.93,6,1,Q,123.952974
duplicates,0.93,0.93,6,2,Q,127.755869
duplicates,0.93,0.93,6,3,Q,115.34948
duplicates,0.93,0.93,6,1,M,114.287699
duplicates,0.93,0.93,6,2,M,120.388651
duplicates,0.93,0.93,6,3,M,118.208514
duplicates,0.93,0.93,6,1,H,112.899755
duplicates,0.93,0.93,6,2,H,100.404052
duplicates,0.93,0.93,6,3,H,116.317244
duplicates,0.93,0.93,6,1,R,112.029507
duplicates,0.93,0.93,6,2,R,116.872212
duplicates,0.93,0.93,6,3,R,122.271043
duplicates,0.93,0.93,7,1,I,128.521683
duplicates,0.93,0.93,7,2,I,119.131955
duplicates,0.93,0.93,7,3,I,120.800625
duplicates,0.93,0.93,7,1,Q,111.226577
duplicates,0.93,0.93,7,2,Q,117.566372
duplicates,0.93,0.93,7,3,Q,113.431662
duplicates,0.93,0.93,7,1,M,115.597813
duplicates,0.93,0.93,7,2,M,115.523909
duplicates,0.93,0.93,7,3,M,111.588192
duplicates,0.93,0.93,7,1,H,117.512343
duplicates,0.93,0.93,7,2,H,119.977188
duplicates,0.93,0.93,7,3,H,110.328269
duplicates,0.93,0.93,7,1,R,108.95168
duplicates,0.93,0.93,7,2,R,111.371378
duplicates,0.93,0.93,7,3,R,114.693026
duplicates,0.93,0.93,8,1,I,124.58727
duplicates,0.93,0.93,8,2,I,128.864673
duplicates,0.93,0.93,8,3,I,120.238048
duplicates,0.93,0.93,8,1,Q,116.436719
duplicates,0.93,0.93,8,2,Q,119.07063
duplicates,0.93,0.93,8,3,Q,120.752446
duplicates,0.93,0.93,8,1,M,109.968875
duplicates,0.93,0.93,8,2,M,104.84232
duplicates,0.93,0.93,8,3,M,112.20445
duplicates,0.93,0.93,8,1,H,113.176656
duplicates,0.93,0.93,8,2,H,113.088218
duplicates,0.93,0.93,8,3,H,128.063046
duplicates,0.93,0.93,8,1,R,111.469709
duplicates,0.93,0.93,8,2,R,117.820423
duplicates,0.93,0.93,8,3,R,112.614753
duplicates,0.94,0.94,1,1,I,126.086797
duplicates,0.94,0.94,1,2,I,120.971791
duplicates,0.94,0.94,1,3,I,129.643774
duplicates,0.94,0.94,1,1,Q,115.452694
duplicates,0.94,0.94,1,2,Q,118.803947
duplicates,0.94,0.94,1,3,Q,122.917007
duplicates,0.94,0.94,1,1,M,110.934173
duplicates,0.94,0.94,1,2,M,103.229288
duplicates,0.94,0.94,1,3,M,109.867384
duplicates,0.94,0.94,1,1,H,116.085586
duplicates,0.94,0.94,1,2,H,115.191626
duplicates,0.94,0.94,1,3,H,113.357268
duplicates,0.94,0.94,1,1,R,113.160549
duplicates,0.94,0.94,1,2,R,120.104053
duplicates,0.94,0.94,1,3,R,110.428984
duplicates,0.94,0.94,2,1,I,123.643531
duplicates,0.94,0.94,2,2,I,117.070667
duplicates,0.94,0.94,2,3,I,119.92897
duplicates,0.94,0.94,2,1,Q,110.908147
duplicates,0.94,0.94,2,2,Q,112.778329
duplicates,0.94,0.94,2,3,Q,118.281323
duplicates,0.94,0.94,2,1,M,111.433219
duplicates,0.94,0.94,2,2,M,122.215427
duplicates,0.94,0.94,2,3,M,114.249737
duplicates,0.94,0.94,2,1,H,111.624949
duplicates,0.94,0.94,2,2,H,117.289873
duplicates,0.94,0.94,2,3,H,116.6372
duplicates,0.94,0.94,2,1,R,112.291053
duplicates,0.94,0.94,2,2,R,117.181192
duplicates,0.94,0.94,2,3,R,112.346615
duplicates,0.94,0.94,3,1,I,125.770549
duplicates,0.94,0.94,3,2,I,124.729284
duplicates,0.94,0.94,3,3,I,124.56774
duplicates,0.94,0.94,3,1,Q,111.540346
duplicates,0.94,0.94,3,2,Q,117.259347
duplicates,0.94,0.94,3,3,Q,113.623519
duplicates,0.94,0.94,3,1,M,113.603711
duplicates,0.94,0.94,3,2,M,125.475909
duplicates,0.94,0.94,3,3,M,99.500906
duplicates,0.94,0.94,3,1,H,115.812748
duplicates,0.94,0.94,3,2,H,110.602805
duplicates,0.94,0.94,3,3,H,113.660255
duplicates,0.94,0.94,3,1,R,116.133393
duplicates,0.94,0.94,3,2,R,113.031833
duplicates,0.94,0.94,3,3,R,116.719292
duplicates,0.94,0.94,4,1,I,122.285028
duplicates,0.94,0.94,4,2,I,127.152227
duplicates,0.94,0.94,4,3,I,121.444417
duplicates,0.94,0.94,4,1,Q,110.313793
duplicates,0.94,0.94,4,2,Q,113.317939
duplicates,0.94,0.94,4,3,Q,115.856268
duplicates,0.94,0.94,4,1,M,115.191436
duplicates,0.94,0.94,4,2,M,109.224554
duplicates,0.94,0.94,4,3,M,110.749873
duplicates,0.94,0.94,4,1,H,110.354658
duplicates,0.94,0.94,4,2,H,112.712179
duplicates,0.94,0.94,4,3,H,113.871764
duplicates,0.94,0.94,4,1,R,113.330984
duplicates,0.94,0.94,4,2,R,118.151356
duplicates,0.94,0.94,4,3,R,111.939296
duplicates,0.94,0.94,5,1,I,129.220547
duplicates,0.94,0.94,5,2,I,123.672087
duplicates,0.94,0.94,5,3,I,121.690807
duplicates,0.94,0.94,5,1,Q,111.542032
duplicates,0.94,0.94,5,2,Q,111.409538
duplicates,0.94,0.94,5,3,Q,109.857196
duplicates,0.94,0.94,5,1,M,117.745679
duplicates,0.94,0.94,5,2,M,123.115112
duplicates,0.94,0.94,5,3,M,122.896792
duplicates,0.94,0.94,5,1,H,110.733249
duplicates,0.94,0.94,5,2,H,112.196774
duplicates,0.94,0.94,5,3,H,121.582865
duplicates,0.94,0.94,5,1,R,123.930754
duplicates,0.94,0.94,5,2,R,113.335628
duplicates,0.94,0.94,5,3,R,108.739395
duplicates,0.94,0.94,6,1,I,126.11624
duplicates,0.94,0.94,6,2,I,123.52421
duplicates,0.94,0.94,6,3,I,121.47797
duplicates,0.94,0.94,6,1,Q,110.372131
duplicates,0.94,0.94,6,2,Q,109.401978
duplicates,0.94,0.94,6,3,Q,109.007868
duplicates,0.94,0.94,6,1,M,112.982538
duplicates,0.94,0.94,6,2,M,112.480096
duplicates,0.94,0.94,6,3,M,112.818868
duplicates,0.94,0.94,6,1,H,119.277187
duplicates,0.94,0.94,6,2,H,115.728302
duplicates,0.94,0.94,6,3,H,99.77394
duplicates,0.94,0.94,6,1,R,112.002656
duplicates,0.94,0.94,6,2,R,116.789388
duplicates,0.94,0.94,6,3,R,116.335861
duplicates,0.94,0.94,7,1,I,124.435024
duplicates,0.94,0.94,7,2,I,122.838944
duplicates,0.94,0.94,7,3,I,120.377688
duplicates,0.94,0.94,7,1,Q,115.95511
duplicates,0.94,0.94,7,2,Q,116.459018
duplicates,0.94,0.94,7,3,Q,112.49238
duplicates,0.94,0.94,7,1,M,111.25112
duplicates,0.94,0.94,7,2,M,110.354887
duplicates,0.94,0.94,7,3,M,117.16984
duplicates,0.94,0.94,7,1,H,128.529509
duplicates,0.94,0.94,7,2,H,130.297503
duplicates,0.94,0.94,7,3,H,127.525882
duplicates,0.94,0.94,7,1,R,116.575785
duplicates,0.94,0.94,7,2,R,118.053948
duplicates,0.94,0.94,7,3,R,115.013244
duplicates,0.94,0.94,8,1,I,117.28995
duplicates,0.94,0.94,8,2,I,119.974874
duplicates,0.94,0.94,8,3,I,135.834173
duplicates,0.94,0.94,8,1,Q,112.143978
duplicates,0.94,0.94,8,2,Q,109.339075
duplicates,0.94,0.94,8,3,Q,111.463081
duplicates,0.94,0.94,8,1,M,111.316003
duplicates,0.94,0.94,8,2,M,116.327744
duplicates,0.94,0.94,8,3,M,116.236022
duplicates,0.94,0.94,8,1,H,114.688604
duplicates,0.94,0.94,8,2,H,118.051155
duplicates,0.94,0.94,8,3,H,114.00155
duplicates,0.94,0.94,8,1,R,113.645749
duplicates,0.94,0.94,8,2,R,113.004392
duplicates,0.94,0.94,8,3,R,111.556607
duplicates,0.95,0.95,1,1,I,121.331537
duplicates,0.95,0.95,1,2,I,122.779003
duplicates,0.95,0.95,1,3,I,120.176395
duplicates,0.95,0.95,1,1,Q,110.585384
duplicates,0.95,0.95,1,2,Q,116.332592
duplicates,0.95,0.95,1,3,Q,113.204885
duplicates,0.95,0.95,1,1,M,117.190752
duplicates,0.95,0.95,1,2,M,115.051684
duplicates,0.95,0.95,1,3,M,116.391043
duplicates,0.95,0.95,1,1,H,120.414802
duplicates,0.95,0.95,1,2,H,118.970286
duplicates,0.95,0.95,1,3,H,125.584684
duplicates,0.95,0.95,1,1,R,112.57666
duplicates,0.95,0.95,1,2,R,110.33059
duplicates,0.95,0.95,1,3,R,104.86395
duplicates,0.95,0.95,2,1,I,123.656128
duplicates,0.95,0.95,2,2,I,122.8702
duplicates,0.95,0.95,2,3,I,124.549256
duplicates,0.95,0.95,2,1,Q,102.848173
duplicates,0.95,0.95,2,2,Q,112.533404
duplicates,0.95,0.95,2,3,Q,112.161743
duplicates,0.95,0.95,2,1,M,112.86713
duplicates,0.95,0.95,2,2,M,111.738784
duplicates,0.95,0.95,2,3,M,109.206934
duplicates,0.95,0.95,2,1,H,125.311799
duplicates,0.95,0.95,2,2,H,118.425823
duplicates,0.95,0.95,2,3,H,115.286071
duplicates,0.95,0.95,2,1,R,113.743034
duplicates,0.95,0.95,2,2,R,106.391132
duplicates,0.95,0.95,2,3,R,115.108284
duplicates,0.95,0.95,3,1,I,134.57812
duplicates,0.95,0.95,3,2,I,120.934065
duplicates,0.95,0.95,3,3,I,110.610711
duplicates,0.95,0.95,3,1,Q,112.737292
duplicates,0.95,0.95,3,2,Q,111.148174
duplicates,0.95,0.95,3,3,Q,115.280694
duplicates,0.95,0.95,3,1,M,116.919089
duplicates,0.95,0.95,3,2,M,98.105226
duplicates,0.95,0.95,3,3,M,111.922643
duplicates,0.95,0.95,3,1,H,122.459291
duplicates,0.95,0.95,3,2,H,112.576021
duplicates,0.95,0.95,3,3,H,117.775369
duplicates,0.95,0.95,3,1,R,113.699116
duplicates,0.95,0.95,3,2,R,111.566045
duplicates,0.95,0.95,3,3,R,121.870592
duplicates,0.95,0.95,4,1,I,121.741007
duplicates,0.95,0.95,4,2,I,127.070679
duplicates,0.95,0.95,4,3,I,123.674623
duplicates,0.95,0.95,4,1,Q,123.893359
duplicates,0.95,0.95,4,2,Q,123.39564
duplicates,0.95,0.95,4,3,Q,123.791848
duplicates,0.95,0.95,4,1,M,117.559948
duplicates,0.95,0.95,4,2,M,113.62708
duplicates,0.95,0.95,4,3,M,120.880229
duplicates,0.95,0.95,4,1,H,110.421938
duplicates,0.95,0.95,4,2,H,111.666423
duplicates,0.95,0.95,4,3,H,122.775646
duplicates,0.95,0.95,4,1,R,121.668386
duplicates,0.95,0.95,4,2,R,112.729052
duplicates,0.95,0.95,4,3,R,135.63635
duplicates,0.95,0.95,5,1,I,122.80133
duplicates,0.95,0.95,5,2,I,121.705912
duplicates,0.95,0.95,5,3,I,121.67414
duplicates,0.95,0.95,5,1,Q,111.226471
duplicates,0.95,0.95,5,2,Q,110.012145
duplicates,0.95,0.95,5,3,Q,111.14202
duplicates,0.95,0.95,5,1,M,112.675401
duplicates,0.95,0.95,5,2,M,118.028762
duplicates,0.95,0.95,5,3,M,111.247563
duplicates,0.95,0.95,5,1,H,122.634868
duplicates,0.95,0.95,5,2,H,112.651643
duplicates,0.95,0.95,5,3,H,112.204132
duplicates,0.95,0.95,5,1,R,111.711347
duplicates,0.95,0.95,5,2,R,109.335414
duplicates,0.95,0.95,5,3,R,113.515574
duplicates,0.95,0.95,6,1,I,123.495786
duplicates,0.95,0.95,6,2,I,120.95974
duplicates,0.95,0.95,6,3,I,124.985366
duplicates,0.95,0.95,6,1,Q,122.812992
duplicates,0.95,0.95,6,2,Q,115.388256
duplicates,0.95,0.95,6,3,Q,117.069701
duplicates,0.95,0.95,6,1,M,109.665485
duplicates,0.95,0.95,6,2,M,118.163097
duplicates,0.95,0.95,6,3,M,116.568525
duplicates,0.95,0.95,6,1,H,115.334775
duplicates,0.95,0.95,6,2,H,112.555092
duplicates,0.95,0.95,6,3,H,114.277762
duplicates,0.95,0.95,6,1,R,108.573936
duplicates,0.95,0.95,6,2,R,124.196454
duplicates,0.95,0.95,6,3,R,115.850292
duplicates,0.95,0.95,7,1,I,129.421758
duplicates,0.95,0.95,7,2,I,138.446554
duplicates,0.95,0.95,7,3,I,136.117995
duplicates,0.95,0.95,7,1,Q,110.519285
duplicates,0.95,0.95,7,2,Q,137.194305
duplicates,0.95,0.95,7,3,Q,127.423569
duplicates,0.95,0.95,7,1,M,110.517209
duplicates,0.95,0.95,7,2,M,112.462841
duplicates,0.95,0.95,7,3,M,111.551046
duplicates,0.95,0.95,7,1,H,111.037055
duplicates,0.95,0.95,7,2,H,110.711801
duplicates,0.95,0.95,7,3,H,109.410183
duplicates,0.95,0.95,7,1,R,123.696142
duplicates,0.95,0.95,7,2,R,124.49509
duplicates,0.95,0.95,7,3,R,109.289146
duplicates,0.95,0.95,8,1,I,127.429659
duplicates,0.95,0.95,8,2,I,136.67703
duplicates,0.95,0.95,8,3,I,133.486972
duplicates,0.95,0.95,8,1,Q,127.104506
duplicates,0.95,0.95,8,2,Q,116.00854
duplicates,0.95,0.95,8,3,Q,111.663019
duplicates,0.95,0.95,8,1,M,108.454064
duplicates,0.95,0.95,8,2,M,113.831182
duplicates,0.95,0.95,8,3,M,112.671744
duplicates,0.95,0.95,8,1,H,113.292705
duplicates,0.95,0.95,8,2,H,110.388753
duplicates,0.95,0.95,8,3,H,112.10682
duplicates,0.95,0.95,8,1,R,127.061559
duplicates,0.95,0.95,8,2,R,110.527428
duplicates,0.95,0.95,8,3,R,121.361644
duplicates,0.96,0.96,1,1,I,133.205753
duplicates,0.96,0.96,1,2,I,129.450047
duplicates,0.96,0.96,1,3,I,122.987965
duplicates,0.96,0.96,1,1,Q,117.261046
duplicates,0.96,0.96,1,2,Q,116.607239
duplicates,0.96,0.96,1,3,Q,117.030197
duplicates,0.96,0.96,1,1,M,113.183202
duplicates,0.96,0.96,1,2,M,120.935583
duplicates,0.96,0.96,1,3,M,112.476221
duplicates,0.96,0.96,1,1,H,119.472112
duplicates,0.96,0.96,1,2,H,121.958062
duplicates,0.96,0.96,1,3,H,118.774275
duplicates,0.96,0.96,1,1,R,110.768256
duplicates,0.96,0.96,1,2,R,116.17691
duplicates,0.96,0.96,1,3,R,122.995398
duplicates,0.96,0.96,2,1,I,124.862533
duplicates,0.96,0.96,2,2,I,124.968628
duplicates,0.96,0.96,2,3,I,128.473015
duplicates,0.96,0.96,2,1,Q,120.842933
duplicates,0.96,0.96,2,2,Q,118.692478
duplicates,0.96,0.96,2,3,Q,116.356451
duplicates,0.96,0.96,2,1,M,123.681923
duplicates,0.96,0.96,2,2,M,125.298896
duplicates,0.96,0.96,2,3,M,119.903408
duplicates,0.96,0.96,2,1,H,124.073423
duplicates,0.96,0.96,2,2,H,119.880554
duplicates,0.96,0.96,2,3,H,113.112083
duplicates,0.96,0.96,2,1,R,117.58316
duplicates,0.96,0.96,2,2,R,120.60829
duplicates,0.96,0.96,2,3,R,113.336056
duplicates,0.96,0.96,3,1,I,129.310181
duplicates,0.96,0.96,3,2,I,126.027748
duplicates,0.96,0.96,3,3,I,116.504154
duplicates,0.96,0.96,3,1,Q,109.616385
duplicates,0.96,0.96,3,2,Q,112.572202
duplicates,0.96,0.96,3,3,Q,112.151949
duplicates,0.96,0.96,3,1,M,102.343725
duplicates,0.96,0.96,3,2,M,113.221022
duplicates,0.96,0.96,3,3,M,108.240143
duplicates,0.96,0.96,3,1,H,111.320857
duplicates,0.96,0.96,3,2,H,113.601981
duplicates,0.96,0.96,3,3,H,114.995645
duplicates,0.96,0.96,3,1,R,119.269036
duplicates,0.96,0.96,3,2,R,108.723975
duplicates,0.96,0.96,3,3,R,111.427695
duplicates,0.96,0.96,4,1,I,121.716965
duplicates,0.96,0.96,4,2,I,122.914392
duplicates,0.96,0.96,4,3,I,126.650385
duplicates,0.96,0.96,4,1,Q,120.801561
duplicates,0.96,0.96,4,2,Q,109.58939
duplicates,0.96,0.96,4,3,Q,112.576314
duplicates,0.96,0.96,4,1,M,114.462756
duplicates,0.96,0.96,4,2,M,112.450683
duplicates,0.96,0.96,4,3,M,118.238747
duplicates,0.96,0.96,4,1,H,130.856544
duplicates,0.96,0.96,4,2,H,114.402676
duplicates,0.96,0.96,4,3,H,113.279627
duplicates,0.96,0.96,4,1,R,113.591657
duplicates,0.96,0.96,4,2,R,108.127815
duplicates,0.96,0.96,4,3,R,115.268499
duplicates,0.96,0.96,5,1,I,127.531566
duplicates,0.96,0.96,5,2,I,121.584359
duplicates,0.96,0.96,5,3,I,122.21643
duplicates,0.96,0.96,5,1,Q,110.282888
duplicates,0.96,0.96,5,2,Q,112.588561
duplicates,0.96,0.96,5,3,Q,116.742604
duplicates,0.96,0.96,5,1,M,116.495121
duplicates,0.96,0.96,5,2,M,117.811391
duplicates,0.96,0.96,5,3,M,115.984403
duplicates,0.96,0.96,5,1,H,113.722712
duplicates,0.96,0.96,5,2,H,115.986381
duplicates,0.96,0.96,5,3,H,114.403539
duplicates,0.96,0.96,5,1,R,110.250635
duplicates,0.96,0.96,5,2,R,124.937256
duplicates,0.96,0.96,5,3,R,110.815036
duplicates,0.96,0.96,6,1,I,117.680867
duplicates,0.96,0.96,6,2,I,121.970771
duplicates,0.96,0.96,6,3,I,128.507407
duplicates,0.96,0.96,6,1,Q,111.872934
duplicates,0.96,0.96,6,2,Q,115.870097
duplicates,0.96,0.96,6,3,Q,112.673483
duplicates,0.96,0.96,6,1,M,110.234164
duplicates,0.96,0.96,6,2,M,114.816321
duplicates,0.96,0.96,6,3,M,110.534152
duplicates,0.96,0.96,6,1,H,111.553003
duplicates,0.96,0.96,6,2,H,122.374675
duplicates,0.96,0.96,6,3,H,121.20411
duplicates,0.96,0.96,6,1,R,108.731399
duplicates,0.96,0.96,6,2,R,108.653647
duplicates,0.96,0.96,6,3,R,125.020713
duplicates,0.96,0.96,7,1,I,129.36145
duplicates,0.96,0.96,7,2,I,121.898105
duplicates,0.96,0.96,7,3,I,121.227704
duplicates,0.96,0.96,7,1,Q,110.241476
duplicates,0.96,0.96,7,2,Q,112.778696
duplicates,0.96,0.96,7,3,Q,112.337335
duplicates,0.96,0.96,7,1,M,117.774564
duplicates,0.96,0.96,7,2,M,113.230065
duplicates,0.96,0.96,7,3,M,107.544361
duplicates,0.96,0.96,7,1,H,116.86242
duplicates,0.96,0.96,7,2,H,110.980663
duplicates,0.96,0.96,7,3,H,112.678896
duplicates,0.96,0.96,7,1,R,111.744675
duplicates,0.96,0.96,7,2,R,114.314979
duplicates,0.96,0.96,7,3,R,108.376659
duplicates,0.96,0.96,8,1,I,124.430182
duplicates,0.96,0.96,8,2,I,125.222424
duplicates,0.96,0.96,8,3,I,135.248008
duplicates,0.96,0.96,8,1,Q,112.878522
duplicates,0.96,0.96,8,2,Q,107.401728
duplicates,0.96,0.96,8,3,Q,109.445057
duplicates,0.96,0.96,8,1,M,112.632608
duplicates,0.96,0.96,8,2,M,116.512469
duplicates,0.96,0.96,8,3,M,110.639578
duplicates,0.96,0.96,8,1,H,110.976725
duplicates,0.96,0.96,8,2,H,111.171992
duplicates,0.96,0.96,8,3,H,109.801332
duplicates,0.96,0.96,8,1,R,108.944626
duplicates,0.96,0.96,8,2,R,107.92073
duplicates,0.96,0.96,8,3,R,112.809711
duplicates,0.97,0.97,1,1,I,121.040599
duplicates,0.97,0.97,1,2,I,122.612275
duplicates,0.97,0.97,1,3,I,120.110326
duplicates,0.97,0.97,1,1,Q,108.87988
duplicates,0.97,0.97,1,2,Q,112.318822
duplicates,0.97,0.97,1,3,Q,110.091287
duplicates,0.97,0.97,1,1,M,108.765101
duplicates,0.97,0.97,1,2,M,112.388995
duplicates,0.97,0.97,1,3,M,108.807568
duplicates,0.97,0.97,1,1,H,110.746723
duplicates,0.97,0.97,1,2,H,114.68437
duplicates,0.97,0.97,1,3,H,113.119487
duplicates,0.97,0.97,1,1,R,117.924268
duplicates,0.97,0.97,1,2,R,130.853332
duplicates,0.97,0.97,1,3,R,144.93446
duplicates,0.97,0.97,2,1,I,126.034351
duplicates,0.97,0.97,2,2,I,144.758678
duplicates,0.97,0.97,2,3,I,125.606928
duplicates,0.97,0.97,2,1,Q,125.281177
duplicates,0.97,0.97,2,2,Q,132.450491
duplicates,0.97,0.97,2,3,Q,123.019623
duplicates,0.97,0.97,2,1,M,113.741318
duplicates,0.97,0.97,2,2,M,117.538753
duplicates,0.97,0.97,2,3,M,116.308727
duplicates,0.97,0.97,2,1,H,117.942521
duplicates,0.97,0.97,2,2,H,118.790079
duplicates,0.97,0.97,2,3,H,127.678592
duplicates,0.97,0.97,2,1,R,114.201857
duplicates,0.97,0.97,2,2,R,117.789298
duplicates,0.97,0.97,2,3,R,111.743934
duplicates,0.97,0.97,3,1,I,126.028137
duplicates,0.97,0.97,3,2,I,125.185424
duplicates,0.97,0.97,3,3,I,121.27488
duplicates,0.97,0.97,3,1,Q,115.014301
duplicates,0.97,0.97,3,2,Q,114.806601
duplicates,0.97,0.97,3,3,Q,112.428272
duplicates,0.97,0.97,3,1,M,111.524673
duplicates,0.97,0.97,3,2,M,118.737035
duplicates,0.97,0.97,3,3,M,112.446657
duplicates,0.97,0.97,3,1,H,115.888372
duplicates,0.97,0.97,3,2,H,116.750503
duplicates,0.97,0.97,3,3,H,115.649719
duplicates,0.97,0.97,3,1,R,114.702666
duplicates,0.97,0.97,3,2,R,120.031594
duplicates,0.97,0.97,3,3,R,113.085349
duplicates,0.97,0.97,4,1,I,119.512123
duplicates,0.97,0.97,4,2,I,122.382576
duplicates,0.97,0.97,4,3,I,124.309015
duplicates,0.97,0.97,4,1,Q,111.364909
duplicates,0.97,0.97,4,2,Q,109.010906
duplicates,0.97,0.97,4,3,Q,111.692308
duplicates,0.97,0.97,4,1,M,113.728915
duplicates,0.97,0.97,4,2,M,125.783765
duplicates,0.97,0.97,4,3,M,119.029397
duplicates,0.97,0.97,4,1,H,113.79677
duplicates,0.97,0.97,4,2,H,118.667646
duplicates,0.97,0.97,4,3,H,121.786103
duplicates,0.97,0.97,4,1,R,110.952365
duplicates,0.97,0.97,4,2,R,113.50953
duplicates,0.97,0.97,4,3,R,121.835957
duplicates,0.97,0.97,5,1,I,123.920832
duplicates,0.97,0.97,5,2,I,127.20042
duplicates,0.97,0.97,5,3,I,127.677129
duplicates,0.97,0.97,5,1,Q,134.105121
duplicates,0.97,0.97,5,2,Q,114.738825
duplicates,0.97,0.97,5,3,Q,115.913255
duplicates,0.97,0.97,5,1,M,115.15902
duplicates,0.97,0.97,5,2,M,115.062894
duplicates,0.97,0.97,5,3,M,112.203525
duplicates,0.97,0.97,5,1,H,129.704009
duplicates,0.97,0.97,5,2,H,126.268791
duplicates,0.97,0.97,5,3,H,128.452593
duplicates,0.97,0.97,5,1,R,116.794864
duplicates,0.97,0.97,5,2,R,123.420023
duplicates,0.97,0.97,5,3,R,116.155868
duplicates,0.97,0.97,6,1,I,125.62924
duplicates,0.97,0.97,6,2,I,121.628185
duplicates,0.97,0.97,6,3,I,120.524894
duplicates,0.97,0.97,6,1,Q,102.983356
duplicates,0.97,0.97,6,2,Q,112.786131
duplicates,0.97,0.97,6,3,Q,115.116213
duplicates,0.97,0.97,6,1,M,114.325783
duplicates,0.97,0.97,6,2,M,111.364194
duplicates,0.97,0.97,6,3,M,102.035546
duplicates,0.97,0.97,6,1,H,115.844575
duplicates,0.97,0.97,6,2,H,109.974008
duplicates,0.97,0.97,6,3,H,116.607565
duplicates,0.97,0.97,6,1,R,110.864085
duplicates,0.97,0.97,6,2,R,112.712774
duplicates,0.97,0.97,6,3,R,113.478667
duplicates,0.97,0.97,7,1,I,123.810023
duplicates,0.97,0.97,7,2,I,118.559512
duplicates,0.97,0.97,7,3,I,123.093938
duplicates,0.97,0.97,7,1,Q,109.745786
duplicates,0.97,0.97,7,2,Q,116.730061
duplicates,0.97,0.97,7,3,Q,111.651507
duplicates,0.97,0.97,7,1,M,112.436377
duplicates,0.97,0.97,7,2,M,113.066444
duplicates,0.97,0.97,7,3,M,114.586746
duplicates,0.97,0.97,7,1,H,110.975801
duplicates,0.97,0.97,7,2,H,119.867831
duplicates,0.97,0.97,7,3,H,112.463358
duplicates,0.97,0.97,7,1,R,112.718806
duplicates,0.97,0.97,7,2,R,112.328772
duplicates,0.97,0.97,7,3,R,117.64444
duplicates,0.97,0.97,8,1,I,121.813683
duplicates,0.97,0.97,8,2,I,135.02562
duplicates,0.97,0.97,8,3,I,117.397524
duplicates,0.97,0.97,8,1,Q,109.616305
duplicates,0.97,0.97,8,2,Q,113.936962
duplicates,0.97,0.97,8,3,Q,110.012875
duplicates,0.97,0.97,8,1,M,100.71813
duplicates,0.97,0.97,8,2,M,109.244782
duplicates,0.97,0.97,8,3,M,118.275725
duplicates,0.97,0.97,8,1,H,116.865208
duplicates,0.97,0.97,8,2,H,113.005945
duplicates,0.97,0.97,8,3,H,113.313166
duplicates,0.97,0.97,8,1,R,109.492519
duplicates,0.97,0.97,8,2,R,112.280219
duplicates,0.97,0.97,8,3,R,111.776694
duplicates,0.98,0.98,1,1,I,167.717429
duplicates,0.98,0.98,1,2,I,137.752074
duplicates,0.98,0.98,1,3,I,137.532831
duplicates,0.98,0.98,1,1,Q,112.727649
duplicates,0.98,0.98,1,2,Q,119.112851
duplicates,0.98,0.98,1,3,Q,113.529617
duplicates,0.98,0.98,1,1,M,112.058933
duplicates,0.98,0.98,1,2,M,112.659873
duplicates,0.98,0.98,1,3,M,112.149545
duplicates,0.98,0.98,1,1,H,110.528625
duplicates,0.98,0.98,1,2,H,117.986755
duplicates,0.98,0.98,1,3,H,117.928169
duplicates,0.98,0.98,1,1,R,117.704438
duplicates,0.98,0.98,1,2,R,113.722055
duplicates,0.98,0.98,1,3,R,116.545297
duplicates,0.98,0.98,2,1,I,125.856708
duplicates,0.98,0.98,2,2,I,122.220158
duplicates,0.98,0.98,2,3,I,120.009144
duplicates,0.98,0.98,2,1,Q,113.838282
duplicates,0.98,0.98,2,2,Q,101.832995
duplicates,0.98,0.98,2,3,Q,112.565421
duplicates,0.98,0.98,2,1,M,112.320011
duplicates,0.98,0.98,2,2,M,117.194211
duplicates,0.98,0.98,2,3,M,112.945809
duplicates,0.98,0.98,2,1,H,120.571019
duplicates,0.98,0.98,2,2,H,118.603996
duplicates,0.98,0.98,2,3,H,122.481422
duplicates,0.98,0.98,2,1,R,117.371862
duplicates,0.98,0.98,2,2,R,113.221209
duplicates,0.98,0.98,2,3,R,134.864247
duplicates,0.98,0.98,3,1,I,122.037345
duplicates,0.98,0.98,3,2,I,121.699915
duplicates,0.98,0.98,3,3,I,119.699557
duplicates,0.98,0.98,3,1,Q,111.097218
duplicates,0.98,0.98,3,2,Q,116.862583
duplicates,0.98,0.98,3,3,Q,113.374495
duplicates,0.98,0.98,3,1,M,119.557904
duplicates,0.98,0.98,3,2,M,107.842031
duplicates,0.98,0.98,3,3,M,114.595799
duplicates,0.98,0.98,3,1,H,120.141107
duplicates,0.98,0.98,3,2,H,126.682548
duplicates,0.98,0.98,3,3,H,114.000318
duplicates,0.98,0.98,3,1,R,114.384454
duplicates,0.98,0.98,3,2,R,114.216637
duplicates,0.98,0.98,3,3,R,114.010622
duplicates,0.98,0.98,4,1,I,121.143051
duplicates,0.98,0.98,4,2,I,120.665153
duplicates,0.98,0.98,4,3,I,129.318783
duplicates,0.98,0.98,4,1,Q,114.189996
duplicates,0.98,0.98,4,2,Q,115.701172
duplicates,0.98,0.98,4,3,Q,110.743101
duplicates,0.98,0.98,4,1,M,109.493181
duplicates,0.98,0.98,4,2,M,111.524117
duplicates,0.98,0.98,4,3,M,118.061929
duplicates,0.98,0.98,4,1,H,114.885843
duplicates,0.98,0.98,4,2,H,111.278978
duplicates,0.98,0.98,4,3,H,109.428668
duplicates,0.98,0.98,4,1,R,117.476664
duplicates,0.98,0.98,4,2,R,108.247143
duplicates,0.98,0.98,4,3,R,109.770781
duplicates,0.98,0.98,5,1,I,122.629444
duplicates,0.98,0.98,5,2,I,119.150516
duplicates,0.98,0.98,5,3,I,120.616321
duplicates,0.98,0.98,5,1,Q,109.78053
duplicates,0.98,0.98,5,2,Q,115.425461
duplicates,0.98,0.98,5,3,Q,111.33471
duplicates,0.98,0.98,5,1,M,122.247262
duplicates,0.98,0.98,5,2,M,113.190949
duplicates,0.98,0.98,5,3,M,113.550995
duplicates,0.98,0.98,5,1,H,124.629983
duplicates,0.98,0.98,5,2,H,117.343042
duplicates,0.98,0.98,5,3,H,125.642842
duplicates,0.98,0.98,5,1,R,119.055071
duplicates,0.98,0.98,5,2,R,113.248396
duplicates,0.98,0.98,5,3,R,115.358309
duplicates,0.98,0.98,6,1,I,123.938536
duplicates,0.98,0.98,6,2,I,126.399229
duplicates,0.98,0.98,6,3,I,130.603597
duplicates,0.98,0.98,6,1,Q,115.403616
duplicates,0.98,0.98,6,2,Q,110.440407
duplicates,0.98,0.98,6,3,Q,121.220868
duplicates,0.98,0.98,6,1,M,119.465644
duplicates,0.98,0.98,6,2,M,119.970098
duplicates,0.98,0.98,6,3,M,113.185917
duplicates,0.98,0.98,6,1,H,115.088994
duplicates,0.98,0.98,6,2,H,114.548273
duplicates,0.98,0.98,6,3,H,112.258459
duplicates,0.98,0.98,6,1,R,119.555515
duplicates,0.98,0.98,6,2,R,114.780856
duplicates,0.98,0.98,6,3,R,114.588645
duplicates,0.98,0.98,7,1,I,120.888116
duplicates,0.98,0.98,7,2,I,133.875291
duplicates,0.98,0.98,7,3,I,130.886915
duplicates,0.98,0.98,7,1,Q,108.613651
duplicates,0.98,0.98,7,2,Q,122.2199
duplicates,0.98,0.98,7,3,Q,115.148045
duplicates,0.98,0.98,7,1,M,123.955915
duplicates,0.98,0.98,7,2,M,121.037227
duplicates,0.98,0.98,7,3,M,113.387665
duplicates,0.98,0.98,7,1,H,120.278409
duplicates,0.98,0.98,7,2,H,124.378794
duplicates,0.98,0.98,7,3,H,114.70555
duplicates,0.98,0.98,7,1,R,116.616469
duplicates,0.98,0.98,7,2,R,117.011951
duplicates,0.98,0.98,7,3,R,123.714567
duplicates,0.98,0.98,8,1,I,117.730733
duplicates,0.98,0.98,8,2,I,123.103598
duplicates,0.98,0.98,8,3,I,128.133367
duplicates,0.98,0.98,8,1,Q,116.633795
duplicates,0.98,0.98,8,2,Q,111.912821
duplicates,0.98,0.98,8,3,Q,112.696657
duplicates,0.98,0.98,8,1,M,120.266456
duplicates,0.98,0.98,8,2,M,111.223245
duplicates,0.98,0.98,8,3,M,218.115902
duplicates,0.98,0.98,8,1,H,119.859247
duplicates,0.98,0.98,8,2,H,123.097289
duplicates,0.98,0.98,8,3,H,115.416597
duplicates,0.98,0.98,8,1,R,112.458915
duplicates,0.98,0.98,8,2,R,123.667386
duplicates,0.98,0.98,8,3,R,124.216276
duplicates,0.98,0.98,9,1,I,136.903613
duplicates,0.98,0.98,9,2,I,128.836121
duplicates,0.98,0.98,9,3,I,129.550085
duplicates,0.98,0.98,9,1,Q,119.306173
duplicates,0.98,0.98,9,2,Q,113.537111
duplicates,0.98,0.98,9,3,Q,112.023834
duplicates,0.98,0.98,9,1,M,117.203842
duplicates,0.98,0.98,9,2,M,113.48849
duplicates,0.98,0.98,9,3,M,112.301227
duplicates,0.98,0.98,9,1,H,112.311342
duplicates,0.98,0.98,9,2,H,120.049275
duplicates,0.98,0.98,9,3,H,118.768681
duplicates,0.98,0.98,9,1,R,112.624649
duplicates,0.98,0.98,9,2,R,119.558502
duplicates,0.98,0.98,9,3,R,119.519107
duplicates,0.98,0.98,10,1,I,123.843531
duplicates,0.98,0.98,10,2,I,129.161214
duplicates,0.98,0.98,10,3,I,124.481218
duplicates,0.98,0.98,10,1,Q,114.198789
duplicates,0.98,0.98,10,2,Q,118.354606
duplicates,0.98,0.98,10,3,Q,115.369122
duplicates,0.98,0.98,10,1,M,112.090026
duplicates,0.98,0.98,10,2,M,117.496485
duplicates,0.98,0.98,10,3,M,116.96962
duplicates,0.98,0.98,10,1,H,111.78247
duplicates,0.98,0.98,10,2,H,110.532314
duplicates,0.98,0.98,10,3,H,113.65113
duplicates,0.98,0.98,10,1,R,116.745134
duplicates,0.98,0.98,10,2,R,127.905372
duplicates,0.98,0.98,10,3,R,112.5318
duplicates,0.98,0.98,11,1,I,123.125446
duplicates,0.98,0.98,11,2,I,128.781495
duplicates,0.98,0.98,11,3,I,113.294277
duplicates,0.98,0.98,11,1,Q,110.39097
duplicates,0.98,0.98,11,2,Q,116.27421
duplicates,0.98,0.98,11,3,Q,126.84854
duplicates,0.98,0.98,11,1,M,111.107717
duplicates,0.98,0.98,11,2,M,117.13953
duplicates,0.98,0.98,11,3,M,115.663607
duplicates,0.98,0.98,11,1,H,107.043684
duplicates,0.98,0.98,11,2,H,113.753573
duplicates,0.98,0.98,11,3,H,107.552364
duplicates,0.98,0.98,11,1,R,111.123331
duplicates,0.98,0.98,11,2,R,109.339896
duplicates,0.98,0.98,11,3,R,117.353808
duplicates,0.98,0.98,12,1,I,124.175619
duplicates,0.98,0.98,12,2,I,136.812879
duplicates,0.98,0.98,12,3,I,122.497702
duplicates,0.98,0.98,12,1,Q,113.809597
duplicates,0.98,0.98,12,2,Q,111.214936
duplicates,0.98,0.98,12,3,Q,111.330287
duplicates,0.98,0.98,12,1,M,111.718174
duplicates,0.98,0.98,12,2,M,113.132508
duplicates,0.98,0.98,12,3,M,114.062667
duplicates,0.98,0.98,12,1,H,107.284013
duplicates,0.98,0.98,12,2,H,117.924928
duplicates,0.98,0.98,12,3,H,113.275331
duplicates,0.98,0.98,12,1,R,112.04759
duplicates,0.98,0.98,12,2,R,110.04649
duplicates,0.98,0.98,12,3,R,118.201871
duplicates,0.99,0.99,1,1,I,129.529093
duplicates,0.99,0.99,1,2,I,126.194419
duplicates,0.99,0.99,1,3,I,120.016837
duplicates,0.99,0.99,1,1,Q,115.695088
duplicates,0.99,0.99,1,2,Q,112.657304
duplicates,0.99,0.99,1,3,Q,112.674485
duplicates,0.99,0.99,1,1,M,113.708264
duplicates,0.99,0.99,1,2,M,116.744687
duplicates,0.99,0.99,1,3,M,114.738734
duplicates,0.99,0.99,1,1,H,116.790893
duplicates,0.99,0.99,1,2,H,114.74238
duplicates,0.99,0.99,1,3,H,113.843927
duplicates,0.99,0.99,1,1,R,112.297196
duplicates,0.99,0.99,1,2,R,114.429861
duplicates,0.99,0.99,1,3,R,117.030204
duplicates,0.99,0.99,2,1,I,113.634971
duplicates,0.99,0.99,2,2,I,122.155843
duplicates,0.99,0.99,2,3,I,121.146637
duplicates,0.99,0.99,2,1,Q,116.583986
duplicates,0.99,0.99,2,2,Q,117.92849
duplicates,0.99,0.99,2,3,Q,118.240584
duplicates,0.99,0.99,2,1,M,112.618102
duplicates,0.99,0.99,2,2,M,119.380582
duplicates,0.99,0.99,2,3,M,116.962668
duplicates,0.99,0.99,2,1,H,115.283424
duplicates,0.99,0.99,2,2,H,118.45217
duplicates,0.99,0.99,2,3,H,113.527349
duplicates,0.99,0.99,2,1,R,114.047043
duplicates,0.99,0.99,2,2,R,113.958932
duplicates,0.99,0.99,2,3,R,110.145037
duplicates,0.99,0.99,3,1,I,123.571602
duplicates,0.99,0.99,3,2,I,123.21983
duplicates,0.99,0.99,3,3,I,119.347798
duplicates,0.99,0.99,3,1,Q,105.658531
duplicates,0.99,0.99,3,2,Q,109.920811
duplicates,0.99,0.99,3,3,Q,114.26465
duplicates,0.99,0.99,3,1,M,109.805421
duplicates,0.99,0.99,3,2,M,112.623747
duplicates,0.99,0.99,3,3,M,110.804308
duplicates,0.99,0.99,3,1,H,108.593901
duplicates,0.99,0.99,3,2,H,117.221323
duplicates,0.99,0.99,3,3,H,112.402573
duplicates,0.99,0.99,3,1,R,110.764929
duplicates,0.99,0.99,3,2,R,115.999791
duplicates,0.99,0.99,3,3,R,109.179188
duplicates,0.99,0.99,4,1,I,122.324991
duplicates,0.99,0.99,4,2,I,124.007822
duplicates,0.99,0.99,4,3,I,122.406809
duplicates,0.99,0.99,4,1,Q,115.824704
duplicates,0.99,0.99,4,2,Q,114.189847
duplicates,0.99,0.99,4,3,Q,121.576115
duplicates,0.99,0.99,4,1,M,109.807812
duplicates,0.99,0.99,4,2,M,114.444952
duplicates,0.99,0.99,4,3,M,109.858413
duplicates,0.99,0.99,4,1,H,106.949004
duplicates,0.99,0.99,4,2,H,108.52898
duplicates,0.99,0.99,4,3,H,111.834205
duplicates,0.99,0.99,4,1,R,113.072727
duplicates,0.99,0.99,4,2,R,112.275476
duplicates,0.99,0.99,4,3,R,116.842553
duplicates,0.99,0.99,5,1,I,117.631221
duplicates,0.99,0.99,5,2,I,135.589749
duplicates,0.99,0.99,5,3,I,119.398413
duplicates,0.99,0.99,5,1,Q,108.098374
duplicates,0.99,0.99,5,2,Q,109.81108
duplicates,0.99,0.99,5,3,Q,108.196213
duplicates,0.99,0.99,5,1,M,108.442293
duplicates,0.99,0.99,5,2,M,111.392712
duplicates,0.99,0.99,5,3,M,109.438178
duplicates,0.99,0.99,5,1,H,108.274495
duplicates,0.99,0.99,5,2,H,110.707965
duplicates,0.99,0.99,5,3,H,108.700305
duplicates,0.99,0.99,5,1,R,109.358052
duplicates,0.99,0.99,5,2,R,110.762478
duplicates,0.99,0.99,5,3,R,109.340447
duplicates,0.99,0.99,6,1,I,117.667037
duplicates,0.99,0.99,6,2,I,123.289431
duplicates,0.99,0.99,6,3,I,117.430301
duplicates,0.99,0.99,6,1,Q,107.622283
duplicates,0.99,0.99,6,2,Q,114.192938
duplicates,0.99,0.99,6,3,Q,105.63762
duplicates,0.99,0.99,6,1,M,109.185306
duplicates,0.99,0.99,6,2,M,109.460429
duplicates,0.99,0.99,6,3,M,112.83946
duplicates,0.99,0.99,6,1,H,109.879194
duplicates,0.99,0.99,6,2,H,113.776437
duplicates,0.99,0.99,6,3,H,108.342489
duplicates,0.99,0.99,6,1,R,112.283606
duplicates,0.99,0.99,6,2,R,108.827495
duplicates,0.99,0.99,6,3,R,109.00126
duplicates,0.99,0.99,7,1,I,123.235162
duplicates,0.99,0.99,7,2,I,118.169044
duplicates,0.99,0.99,7,3,I,124.932609
duplicates,0.99,0.99,7,1,Q,111.886838
duplicates,0.99,0.99,7,2,Q,110.931027
duplicates,0.99,0.99,7,3,Q,112.896651
duplicates,0.99,0.99,7,1,M,105.971646
duplicates,0.99,0.99,7,2,M,101.755102
duplicates,0.99,0.99,7,3,M,110.517629
duplicates,0.99,0.99,7,1,H,111.72391
duplicates,0.99,0.99,7,2,H,117.516526
duplicates,0.99,0.99,7,3,H,115.802828
duplicates,0.99,0.99,7,1,R,114.742449
duplicates,0.99,0.99,7,2,R,112.250752
duplicates,0.99,0.99,7,3,R,112.660402
duplicates,0.99,0.99,8,1,I,130.831476
duplicates,0.99,0.99,8,2,I,117.751908
duplicates,0.99,0.99,8,3,I,119.593608
duplicates,0.99,0.99,8,1,Q,109.013617
duplicates,0.99,0.99,8,2,Q,114.620132
duplicates,0.99,0.99,8,3,Q,108.782774
duplicates,0.99,0.99,8,1,M,117.77248
duplicates,0.99,0.99,8,2,M,116.55264
duplicates,0.99,0.99,8,3,M,120.866816
duplicates,0.99,0.99,8,1,H,114.232055
duplicates,0.99,0.99,8,2,H,108.286696
duplicates,0.99,0.99,8,3,H,108.276945
duplicates,0.99,0.99,8,1,R,111.867093
duplicates,0.99,0.99,8,2,R,108.863943
duplicates,0.99,0.99,8,3,R,110.476522
sortedness,0.0,0.0,1,1,I,122.812631
sortedness,0.0,0.0,1,2,I,124.430365
sortedness,0.0,0.0,1,3,I,127.059998
sortedness,0.0,0.0,1,1,Q,114.859944
sortedness,0.0,0.0,1,2,Q,112.536078
sortedness,0.0,0.0,1,3,Q,108.8002
sortedness,0.0,0.0,1,1,M,113.663926
sortedness,0.0,0.0,1,2,M,98.967689
sortedness,0.0,0.0,1,3,M,108.443622
sortedness,0.0,0.0,1,1,H,113.755888
sortedness,0.0,0.0,1,2,H,113.467627
sortedness,0.0,0.0,1,3,H,108.245488
sortedness,0.0,0.0,1,1,R,107.740697
sortedness,0.0,0.0,1,2,R,97.721465
sortedness,0.0,0.0,1,3,R,108.595616
sortedness,0.0,0.0,2,1,I,127.98641
sortedness,0.0,0.0,2,2,I,123.018792
sortedness,0.0,0.0,2,3,I,120.78218
sortedness,0.0,0.0,2,1,Q,108.246606
sortedness,0.0,0.0,2,2,Q,112.771173
sortedness,0.0,0.0,2,3,Q,101.517581
sortedness,0.0,0.0,2,1,M,108.615492
sortedness,0.0,0.0,2,2,M,106.892144
sortedness,0.0,0.0,2,3,M,108.057454
sortedness,0.0,0.0,2,1,H,117.126271
sortedness,0.0,0.0,2,2,H,112.954131
sortedness,0.0,0.0,2,3,H,116.492414
sortedness,0.0,0.0,2,1,R,108.756868
sortedness,0.0,0.0,2,2,R,112.002612
sortedness,0.0,0.0,2,3,R,124.684099
sortedness,0.0,0.0,3,1,I,120.423976
sortedness,0.0,0.0,3,2,I,122.226301
sortedness,0.0,0.0,3,3,I,122.55993
sortedness,0.0,0.0,3,1,Q,121.244927
sortedness,0.0,0.0,3,2,Q,111.321226
sortedness,0.0,0.0,3,3,Q,120.437614
sortedness,0.0,0.0,3,1,M,120.594105
sortedness,0.0,0.0,3,2,M,109.397367
sortedness,0.0,0.0,3,3,M,113.277947
sortedness,0.0,0.0,3,1,H,108.4449
sortedness,0.0,0.0,3,2,H,109.400744
sortedness,0.0,0.0,3,3,H,110.584353
sortedness,0.0,0.0,3,1,R,113.275089
sortedness,0.0,0.0,3,2,R,107.619048
sortedness,0.0,0.0,3,3,R,107.271973
sortedness,0.0,0.0,4,1,I,138.065013
sortedness,0.0,0.0,4,2,I,134.564471
sortedness,0.0,0.0,4,3,I,122.3306
sortedness,0.0,0.0,4,1,Q,109.130996
sortedness,0.0,0.0,4,2,Q,107.385022
sortedness,0.0,0.0,4,3,Q,122.146896
sortedness,0.0,0.0,4,1,M,111.775507
sortedness,0.0,0.0,4,2,M,121.22561
sortedness,0.0,0.0,4,3,M,115.990608
sortedness,0.0,0.0,4,1,H,119.21203
sortedness,0.0,0.0,4,2,H,120.332086
sortedness,0.0,0.0,4,3,H,123.732256
sortedness,0.0,0.0,4,1,R,112.313021
sortedness,0.0,0.0,4,2,R,108.887753
sortedness,0.0,0.0,4,3,R,112.086158
sortedness,0.0,0.0,5,1,I,126.139612
sortedness,0.0,0.0,5,2,I,137.920591
sortedness,0.0,0.0,5,3,I,132.368897
sortedness,0.0,0.0,5,1,Q,114.567543
sortedness,0.0,0.0,5,2,Q,109.51994
sortedness,0.0,0.0,5,3,Q,107.339523
sortedness,0.0,0.0,5,1,M,113.491978
sortedness,0.0,0.0,5,2,M,114.644051
sortedness,0.0,0.0,5,3,M,112.410189
sortedness,0.0,0.0,5,1,H,118.854959
sortedness,0.0,0.0,5,2,H,114.17811
sortedness,0.0,0.0,5,3,H,107.789948
sortedness,0.0,0.0,5,1,R,119.964313
sortedness,0.0,0.0,5,2,R,111.121197
sortedness,0.0,0.0,5,3,R,111.73764
sortedness,0.0,0.0,6,1,I,123.926772
sortedness,0.0,0.0,6,2,I,125.686492
sortedness,0.0,0.0,6,3,I,124.633065
sortedness,0.0,0.0,6,1,Q,111.446722
sortedness,0.0,0.0,6,2,Q,114.848883
sortedness,0.0,0.0,6,3,Q,115.12466
sortedness,0.0,0.0,6,1,M,118.825975
sortedness,0.0,0.0,6,2,M,111.092146
sortedness,0.0,0.0,6,3,M,111.656046
sortedness,0.0,0.0,6,1,H,109.396947
sortedness,0.0,0.0,6,2,H,114.824378
sortedness,0.0,0.0,6,3,H,109.018665
sortedness,0.0,0.0,6,1,R,109.525265
sortedness,0.0,0.0,6,2,R,113.696037
sortedness,0.0,0.0,6,3,R,110.967365
sortedness,0.0,0.0,7,1,I,126.204391
sortedness,0.0,0.0,7,2,I,120.733587
sortedness,0.0,0.0,7,3,I,115.642317
sortedness,0.0,0.0,7,1,Q,108.491291
sortedness,0.0,0.0,7,2,Q,112.622438
sortedness,0.0,0.0,7,3,Q,118.405946
sortedness,0.0,0.0,7,1,M,114.536626
sortedness,0.0,0.0,7,2,M,128.677283
sortedness,0.0,0.0,7,3,M,119.93157
sortedness,0.0,0.0,7,1,H,114.414754
sortedness,0.0,0.0,7,2,H,108.862013
sortedness,0.0,0.0,7,3,H,103.491761
sortedness,0.0,0.0,7,1,R,108.319064
sortedness,0.0,0.0,7,2,R,111.58074
sortedness,0.0,0.0,7,3,R,115.457743
sortedness,0.0,0.0,8,1,I,115.463346
sortedness,0.0,0.0,8,2,I,122.596371
sortedness,0.0,0.0,8,3,I,122.462787
sortedness,0.0,0.0,8,1,Q,109.680618
sortedness,0.0,0.0,8,2,Q,110.783636
sortedness,0.0,0.0,8,3,Q,117.609981
sortedness,0.0,0.0,8,1,M,121.77387
sortedness,0.0,0.0,8,2,M,115.80741
sortedness,0.0,0.0,8,3,M,114.102121
sortedness,0.0,0.0,8,1,H,114.978844
sortedness,0.0,0.0,8,2,H,109.4841
sortedness,0.0,0.0,8,3,H,112.198832
sortedness,0.0,0.0,8,1,R,106.764388
sortedness,0.0,0.0,8,2,R,110.45764
sortedness,0.0,0.0,8,3,R,108.793553
sortedness,0.01,0.00925,1,1,I,124.445456
sortedness,0.01,0.00925,1,2,I,123.236871
sortedness,0.01,0.00925,1,3,I,125.666588
sortedness,0.01,0.00925,1,1,Q,114.537167
sortedness,0.01,0.00925,1,2,Q,108.785109
sortedness,0.01,0.00925,1,3,Q,110.811368
sortedness,0.01,0.00925,1,1,M,108.595673
sortedness,0.01,0.00925,1,2,M,111.331691
sortedness,0.01,0.00925,1,3,M,108.206389
sortedness,0.01,0.00925,1,1,H,117.966843
sortedness,0.01,0.00925,1,2,H,107.779321
sortedness,0.01,0.00925,1,3,H,120.546007
sortedness,0.01,0.00925,1,1,R,121.957579
sortedness,0.01,0.00925,1,2,R,113.844735
sortedness,0.01,0.00925,1,3,R,107.727422
sortedness,0.01,0.00625,2,1,I,124.982122
sortedness,0.01,0.00625,2,2,I,126.91339
sortedness,0.01,0.00625,2,3,I,123.931497
sortedness,0.01,0.00625,2,1,Q,117.600621
sortedness,0.01,0.00625,2,2,Q,111.090704
sortedness,0.01,0.00625,2,3,Q,109.449876
sortedness,0.01,0.00625,2,1,M,110.053231
sortedness,0.01,0.00625,2,2,M,119.914503
sortedness,0.01,0.00625,2,3,M,122.585298
sortedness,0.01,0.00625,2,1,H,109.202797
sortedness,0.01,0.00625,2,2,H,109.490816
sortedness,0.01,0.00625,2,3,H,117.607055
sortedness,0.01,0.00625,2,1,R,110.538131
sortedness,0.01,0.00625,2,2,R,115.341815
sortedness,0.01,0.00625,2,3,R,115.209276
sortedness,0.01,0.01,3,1,I,122.908355
sortedness,0.01,0.01,3,2,I,117.310569
sortedness,0.01,0.01,3,3,I,127.521118
sortedness,0.01,0.01,3,1,Q,114.884162
sortedness,0.01,0.01,3,2,Q,113.950449
sortedness,0.01,0.01,3,3,Q,110.858656
sortedness,0.01,0.01,3,1,M,111.393621
sortedness,0.01,0.01,3,2,M,124.275119
sortedness,0.01,0.01,3,3,M,110.391641
sortedness,0.01,0.01,3,1,H,113.195201
sortedness,0.01,0.01,3,2,H,119.118728
sortedness,0.01,0.01,3,3,H,111.52181
sortedness,0.01,0.01,3,1,R,113.234316
sortedness,0.01,0.01,3,2,R,117.563639
sortedness,0.01,0.01,3,3,R,112.733379
sortedness,0.01,0.00775,4,1,I,156.229205
sortedness,0.01,0.00775,4,2,I,126.282602
sortedness,0.01,0.00775,4,3,I,128.307899
sortedness,0.01,0.00775,4,1,Q,112.442084
sortedness,0.01,0.00775,4,2,Q,110.756681
sortedness,0.01,0.00775,4,3,Q,110.594688
sortedness,0.01,0.00775,4,1,M,112.827007
sortedness,0.01,0.00775,4,2,M,116.818154
sortedness,0.01,0.00775,4,3,M,116.251337
sortedness,0.01,0.00775,4,1,H,115.99205
sortedness,0.01,0.00775,4,2,H,108.168948
sortedness,0.01,0.00775,4,3,H,113.988023
sortedness,0.01,0.00775,4,1,R,113.453132
sortedness,0.01,0.00775,4,2,R,111.431005
sortedness,0.01,0.00775,4,3,R,110.80195
sortedness,0.01,0.012,5,1,I,116.34199
sortedness,0.01,0.012,5,2,I,122.970259
sortedness,0.01,0.012,5,3,I,125.534038
sortedness,0.01,0.012,5,1,Q,117.117515
sortedness,0.01,0.012,5,2,Q,112.035153
sortedness,0.01,0.012,5,3,Q,112.62692
sortedness,0.01,0.012,5,1,M,118.666339
sortedness,0.01,0.012,5,2,M,114.201508
sortedness,0.01,0.012,5,3,M,108.917511
sortedness,0.01,0.012,5,1,H,111.859435
sortedness,0.01,0.012,5,2,H,113.551584
sortedness,0.01,0.012,5,3,H,115.14862
sortedness,0.01,0.012,5,1,R,109.514055
sortedness,0.01,0.012,5,2,R,108.742535
sortedness,0.01,0.012,5,3,R,107.908526
sortedness,0.01,0.0105,6,1,I,123.192426
sortedness,0.01,0.0105,6,2,I,130.470818
sortedness,0.01,0.0105,6,3,I,125.559037
sortedness,0.01,0.0105,6,1,Q,113.729177
sortedness,0.01,0.0105,6,2,Q,111.74967
sortedness,0.01,0.0105,6,3,Q,126.163672
sortedness,0.01,0.0105,6,1,M,109.407716
sortedness,0.01,0.0105,6,2,M,108.453545
sortedness,0.01,0.0105,6,3,M,109.711489
sortedness,0.01,0.0105,6,1,H,121.52057
sortedness,0.01,0.0105,6,2,H,110.635731
sortedness,0.01,0.0105,6,3,H,99.561618
sortedness,0.01,0.0105,6,1,R,108.219851
sortedness,0.01,0.0105,6,2,R,116.154803
sortedness,0.01,0.0105,6,3,R,108.581915
sortedness,0.01,0.0105,7,1,I,121.607516
sortedness,0.01,0.0105,7,2,I,125.098726
sortedness,0.01,0.0105,7,3,I,124.985418
sortedness,0.01,0.0105,7,1,Q,109.687439
sortedness,0.01,0.0105,7,2,Q,108.721152
sortedness,0.01,0.0105,7,3,Q,111.724796
sortedness,0.01,0.0105,7,1,M,108.787282
sortedness,0.01,0.0105,7,2,M,110.997263
sortedness,0.01,0.0105,7,3,M,109.931099
sortedness,0.01,0.0105,7,1,H,109.597903
sortedness,0.01,0.0105,7,2,H,112.889829
sortedness,0.01,0.0105,7,3,H,113.017434
sortedness,0.01,0.0105,7,1,R,112.97507
sortedness,0.01,0.0105,7,2,R,116.533385
sortedness,0.01,0.0105,7,3,R,110.281581
sortedness,0.01,0.0105,8,1,I,129.432142
sortedness,0.01,0.0105,8,2,I,125.152935
sortedness,0.01,0.0105,8,3,I,122.848161
sortedness,0.01,0.0105,8,1,Q,105.749415
sortedness,0.01,0.0105,8,2,Q,109.252333
sortedness,0.01,0.0105,8,3,Q,111.289322
sortedness,0.01,0.0105,8,1,M,111.767116
sortedness,0.01,0.0105,8,2,M,98.881079
sortedness,0.01,0.0105,8,3,M,115.572076
sortedness,0.01,0.0105,8,1,H,112.534614
sortedness,0.01,0.0105,8,2,H,109.430706
sortedness,0.01,0.0105,8,3,H,108.882222
sortedness,0.01,0.0105,8,1,R,108.938257
sortedness,0.01,0.0105,8,2,R,109.65694
sortedness,0.01,0.0105,8,3,R,114.910285
sortedness,0.02,0.0225,1,1,I,128.829414
sortedness,0.02,0.0225,1,2,I,131.570297
sortedness,0.02,0.0225,1,3,I,124.664947
sortedness,0.02,0.0225,1,1,Q,113.089858
sortedness,0.02,0.0225,1,2,Q,118.729698
sortedness,0.02,0.0225,1,3,Q,111.108684
sortedness,0.02,0.0225,1,1,M,114.751768
sortedness,0.02,0.0225,1,2,M,110.262736
sortedness,0.02,0.0225,1,3,M,112.379557
sortedness,0.02,0.0225,1,1,H,104.014037
sortedness,0.02,0.0225,1,2,H,118.812209
sortedness,0.02,0.0225,1,3,H,121.481461
sortedness,0.02,0.0225,1,1,R,122.097699
sortedness,0.02,0.0225,1,2,R,126.275493
sortedness,0.02,0.0225,1,3,R,125.683325
sortedness,0.02,0.0185,2,1,I,131.839502
sortedness,0.02,0.0185,2,2,I,130.864809
sortedness,0.02,0.0185,2,3,I,128.893099
sortedness,0.02,0.0185,2,1,Q,108.864824
sortedness,0.02,0.0185,2,2,Q,123.153192
sortedness,0.02,0.0185,2,3,Q,112.694919
sortedness,0.02,0.0185,2,1,M,113.50276
sortedness,0.02,0.0185,2,2,M,109.937123
sortedness,0.02,0.0185,2,3,M,111.650164
sortedness,0.02,0.0185,2,1,H,108.807513
sortedness,0.02,0.0185,2,2,H,107.843959
sortedness,0.02,0.0185,2,3,H,117.485071
sortedness,0.02,0.0185,2,1,R,110.009111
sortedness,0.02,0.0185,2,2,R,108.964304
sortedness,0.02,0.0185,2,3,R,106.607709
sortedness,0.02,0.01825,3,1,I,126.779121
sortedness,0.02,0.01825,3,2,I,121.719456
sortedness,0.02,0.01825,3,3,I,129.458416
sortedness,0.02,0.01825,3,1,Q,109.836349
sortedness,0.02,0.01825,3,2,Q,111.972946
sortedness,0.02,0.01825,3,3,Q,108.55179
sortedness,0.02,0.01825,3,1,M,109.25233
sortedness,0.02,0.01825,3,2,M,107.557441
sortedness,0.02,0.01825,3,3,M,108.153272
sortedness,0.02,0.01825,3,1,H,110.561132
sortedness,0.02,0.01825,3,2,H,111.936208
sortedness,0.02,0.01825,3,3,H,111.965002
sortedness,0.02,0.01825,3,1,R,116.92152
sortedness,0.02,0.01825,3,2,R,114.593705
sortedness,0.02,0.01825,3,3,R,116.060887
sortedness,0.02,0.02375,4,1,I,127.833483
sortedness,0.02,0.02375,4,2,I,121.925413
sortedness,0.02,0.02375,4,3,I,139.928591
sortedness,0.02,0.02375,4,1,Q,109.629311
sortedness,0.02,0.02375,4,2,Q,112.652095
sortedness,0.02,0.02375,4,3,Q,114.568029
sortedness,0.02,0.02375,4,1,M,111.120562
sortedness,0.02,0.02375,4,2,M,115.024148
sortedness,0.02,0.02375,4,3,M,109.810023
sortedness,0.02,0.02375,4,1,H,108.752966
sortedness,0.02,0.02375,4,2,H,108.220069
sortedness,0.02,0.02375,4,3,H,108.669049
sortedness,0.02,0.02375,4,1,R,107.900707
sortedness,0.02,0.02375,4,2,R,109.701912
sortedness,0.02,0.02375,4,3,R,107.74317
sortedness,0.02,0.02125,5,1,I,120.478007
sortedness,0.02,0.02125,5,2,I,122.770502
sortedness,0.02,0.02125,5,3,I,123.3445
sortedness,0.02,0.02125,5,1,Q,112.072148
sortedness,0.02,0.02125,5,2,Q,109.573895
sortedness,0.02,0.02125,5,3,Q,109.366287
sortedness,0.02,0.02125,5,1,M,109.092993
sortedness,0.02,0.02125,5,2,M,109.7116
sortedness,0.02,0.02125,5,3,M,110.528088
sortedness,0.02,0.02125,5,1,H,111.32585
sortedness,0.02,0.02125,5,2,H,110.62623
sortedness,0.02,0.02125,5,3,H,113.50873
sortedness,0.02,0.02125,5,1,R,107.946556
sortedness,0.02,0.02125,5,2,R,108.911845
sortedness,0.02,0.02125,5,3,R,109.920239
sortedness,0.02,0.02075,6,1,I,131.885264
sortedness,0.02,0.02075,6,2,I,130.531239
sortedness,0.02,0.02075,6,3,I,126.368998
sortedness,0.02,0.02075,6,1,Q,109.197069
sortedness,0.02,0.02075,6,2,Q,114.165418
sortedness,0.02,0.02075,6,3,Q,110.998207
sortedness,0.02,0.02075,6,1,M,110.803668
sortedness,0.02,0.02075,6,2,M,108.221243
sortedness,0.02,0.02075,6,3,M,111.818602
sortedness,0.02,0.02075,6,1,H,110.154989
sortedness,0.02,0.02075,6,2,H,111.254822
sortedness,0.02,0.02075,6,3,H,117.740345
sortedness,0.02,0.02075,6,1,R,113.731515
sortedness,0.02,0.02075,6,2,R,111.679569
sortedness,0.02,0.02075,6,3,R,112.338709
sortedness,0.02,0.01525,7,1,I,121.142264
sortedness,0.02,0.01525,7,2,I,142.894655
sortedness,0.02,0.01525,7,3,I,123.205783
sortedness,0.02,0.01525,7,1,Q,115.028951
sortedness,0.02,0.01525,7,2,Q,108.537634
sortedness,0.02,0.01525,7,3,Q,109.731324
sortedness,0.02,0.01525,7,1,M,114.294729
sortedness,0.02,0.01525,7,2,M,120.099279
sortedness,0.02,0.01525,7,3,M,109.193218
sortedness,0.02,0.01525,7,1,H,108.889978
sortedness,0.02,0.01525,7,2,H,114.606774
sortedness,0.02,0.01525,7,3,H,112.682419
sortedness,0.02,0.01525,7,1,R,113.919501
sortedness,0.02,0.01525,7,2,R,101.147274
sortedness,0.02,0.01525,7,3,R,110.047725
sortedness,0.02,0.01775,8,1,I,123.616454
sortedness,0.02,0.01775,8,2,I,126.527008
sortedness,0.02,0.01775,8,3,I,125.420989
sortedness,0.02,0.01775,8,1,Q,110.995785
sortedness,0.02,0.01775,8,2,Q,108.058061
sortedness,0.02,0.01775,8,3,Q,108.295561
sortedness,0.02,0.01775,8,1,M,113.346082
sortedness,0.02,0.01775,8,2,M,110.021065
sortedness,0.02,0.01775,8,3,M,110.345946
sortedness,0.02,0.01775,8,1,H,113.693379
sortedness,0.02,0.01775,8,2,H,111.470863
sortedness,0.02,0.01775,8,3,H,111.500015
sortedness,0.02,0.01775,8,1,R,109.968212
sortedness,0.02,0.01775,8,2,R,99.269387
sortedness,0.02,0.01775,8,3,R,114.226157
sortedness,0.03,0.03325,1,1,I,124.172023
sortedness,0.03,0.03325,1,2,I,124.563098
sortedness,0.03,0.03325,1,3,I,125.783595
sortedness,0.03,0.03325,1,1,Q,111.431562
sortedness,0.03,0.03325,1,2,Q,110.495283
sortedness,0.03,0.03325,1,3,Q,110.001088
sortedness,0.03,0.03325,1,1,M,109.997963
sortedness,0.03,0.03325,1,2,M,111.472544
sortedness,0.03,0.03325,1,3,M,113.352327
sortedness,0.03,0.03325,1,1,H,114.622171
sortedness,0.03,0.03325,1,2,H,114.266138
sortedness,0.03,0.03325,1,3,H,116.340502
sortedness,0.03,0.03325,1,1,R,111.417681
sortedness,0.03,0.03325,1,2,R,114.027855
sortedness,0.03,0.03325,1,3,R,113.319543
sortedness,0.03,0.03125,2,1,I,136.427902
sortedness,0.03,0.03125,2,2,I,123.273929
sortedness,0.03,0.03125,2,3,I,125.258057
sortedness,0.03,0.03125,2,1,Q,110.784872
sortedness,0.03,0.03125,2,2,Q,109.9062
sortedness,0.03,0.03125,2,3,Q,111.487377
sortedness,0.03,0.03125,2,1,M,105.997984
sortedness,0.03,0.03125,2,2,M,106.592917
sortedness,0.03,0.03125,2,3,M,113.30173
sortedness,0.03,0.03125,2,1,H,108.583187
sortedness,0.03,0.03125,2,2,H,111.356521
sortedness,0.03,0.03125,2,3,H,108.923743
sortedness,0.03,0.03125,2,1,R,108.116331
sortedness,0.03,0.03125,2,2,R,109.588764
sortedness,0.03,0.03125,2,3,R,108.1015
sortedness,0.03,0.0325,3,1,I,128.530841
sortedness,0.03,0.0325,3,2,I,123.482315
sortedness,0.03,0.0325,3,3,I,122.246586
sortedness,0.03,0.0325,3,1,Q,119.144779
sortedness,0.03,0.0325,3,2,Q,121.942987
sortedness,0.03,0.0325,3,3,Q,118.241404
sortedness,0.03,0.0325,3,1,M,116.871568
sortedness,0.03,0.0325,3,2,M,113.228407
sortedness,0.03,0.0325,3,3,M,109.215109
sortedness,0.03,0.0325,3,1,H,112.577928
sortedness,0.03,0.0325,3,2,H,126.325444
sortedness,0.03,0.0325,3,3,H,130.47854
sortedness,0.03,0.0325,3,1,R,115.080124
sortedness,0.03,0.0325,3,2,R,111.991731
sortedness,0.03,0.0325,3,3,R,121.588721
sortedness,0.03,0.027,4,1,I,127.645132
sortedness,0.03,0.027,4,2,I,134.753125
sortedness,0.03,0.027,4,3,I,126.31387
sortedness,0.03,0.027,4,1,Q,126.075772
sortedness,0.03,0.027,4,2,Q,125.967716
sortedness,0.03,0.027,4,3,Q,126.669085
sortedness,0.03,0.027,4,1,M,115.878775
sortedness,0.03,0.027,4,2,M,118.420694
sortedness,0.03,0.027,4,3,M,116.291172
sortedness,0.03,0.027,4,1,H,112.554479
sortedness,0.03,0.027,4,2,H,111.298109
sortedness,0.03,0.027,4,3,H,118.478385
sortedness,0.03,0.027,4,1,R,112.91598
sortedness,0.03,0.027,4,2,R,132.674696
sortedness,0.03,0.027,4,3,R,114.135016
sortedness,0.03,0.02875,5,1,I,131.346925
sortedness,0.03,0.02875,5,2,I,148.632715
sortedness,0.03,0.02875,5,3,I,141.782708
sortedness,0.03,0.02875,5,1,Q,117.831912
sortedness,0.03,0.02875,5,2,Q,115.214014
sortedness,0.03,0.02875,5,3,Q,112.916593
sortedness,0.03,0.02875,5,1,M,114.959443
sortedness,0.03,0.02875,5,2,M,114.726987
sortedness,0.03,0.02875,5,3,M,113.549446
sortedness,0.03,0.02875,5,1,H,109.741021
sortedness,0.03,0.02875,5,2,H,111.603936
sortedness,0.03,0.02875,5,3,H,112.527624
sortedness,0.03,0.02875,5,1,R,116.682354
sortedness,0.03,0.02875,5,2,R,115.83614
sortedness,0.03,0.02875,5,3,R,117.035584
sortedness,0.03,0.0335,6,1,I,128.0944
sortedness,0.03,0.0335,6,2,I,127.986929
sortedness,0.03,0.0335,6,3,I,124.619305
sortedness,0.03,0.0335,6,1,Q,113.829774
sortedness,0.03,0.0335,6,2,Q,111.960615
sortedness,0.03,0.0335,6,3,Q,117.094574
sortedness,0.03,0.0335,6,1,M,115.264384
sortedness,0.03,0.0335,6,2,M,118.515369
sortedness,0.03,0.0335,6,3,M,112.988346
sortedness,0.03,0.0335,6,1,H,118.986339
sortedness,0.03,0.0335,6,2,H,114.83256
sortedness,0.03,0.0335,6,3,H,123.140063
sortedness,0.03,0.0335,6,1,R,119.803997
sortedness,0.03,0.0335,6,2,R,111.765014
sortedness,0.03,0.0335,6,3,R,112.535669
sortedness,0.03,0.0345,7,1,I,125.168858
sortedness,0.03,0.0345,7,2,I,133.75912
sortedness,0.03,0.0345,7,3,I,138.68773
sortedness,0.03,0.0345,7,1,Q,112.159799
sortedness,0.03,0.0345,7,2,Q,119.744754
sortedness,0.03,0.0345,7,3,Q,119.696968
sortedness,0.03,0.0345,7,1,M,113.44969
sortedness,0.03,0.0345,7,2,M,113.29209
sortedness,0.03,0.0345,7,3,M,119.039393
sortedness,0.03,0.0345,7,1,H,110.794645
sortedness,0.03,0.0345,7,2,H,111.301586
sortedness,0.03,0.0345,7,3,H,111.643574
sortedness,0.03,0.0345,7,1,R,113.752842
sortedness,0.03,0.0345,7,2,R,112.209627
sortedness,0.03,0.0345,7,3,R,114.011205
sortedness,0.03,0.03275,8,1,I,122.961985
sortedness,0.03,0.03275,8,2,I,125.422416
sortedness,0.03,0.03275,8,3,I,125.764647
sortedness,0.03,0.03275,8,1,Q,101.128101
sortedness,0.03,0.03275,8,2,Q,112.369911
sortedness,0.03,0.03275,8,3,Q,107.909368
sortedness,0.03,0.03275,8,1,M,117.201718
sortedness,0.03,0.03275,8,2,M,110.322484
sortedness,0.03,0.03275,8,3,M,113.703692
sortedness,0.03,0.03275,8,1,H,118.99683
sortedness,0.03,0.03275,8,2,H,113.870498
sortedness,0.03,0.03275,8,3,H,109.445611
sortedness,0.03,0.03275,8,1,R,110.43578
sortedness,0.03,0.03275,8,2,R,114.491531
sortedness,0.03,0.03275,8,3,R,113.145226
sortedness,0.04,0.04275,1,1,I,126.900283
sortedness,0.04,0.04275,1,2,I,124.586474
sortedness,0.04,0.04275,1,3,I,127.881768
sortedness,0.04,0.04275,1,1,Q,115.833897
sortedness,0.04,0.04275,1,2,Q,116.185792
sortedness,0.04,0.04275,1,3,Q,113.189949
sortedness,0.04,0.04275,1,1,M,117.572065
sortedness,0.04,0.04275,1,2,M,112.537166
sortedness,0.04,0.04275,1,3,M,120.994226
sortedness,0.04,0.04275,1,1,H,109.002006
sortedness,0.04,0.04275,1,2,H,111.141242
sortedness,0.04,0.04275,1,3,H,100.684226
sortedness,0.04,0.04275,1,1,R,111.515053
sortedness,0.04,0.04275,1,2,R,109.992229
sortedness,0.04,0.04275,1,3,R,111.574817
sortedness,0.04,0.0365,2,1,I,133.352162
sortedness,0.04,0.0365,2,2,I,129.859844
sortedness,0.04,0.0365,2,3,I,130.433279
sortedness,0.04,0.0365,2,1,Q,102.628607
sortedness,0.04,0.0365,2,2,Q,110.958345
sortedness,0.04,0.0365,2,3,Q,117.0675
sortedness,0.04,0.0365,2,1,M,110.238394
sortedness,0.04,0.0365,2,2,M,126.205101
sortedness,0.04,0.0365,2,3,M,111.710018
sortedness,0.04,0.0365,2,1,H,114.534728
sortedness,0.04,0.0365,2,2,H,110.366174
sortedness,0.04,0.0365,2,3,H,121.754688
sortedness,0.04,0.0365,2,1,R,119.511281
sortedness,0.04,0.0365,2,2,R,115.333094
sortedness,0.04,0.0365,2,3,R,120.767139
sortedness,0.04,0.04525,3,1,I,125.052029
sortedness,0.04,0.04525,3,2,I,124.808784
sortedness,0.04,0.04525,3,3,I,139.900225
sortedness,0.04,0.04525,3,1,Q,119.288621
sortedness,0.04,0.04525,3,2,Q,109.440999
sortedness,0.04,0.04525,3,3,Q,107.55016
sortedness,0.04,0.04525,3,1,M,116.725366
sortedness,0.04,0.04525,3,2,M,108.071759
sortedness,0.04,0.04525,3,3,M,116.300061
sortedness,0.04,0.04525,3,1,H,114.409915
sortedness,0.04,0.04525,3,2,H,115.631894
sortedness,0.04,0.04525,3,3,H,122.022444
sortedness,0.04,0.04525,3,1,R,111.46313
sortedness,0.04,0.04525,3,2,R,119.272362
sortedness,0.04,0.04525,3,3,R,115.330087
sortedness,0.04,0.044,4,1,I,145.174918
sortedness,0.04,0.044,4,2,I,130.245651
sortedness,0.04,0.044,4,3,I,126.633226
sortedness,0.04,0.044,4,1,Q,111.326624
sortedness,0.04,0.044,4,2,Q,113.52486
sortedness,0.04,0.044,4,3,Q,114.658288
sortedness,0.04,0.044,4,1,M,117.198735
sortedness,0.04,0.044,4,2,M,121.607738
sortedness,0.04,0.044,4,3,M,112.229687
sortedness,0.04,0.044,4,1,H,117.040227
sortedness,0.04,0.044,4,2,H,119.051986
sortedness,0.04,0.044,4,3,H,117.244822
sortedness,0.04,0.044,4,1,R,115.356768
sortedness,0.04,0.044,4,2,R,120.982945
sortedness,0.04,0.044,4,3,R,118.493134
sortedness,0.04,0.0415,5,1,I,139.34649
sortedness,0.04,0.0415,5,2,I,135.264092
sortedness,0.04,0.0415,5,3,I,130.23679
sortedness,0.04,0.0415,5,1,Q,104.388183
sortedness,0.04,0.0415,5,2,Q,113.888288
sortedness,0.04,0.0415,5,3,Q,109.544025
sortedness,0.04,0.0415,5,1,M,114.021762
sortedness,0.04,0.0415,5,2,M,129.45271
sortedness,0.04,0.0415,5,3,M,114.82519
sortedness,0.04,0.0415,5,1,H,120.609306
sortedness,0.04,0.0415,5,2,H,113.634676
sortedness,0.04,0.0415,5,3,H,110.443464
sortedness,0.04,0.0415,5,1,R,114.383947
sortedness,0.04,0.0415,5,2,R,117.019577
sortedness,0.04,0.0415,5,3,R,116.968863
sortedness,0.04,0.0375,6,1,I,135.343726
sortedness,0.04,0.0375,6,2,I,124.191699
sortedness,0.04,0.0375,6,3,I,127.053577
sortedness,0.04,0.0375,6,1,Q,111.440825
sortedness,0.04,0.0375,6,2,Q,116.379763
sortedness,0.04,0.0375,6,3,Q,113.846065
sortedness,0.04,0.0375,6,1,M,112.599432
sortedness,0.04,0.0375,6,2,M,114.566804
sortedness,0.04,0.0375,6,3,M,111.413297
sortedness,0.04,0.0375,6,1,H,116.708545
sortedness,0.04,0.0375,6,2,H,111.120157
sortedness,0.04,0.0375,6,3,H,112.402092
sortedness,0.04,0.0375,6,1,R,110.674618
sortedness,0.04,0.0375,6,2,R,111.921539
sortedness,0.04,0.0375,6,3,R,112.394899
sortedness,0.04,0.038,7,1,I,136.651345
sortedness,0.04,0.038,7,2,I,125.394249
sortedness,0.04,0.038,7,3,I,130.40679
sortedness,0.04,0.038,7,1,Q,117.088591
sortedness,0.04,0.038,7,2,Q,118.127062
sortedness,0.04,0.038,7,3,Q,111.642237
sortedness,0.04,0.038,7,1,M,111.33723
sortedness,0.04,0.038,7,2,M,110.662552
sortedness,0.04,0.038,7,3,M,119.976114
sortedness,0.04,0.038,7,1,H,131.091897
sortedness,0.04,0.038,7,2,H,144.787695
sortedness,0.04,0.038,7,3,H,148.775504
sortedness,0.04,0.038,7,1,R,119.566957
sortedness,0.04,0.038,7,2,R,114.915681
sortedness,0.04,0.038,7,3,R,124.605597
sortedness,0.04,0.04325,8,1,I,132.20802
sortedness,0.04,0.04325,8,2,I,137.387332
sortedness,0.04,0.04325,8,3,I,130.168601
sortedness,0.04,0.04325,8,1,Q,121.330583
sortedness,0.04,0.04325,8,2,Q,118.284378
sortedness,0.04,0.04325,8,3,Q,121.37287
sortedness,0.04,0.04325,8,1,M,111.416323
sortedness,0.04,0.04325,8,2,M,114.068503
sortedness,0.04,0.04325,8,3,M,114.985491
sortedness,0.04,0.04325,8,1,H,110.027813
sortedness,0.04,0.04325,8,2,H,115.768721
sortedness,0.04,0.04325,8,3,H,119.834494
sortedness,0.04,0.04325,8,1,R,117.987227
sortedness,0.04,0.04325,8,2,R,111.292651
sortedness,0.04,0.04325,8,3,R,119.012584
sortedness,0.04,0.04525,9,1,I,133.070488
sortedness,0.04,0.04525,9,2,I,132.360704
sortedness,0.04,0.04525,9,3,I,129.794198
sortedness,0.04,0.04525,9,1,Q,119.120224
sortedness,0.04,0.04525,9,2,Q,105.224065
sortedness,0.04,0.04525,9,3,Q,97.770059
sortedness,0.04,0.04525,9,1,M,111.870006
sortedness,0.04,0.04525,9,2,M,111.591625
sortedness,0.04,0.04525,9,3,M,113.116018
sortedness,0.04,0.04525,9,1,H,119.4439
sortedness,0.04,0.04525,9,2,H,115.414573
sortedness,0.04,0.04525,9,3,H,125.648683
sortedness,0.04,0.04525,9,1,R,115.961606
sortedness,0.04,0.04525,9,2,R,113.716831
sortedness,0.04,0.04525,9,3,R,113.989138
sortedness,0.04,0.03775,10,1,I,133.896287
sortedness,0.04,0.03775,10,2,I,131.695949
sortedness,0.04,0.03775,10,3,I,129.792653
sortedness,0.04,0.03775,10,1,Q,119.051442
sortedness,0.04,0.03775,10,2,Q,115.238856
sortedness,0.04,0.03775,10,3,Q,115.355222
sortedness,0.04,0.03775,10,1,M,121.148729
sortedness,0.04,0.03775,10,2,M,109.438261
sortedness,0.04,0.03775,10,3,M,106.359024
sortedness,0.04,0.03775,10,1,H,119.885562
sortedness,0.04,0.03775,10,2,H,121.152913
sortedness,0.04,0.03775,10,3,H,112.742138
sortedness,0.04,0.03775,10,1,R,123.411884
sortedness,0.04,0.03775,10,2,R,114.371502
sortedness,0.04,0.03775,10,3,R,111.559268
sortedness,0.05,0.0465,1,1,I,126.927864
sortedness,0.05,0.0465,1,2,I,127.511716
sortedness,0.05,0.0465,1,3,I,123.216197
sortedness,0.05,0.0465,1,1,Q,110.341139
sortedness,0.05,0.0465,1,2,Q,110.166353
sortedness,0.05,0.0465,1,3,Q,110.313131
sortedness,0.05,0.0465,1,1,M,112.085877
sortedness,0.05,0.0465,1,2,M,113.957253
sortedness,0.05,0.0465,1,3,M,109.802085
sortedness,0.05,0.0465,1,1,H,110.15341
sortedness,0.05,0.0465,1,2,H,118.106033
sortedness,0.05,0.0465,1,3,H,111.092753
sortedness,0.05,0.0465,1,1,R,108.992785
sortedness,0.05,0.0465,1,2,R,109.779031
sortedness,0.05,0.0465,1,3,R,109.734307
sortedness,0.05,0.05575,2,1,I,125.684881
sortedness,0.05,0.05575,2,2,I,126.556922
sortedness,0.05,0.05575,2,3,I,126.136902
sortedness,0.05,0.05575,2,1,Q,117.738904
sortedness,0.05,0.05575,2,2,Q,110.964767
sortedness,0.05,0.05575,2,3,Q,115.32315
sortedness,0.05,0.05575,2,1,M,122.344406
sortedness,0.05,0.05575,2,2,M,114.220984
sortedness,0.05,0.05575,2,3,M,119.736364
sortedness,0.05,0.05575,2,1,H,116.398414
sortedness,0.05,0.05575,2,2,H,116.582439
sortedness,0.05,0.05575,2,3,H,115.931245
sortedness,0.05,0.05575,2,1,R,114.690824
sortedness,0.05,0.05575,2,2,R,122.897808
sortedness,0.05,0.05575,2,3,R,117.310761
sortedness,0.05,0.0485,3,1,I,130.955574
sortedness,0.05,0.0485,3,2,I,128.257748
sortedness,0.05,0.0485,3,3,I,122.72365
sortedness,0.05,0.0485,3,1,Q,119.239444
sortedness,0.05,0.0485,3,2,Q,114.956087
sortedness,0.05,0.0485,3,3,Q,117.181906
sortedness,0.05,0.0485,3,1,M,118.862922
sortedness,0.05,0.0485,3,2,M,113.650184
sortedness,0.05,0.0485,3,3,M,116.515279
sortedness,0.05,0.0485,3,1,H,112.835114
sortedness,0.05,0.0485,3,2,H,124.212685
sortedness,0.05,0.0485,3,3,H,113.923574
sortedness,0.05,0.0485,3,1,R,113.955632
sortedness,0.05,0.0485,3,2,R,111.244305
sortedness,0.05,0.0485,3,3,R,115.758394
sortedness,0.05,0.04575,4,1,I,130.810297
sortedness,0.05,0.04575,4,2,I,136.789011
sortedness,0.05,0.04575,4,3,I,125.479965
sortedness,0.05,0.04575,4,1,Q,116.451589
sortedness,0.05,0.04575,4,2,Q,115.0798
sortedness,0.05,0.04575,4,3,Q,115.416565
sortedness,0.05,0.04575,4,1,M,114.432922
sortedness,0.05,0.04575,4,2,M,128.340677
sortedness,0.05,0.04575,4,3,M,112.326771
sortedness,0.05,0.04575,4,1,H,121.985815
sortedness,0.05,0.04575,4,2,H,112.361505
sortedness,0.05,0.04575,4,3,H,116.130844
sortedness,0.05,0.04575,4,1,R,115.368181
sortedness,0.05,0.04575,4,2,R,112.089393
sortedness,0.05,0.04575,4,3,R,107.652588
sortedness,0.05,0.0455,5,1,I,120.235522
sortedness,0.05,0.0455,5,2,I,129.682011
sortedness,0.05,0.0455,5,3,I,134.114448
sortedness,0.05,0.0455,5,1,Q,106.051296
sortedness,0.05,0.0455,5,2,Q,117.228613
sortedness,0.05,0.0455,5,3,Q,131.797105
sortedness,0.05,0.0455,5,1,M,119.52275
sortedness,0.05,0.0455,5,2,M,113.800767
sortedness,0.05,0.0455,5,3,M,116.485375
sortedness,0.05,0.0455,5,1,H,123.370009
sortedness,0.05,0.0455,5,2,H,109.827494
sortedness,0.05,0.0455,5,3,H,126.958023
sortedness,0.05,0.0455,5,1,R,101.865814
sortedness,0.05,0.0455,5,2,R,113.192135
sortedness,0.05,0.0455,5,3,R,126.717483
sortedness,0.05,0.051,6,1,I,131.101533
sortedness,0.05,0.051,6,2,I,130.612182
sortedness,0.05,0.051,6,3,I,135.505512
sortedness,0.05,0.051,6,1,Q,110.279548
sortedness,0.05,0.051,6,2,Q,113.045938
sortedness,0.05,0.051,6,3,Q,110.903707
sortedness,0.05,0.051,6,1,M,122.40058
sortedness,0.05,0.051,6,2,M,116.160565
sortedness,0.05,0.051,6,3,M,111.152707
sortedness,0.05,0.051,6,1,H,108.19926
sortedness,0.05,0.051,6,2,H,115.362696
sortedness,0.05,0.051,6,3,H,110.79041
sortedness,0.05,0.051,6,1,R,98.297195
sortedness,0.05,0.051,6,2,R,113.979972
sortedness,0.05,0.051,6,3,R,110.620714
sortedness,0.05,0.05225,7,1,I,124.312599
sortedness,0.05,0.05225,7,2,I,121.713542
sortedness,0.05,0.05225,7,3,I,127.156901
sortedness,0.05,0.05225,7,1,Q,109.949541
sortedness,0.05,0.05225,7,2,Q,114.357134
sortedness,0.05,0.05225,7,3,Q,111.500275
sortedness,0.05,0.05225,7,1,M,108.537124
sortedness,0.05,0.05225,7,2,M,113.790982
sortedness,0.05,0.05225,7,3,M,110.703138
sortedness,0.05,0.05225,7,1,H,112.60399
sortedness,0.05,0.05225,7,2,H,113.340045
sortedness,0.05,0.05225,7,3,H,109.520738
sortedness,0.05,0.05225,7,1,R,111.457831
sortedness,0.05,0.05225,7,2,R,109.63811
sortedness,0.05,0.05225,7,3,R,113.785981
sortedness,0.05,0.05125,8,1,I,137.148486
sortedness,0.05,0.05125,8,2,I,134.746262
sortedness,0.05,0.05125,8,3,I,129.871579
sortedness,0.05,0.05125,8,1,Q,118.822801
sortedness,0.05,0.05125,8,2,Q,114.982986
sortedness,0.05,0.05125,8,3,Q,113.874027
sortedness,0.05,0.05125,8,1,M,118.256849
sortedness,0.05,0.05125,8,2,M,113.793254
sortedness,0.05,0.05125,8,3,M,115.31954
sortedness,0.05,0.05125,8,1,H,115.975399
sortedness,0.05,0.05125,8,2,H,112.935332
sortedness,0.05,0.05125,8,3,H,121.250913
sortedness,0.05,0.05125,8,1,R,113.125867
sortedness,0.05,0.05125,8,2,R,124.003652
sortedness,0.05,0.05125,8,3,R,109.796884
sortedness,0.06,0.06225,1,1,I,145.850754
sortedness,0.06,0.06225,1,2,I,130.294951
sortedness,0.06,0.06225,1,3,I,123.700409
sortedness,0.06,0.06225,1,1,Q,109.439051
sortedness,0.06,0.06225,1,2,Q,122.90349
sortedness,0.06,0.06225,1,3,Q,101.898683
sortedness,0.06,0.06225,1,1,M,112.53621
sortedness,0.06,0.06225,1,2,M,117.589626
sortedness,0.06,0.06225,1,3,M,113.492195
sortedness,0.06,0.06225,1,1,H,118.244692
sortedness,0.06,0.06225,1,2,H,111.907376
sortedness,0.06,0.06225,1,3,H,111.949207
sortedness,0.06,0.06225,1,1,R,109.077131
sortedness,0.06,0.06225,1,2,R,116.521292
sortedness,0.06,0.06225,1,3,R,109.943151
sortedness,0.06,0.05975,2,1,I,125.709967
sortedness,0.06,0.05975,2,2,I,115.528719
sortedness,0.06,0.05975,2,3,I,124.303325
sortedness,0.06,0.05975,2,1,Q,112.546747
sortedness,0.06,0.05975,2,2,Q,112.212726
sortedness,0.06,0.05975,2,3,Q,100.524565
sortedness,0.06,0.05975,2,1,M,107.550159
sortedness,0.06,0.05975,2,2,M,114.962921
sortedness,0.06,0.05975,2,3,M,108.026166
sortedness,0.06,0.05975,2,1,H,107.956658
sortedness,0.06,0.05975,2,2,H,111.169876
sortedness,0.06,0.05975,2,3,H,106.62459
sortedness,0.06,0.05975,2,1,R,111.545304
sortedness,0.06,0.05975,2,2,R,115.226043
sortedness,0.06,0.05975,2,3,R,110.394324
sortedness,0.06,0.0615,3,1,I,133.89976
sortedness,0.06,0.0615,3,2,I,128.316344
sortedness,0.06,0.0615,3,3,I,122.457365
sortedness,0.06,0.0615,3,1,Q,116.028388
sortedness,0.06,0.0615,3,2,Q,111.770047
sortedness,0.06,0.0615,3,3,Q,106.704507
sortedness,0.06,0.0615,3,1,M,120.149657
sortedness,0.06,0.0615,3,2,M,112.664331
sortedness,0.06,0.0615,3,3,M,110.849172
sortedness,0.06,0.0615,3,1,H,111.555961
sortedness,0.06,0.0615,3,2,H,117.451102
sortedness,0.06,0.0615,3,3,H,119.052899
sortedness,0.06,0.0615,3,1,R,126.984838
sortedness,0.06,0.0615,3,2,R,114.576572
sortedness,0.06,0.0615,3,3,R,108.540812
sortedness,0.06,0.05875,4,1,I,127.52536
sortedness,0.06,0.05875,4,2,I,124.638467
sortedness,0.06,0.05875,4,3,I,132.492159
sortedness,0.06,0.05875,4,1,Q,116.131709
sortedness,0.06,0.05875,4,2,Q,116.505867
sortedness,0.06,0.05875,4,3,Q,110.323131
sortedness,0.06,0.05875,4,1,M,117.263455
sortedness,0.06,0.05875,4,2,M,106.201392
sortedness,0.06,0.05875,4,3,M,131.061826
sortedness,0.06,0.05875,4,1,H,118.904371
sortedness,0.06,0.05875,4,2,H,114.941693
sortedness,0.06,0.05875,4,3,H,101.050809
sortedness,0.06,0.05875,4,1,R,102.425665
sortedness,0.06,0.05875,4,2,R,120.021583
sortedness,0.06,0.05875,4,3,R,111.964772
sortedness,0.06,0.054,5,1,I,135.597489
sortedness,0.06,0.054,5,2,I,123.215265
sortedness,0.06,0.054,5,3,I,124.947042
sortedness,0.06,0.054,5,1,Q,108.777491
sortedness,0.06,0.054,5,2,Q,108.967024
sortedness,0.06,0.054,5,3,Q,115.350341
sortedness,0.06,0.054,5,1,M,107.55267
sortedness,0.06,0.054,5,2,M,114.894825
sortedness,0.06,0.054,5,3,M,109.892193
sortedness,0.06,0.054,5,1,H,108.419803
sortedness,0.06,0.054,5,2,H,112.288186
sortedness,0.06,0.054,5,3,H,113.619281
sortedness,0.06,0.054,5,1,R,99.730522
sortedness,0.06,0.054,5,2,R,110.200809
sortedness,0.06,0.054,5,3,R,114.869424
sortedness,0.06,0.0655,6,1,I,134.521248
sortedness,0.06,0.0655,6,2,I,125.96452
sortedness,0.06,0.0655,6,3,I,122.257186
sortedness,0.06,0.0655,6,1,Q,122.012361
sortedness,0.06,0.0655,6,2,Q,110.875819
sortedness,0.06,0.0655,6,3,Q,111.057144
sortedness,0.06,0.0655,6,1,M,99.716735
sortedness,0.06,0.0655,6,2,M,116.4918
sortedness,0.06,0.0655,6,3,M,120.357419
sortedness,0.06,0.0655,6,1,H,114.257601
sortedness,0.06,0.0655,6,2,H,119.688193
sortedness,0.06,0.0655,6,3,H,103.960687
sortedness,0.06,0.0655,6,1,R,115.111317
sortedness,0.06,0.0655,6,2,R,119.468002
sortedness,0.06,0.0655,6,3,R,111.920422
sortedness,0.06,0.05975,7,1,I,128.710208
sortedness,0.06,0.05975,7,2,I,124.998988
sortedness,0.06,0.05975,7,3,I,127.548615
sortedness,0.06,0.05975,7,1,Q,116.108438
sortedness,0.06,0.05975,7,2,Q,116.208083
sortedness,0.06,0.05975,7,3,Q,116.271508
sortedness,0.06,0.05975,7,1,M,118.415631
sortedness,0.06,0.05975,7,2,M,120.034892
sortedness,0.06,0.05975,7,3,M,109.890141
sortedness,0.06,0.05975,7,1,H,113.629078
sortedness,0.06,0.05975,7,2,H,110.778779
sortedness,0.06,0.05975,7,3,H,112.28685
sortedness,0.06,0.05975,7,1,R,104.620127
sortedness,0.06,0.05975,7,2,R,109.631967
sortedness,0.06,0.05975,7,3,R,109.652065
sortedness,0.06,0.05375,8,1,I,123.970537
sortedness,0.06,0.05375,8,2,I,133.341064
sortedness,0.06,0.05375,8,3,I,135.44646
sortedness,0.06,0.05375,8,1,Q,109.560319
sortedness,0.06,0.05375,8,2,Q,110.603115
sortedness,0.06,0.05375,8,3,Q,112.446717
sortedness,0.06,0.05375,8,1,M,116.70339
sortedness,0.06,0.05375,8,2,M,110.229899
sortedness,0.06,0.05375,8,3,M,112.557637
sortedness,0.06,0.05375,8,1,H,109.609422
sortedness,0.06,0.05375,8,2,H,107.741586
sortedness,0.06,0.05375,8,3,H,111.965443
sortedness,0.06,0.05375,8,1,R,112.487837
sortedness,0.06,0.05375,8,2,R,111.761656
sortedness,0.06,0.05375,8,3,R,110.31041
sortedness,0.07,0.07125,1,1,I,122.184847
sortedness,0.07,0.07125,1,2,I,128.004994
sortedness,0.07,0.07125,1,3,I,129.013591
sortedness,0.07,0.07125,1,1,Q,108.839619
sortedness,0.07,0.07125,1,2,Q,113.49652
sortedness,0.07,0.07125,1,3,Q,108.645116
sortedness,0.07,0.07125,1,1,M,110.809908
sortedness,0.07,0.07125,1,2,M,116.770937
sortedness,0.07,0.07125,1,3,M,113.919401
sortedness,0.07,0.07125,1,1,H,109.920137
sortedness,0.07,0.07125,1,2,H,114.372699
sortedness,0.07,0.07125,1,3,H,112.58584
sortedness,0.07,0.07125,1,1,R,122.884317
sortedness,0.07,0.07125,1,2,R,111.703822
sortedness,0.07,0.07125,1,3,R,112.721259
sortedness,0.07,0.06375,2,1,I,121.862747
sortedness,0.07,0.06375,2,2,I,124.431333
sortedness,0.07,0.06375,2,3,I,123.119511
sortedness,0.07,0.06375,2,1,Q,112.278054
sortedness,0.07,0.06375,2,2,Q,110.609345
sortedness,0.07,0.06375,2,3,Q,112.29689
sortedness,0.07,0.06375,2,1,M,108.317181
sortedness,0.07,0.06375,2,2,M,110.606829
sortedness,0.07,0.06375,2,3,M,109.916058
sortedness,0.07,0.06375,2,1,H,107.194054
sortedness,0.07,0.06375,2,2,H,111.34694
sortedness,0.07,0.06375,2,3,H,109.551625
sortedness,0.07,0.06375,2,1,R,110.913403
sortedness,0.07,0.06375,2,2,R,113.783088
sortedness,0.07,0.06375,2,3,R,111.679491
sortedness,0.07,0.0695,3,1,I,123.744036
sortedness,0.07,0.0695,3,2,I,131.931595
sortedness,0.07,0.0695,3,3,I,120.734913
sortedness,0.07,0.0695,3,1,Q,108.236867
sortedness,0.07,0.0695,3,2,Q,100.748647
sortedness,0.07,0.0695,3,3,Q,111.149523
sortedness,0.07,0.0695,3,1,M,111.695613
sortedness,0.07,0.0695,3,2,M,109.326824
sortedness,0.07,0.0695,3,3,M,109.606823
sortedness,0.07,0.0695,3,1,H,111.666876
sortedness,0.07,0.0695,3,2,H,114.910873
sortedness,0.07,0.0695,3,3,H,113.54129
sortedness,0.07,0.0695,3,1,R,113.351989
sortedness,0.07,0.0695,3,2,R,109.094457
sortedness,0.07,0.0695,3,3,R,114.57561
sortedness,0.07,0.07325,4,1,I,125.284034
sortedness,0.07,0.07325,4,2,I,122.444349
sortedness,0.07,0.07325,4,3,I,122.384041
sortedness,0.07,0.07325,4,1,Q,110.316474
sortedness,0.07,0.07325,4,2,Q,113.646158
sortedness,0.07,0.07325,4,3,Q,116.999646
sortedness,0.07,0.07325,4,1,M,115.853834
sortedness,0.07,0.07325,4,2,M,111.608347
sortedness,0.07,0.07325,4,3,M,116.186526
sortedness,0.07,0.07325,4,1,H,98.755831
sortedness,0.07,0.07325,4,2,H,107.297064
sortedness,0.07,0.07325,4,3,H,124.350827
sortedness,0.07,0.07325,4,1,R,111.803794
sortedness,0.07,0.07325,4,2,R,113.290783
sortedness,0.07,0.07325,4,3,R,101.338802
sortedness,0.07,0.0705,5,1,I,130.86166
sortedness,0.07,0.0705,5,2,I,126.106289
sortedness,0.07,0.0705,5,3,I,129.16402
sortedness,0.07,0.0705,5,1,Q,108.32746
sortedness,0.07,0.0705,5,2,Q,110.624338
sortedness,0.07,0.0705,5,3,Q,108.220634
sortedness,0.07,0.0705,5,1,M,109.075573
sortedness,0.07,0.0705,5,2,M,109.857756
sortedness,0.07,0.0705,5,3,M,111.218649
sortedness,0.07,0.0705,5,1,H,110.483418
sortedness,0.07,0.0705,5,2,H,109.837975
sortedness,0.07,0.0705,5,3,H,110.524391
sortedness,0.07,0.0705,5,1,R,112.934998
sortedness,0.07,0.0705,5,2,R,115.001398
sortedness,0.07,0.0705,5,3,R,120.561317
sortedness,0.07,0.07175,6,1,I,123.096485
sortedness,0.07,0.07175,6,2,I,123.899065
sortedness,0.07,0.07175,6,3,I,121.975306
sortedness,0.07,0.07175,6,1,Q,109.641475
sortedness,0.07,0.07175,6,2,Q,112.124952
sortedness,0.07,0.07175,6,3,Q,114.924568
sortedness,0.07,0.07175,6,1,M,109.475324
sortedness,0.07,0.07175,6,2,M,109.984747
sortedness,0.07,0.07175,6,3,M,109.312777
sortedness,0.07,0.07175,6,1,H,109.11983
sortedness,0.07,0.07175,6,2,H,111.285709
sortedness,0.07,0.07175,6,3,H,119.06485
sortedness,0.07,0.07175,6,1,R,112.289516
sortedness,0.07,0.07175,6,2,R,107.367416
sortedness,0.07,0.07175,6,3,R,114.352398
sortedness,0.07,0.07275,7,1,I,126.80218
sortedness,0.07,0.07275,7,2,I,122.959947
sortedness,0.07,0.07275,7,3,I,126.992737
sortedness,0.07,0.07275,7,1,Q,110.091517
sortedness,0.07,0.07275,7,2,Q,112.664337
sortedness,0.07,0.07275,7,3,Q,114.120478
sortedness,0.07,0.07275,7,1,M,113.814055
sortedness,0.07,0.07275,7,2,M,113.317979
sortedness,0.07,0.07275,7,3,M,119.939318
sortedness,0.07,0.07275,7,1,H,127.049956
sortedness,0.07,0.07275,7,2,H,110.196703
sortedness,0.07,0.07275,7,3,H,108.174729
sortedness,0.07,0.07275,7,1,R,112.214671
sortedness,0.07,0.07275,7,2,R,112.470035
sortedness,0.07,0.07275,7,3,R,108.22459
sortedness,0.07,0.066,8,1,I,123.407541
sortedness,0.07,0.066,8,2,I,128.891276
sortedness,0.07,0.066,8,3,I,128.482797
sortedness,0.07,0.066,8,1,Q,110.790126
sortedness,0.07,0.066,8,2,Q,109.420423
sortedness,0.07,0.066,8,3,Q,118.451231
sortedness,0.07,0.066,8,1,M,112.871839
sortedness,0.07,0.066,8,2,M,110.080407
sortedness,0.07,0.066,8,3,M,108.200798
sortedness,0.07,0.066,8,1,H,106.703147
sortedness,0.07,0.066,8,2,H,107.008561
sortedness,0.07,0.066,8,3,H,112.657734
sortedness,0.07,0.066,8,1,R,115.513648
sortedness,0.07,0.066,8,2,R,109.30988
sortedness,0.07,0.066,8,3,R,110.309472
sortedness,0.08,0.07025,1,1,I,125.540193
sortedness,0.08,0.07025,1,2,I,123.189197
sortedness,0.08,0.07025,1,3,I,129.26911
sortedness,0.08,0.07025,1,1,Q,110.911284
sortedness,0.08,0.07025,1,2,Q,113.756806
sortedness,0.08,0.07025,1,3,Q,110.680038
sortedness,0.08,0.07025,1,1,M,111.077907
sortedness,0.08,0.07025,1,2,M,109.611837
sortedness,0.08,0.07025,1,3,M,110.402102
sortedness,0.08,0.07025,1,1,H,111.642546
sortedness,0.08,0.07025,1,2,H,114.247686
sortedness,0.08,0.07025,1,3,H,110.444144
sortedness,0.08,0.07025,1,1,R,111.166371
sortedness,0.08,0.07025,1,2,R,111.206279
sortedness,0.08,0.07025,1,3,R,108.434559
sortedness,0.08,0.0795,2,1,I,126.712849
sortedness,0.08,0.0795,2,2,I,125.99349
sortedness,0.08,0.0795,2,3,I,120.949211
sortedness,0.08,0.0795,2,1,Q,120.380536
sortedness,0.08,0.0795,2,2,Q,114.927135
sortedness,0.08,0.0795,2,3,Q,114.539115
sortedness,0.08,0.0795,2,1,M,110.331716
sortedness,0.08,0.0795,2,2,M,119.627748
sortedness,0.08,0.0795,2,3,M,112.787867
sortedness,0.08,0.0795,2,1,H,110.337161
sortedness,0.08,0.0795,2,2,H,117.050204
sortedness,0.08,0.0795,2,3,H,111.9206
sortedness,0.08,0.0795,2,1,R,107.788284
sortedness,0.08,0.0795,2,2,R,115.255157
sortedness,0.08,0.0795,2,3,R,109.599824
sortedness,0.08,0.0775,3,1,I,126.934485
sortedness,0.08,0.0775,3,2,I,122.351187
sortedness,0.08,0.0775,3,3,I,129.462723
sortedness,0.08,0.0775,3,1,Q,111.137534
sortedness,0.08,0.0775,3,2,Q,107.854374
sortedness,0.08,0.0775,3,3,Q,106.275978
sortedness,0.08,0.0775,3,1,M,110.680566
sortedness,0.08,0.0775,3,2,M,111.792885
sortedness,0.08,0.0775,3,3,M,108.312705
sortedness,0.08,0.0775,3,1,H,108.381242
sortedness,0.08,0.0775,3,2,H,111.556104
sortedness,0.08,0.0775,3,3,H,112.513261
sortedness,0.08,0.0775,3,1,R,108.643114
sortedness,0.08,0.0775,3,2,R,106.919237
sortedness,0.08,0.0775,3,3,R,116.503736
sortedness,0.08,0.079,4,1,I,123.986041
sortedness,0.08,0.079,4,2,I,127.975918
sortedness,0.08,0.079,4,3,I,121.979361
sortedness,0.08,0.079,4,1,Q,112.276506
sortedness,0.08,0.079,4,2,Q,111.276917
sortedness,0.08,0.079,4,3,Q,110.144134
sortedness,0.08,0.079,4,1,M,112.882355
sortedness,0.08,0.079,4,2,M,111.173856
sortedness,0.08,0.079,4,3,M,110.481835
sortedness,0.08,0.079,4,1,H,113.271227
sortedness,0.08,0.079,4,2,H,110.841981
sortedness,0.08,0.079,4,3,H,116.962067
sortedness,0.08,0.079,4,1,R,116.853466
sortedness,0.08,0.079,4,2,R,109.729477
sortedness,0.08,0.079,4,3,R,111.853673
sortedness,0.08,0.0785,5,1,I,125.577468
sortedness,0.08,0.0785,5,2,I,136.966512
sortedness,0.08,0.0785,5,3,I,123.919467
sortedness,0.08,0.0785,5,1,Q,111.667205
sortedness,0.08,0.0785,5,2,Q,111.017086
sortedness,0.08,0.0785,5,3,Q,109.10073
sortedness,0.08,0.0785,5,1,M,109.778685
sortedness,0.08,0.0785,5,2,M,124.430231
sortedness,0.08,0.0785,5,3,M,111.104918
sortedness,0.08,0.0785,5,1,H,121.963168
sortedness,0.08,0.0785,5,2,H,110.327038
sortedness,0.08,0.0785,5,3,H,112.481237
sortedness,0.08,0.0785,5,1,R,121.974456
sortedness,0.08,0.0785,5,2,R,108.919524
sortedness,0.08,0.0785,5,3,R,110.308862
sortedness,0.08,0.0755,6,1,I,125.294753
sortedness,0.08,0.0755,6,2,I,118.799926
sortedness,0.08,0.0755,6,3,I,121.239915
sortedness,0.08,0.0755,6,1,Q,108.100983
sortedness,0.08,0.0755,6,2,Q,110.929513
sortedness,0.08,0.0755,6,3,Q,108.239836
sortedness,0.08,0.0755,6,1,M,113.560254
sortedness,0.08,0.0755,6,2,M,118.251177
sortedness,0.08,0.0755,6,3,M,119.169254
sortedness,0.08,0.0755,6,1,H,111.001154
sortedness,0.08,0.0755,6,2,H,112.546299
sortedness,0.08,0.0755,6,3,H,110.376718
sortedness,0.08,0.0755,6,1,R,117.025516
sortedness,0.08,0.0755,6,2,R,111.960003
sortedness,0.08,0.0755,6,3,R,106.443437
sortedness,0.08,0.08175,7,1,I,124.949596
sortedness,0.08,0.08175,7,2,I,121.378263
sortedness,0.08,0.08175,7,3,I,123.842718
sortedness,0.08,0.08175,7,1,Q,114.0374
sortedness,0.08,0.08175,7,2,Q,113.724629
sortedness,0.08,0.08175,7,3,Q,101.801273
sortedness,0.08,0.08175,7,1,M,110.373165
sortedness,0.08,0.08175,7,2,M,99.363875
sortedness,0.08,0.08175,7,3,M,108.06676
sortedness,0.08,0.08175,7,1,H,116.328733
sortedness,0.08,0.08175,7,2,H,111.826599
sortedness,0.08,0.08175,7,3,H,111.643581
sortedness,0.08,0.08175,7,1,R,110.381017
sortedness,0.08,0.08175,7,2,R,116.190618
sortedness,0.08,0.08175,7,3,R,109.495101
sortedness,0.08,0.078,8,1,I,127.431673
sortedness,0.08,0.078,8,2,I,125.330855
sortedness,0.08,0.078,8,3,I,122.243257
sortedness,0.08,0.078,8,1,Q,113.98832
sortedness,0.08,0.078,8,2,Q,132.679782
sortedness,0.08,0.078,8,3,Q,117.075488
sortedness,0.08,0.078,8,1,M,111.220449
sortedness,0.08,0.078,8,2,M,114.344318
sortedness,0.08,0.078,8,3,M,111.604849
sortedness,0.08,0.078,8,1,H,110.429116
sortedness,0.08,0.078,8,2,H,110.522137
sortedness,0.08,0.078,8,3,H,110.856193
sortedness,0.08,0.078,8,1,R,109.272996
sortedness,0.08,0.078,8,2,R,113.830172
sortedness,0.08,0.078,8,3,R,110.904357
sortedness,0.09,0.09225,1,1,I,124.973909
sortedness,0.09,0.09225,1,2,I,126.715944
sortedness,0.09,0.09225,1,3,I,127.425129
sortedness,0.09,0.09225,1,1,Q,112.99534
sortedness,0.09,0.09225,1,2,Q,108.497089
sortedness,0.09,0.09225,1,3,Q,110.474381
sortedness,0.09,0.09225,1,1,M,108.03138
sortedness,0.09,0.09225,1,2,M,110.695732
sortedness,0.09,0.09225,1,3,M,112.512863
sortedness,0.09,0.09225,1,1,H,110.496986
sortedness,0.09,0.09225,1,2,H,110.273381
sortedness,0.09,0.09225,1,3,H,114.045138
sortedness,0.09,0.09225,1,1,R,112.250854
sortedness,0.09,0.09225,1,2,R,105.650474
sortedness,0.09,0.09225,1,3,R,108.024768
sortedness,0.09,0.09475,2,1,I,121.73435
sortedness,0.09,0.09475,2,2,I,122.392605
sortedness,0.09,0.09475,2,3,I,123.138201
sortedness,0.09,0.09475,2,1,Q,115.302651
sortedness,0.09,0.09475,2,2,Q,108.006494
sortedness,0.09,0.09475,2,3,Q,108.091046
sortedness,0.09,0.09475,2,1,M,112.717639
sortedness,0.09,0.09475,2,2,M,110.023517
sortedness,0.09,0.09475,2,3,M,110.872941
sortedness,0.09,0.09475,2,1,H,113.4148
sortedness,0.09,0.09475,2,2,H,111.617149
sortedness,0.09,0.09475,2,3,H,111.664522
sortedness,0.09,0.09475,2,1,R,114.471091
sortedness,0.09,0.09475,2,2,R,113.168554
sortedness,0.09,0.09475,2,3,R,110.300357
sortedness,0.09,0.097,3,1,I,124.125832
sortedness,0.09,0.097,3,2,I,125.571353
sortedness,0.09,0.097,3,3,I,122.286159
sortedness,0.09,0.097,3,1,Q,126.800849
sortedness,0.09,0.097,3,2,Q,110.212317
sortedness,0.09,0.097,3,3,Q,107.119015
sortedness,0.09,0.097,3,1,M,109.571015
sortedness,0.09,0.097,3,2,M,109.343047
sortedness,0.09,0.097,3,3,M,109.487452
sortedness,0.09,0.097,3,1,H,110.874258
sortedness,0.09,0.097,3,2,H,109.36699
sortedness,0.09,0.097,3,3,H,115.900602
sortedness,0.09,0.097,3,1,R,109.471533
sortedness,0.09,0.097,3,2,R,97.616433
sortedness,0.09,0.097,3,3,R,113.485073
sortedness,0.09,0.093,4,1,I,108.726685
sortedness,0.09,0.093,4,2,I,112.347218
sortedness,0.09,0.093,4,3,I,123.175182
sortedness,0.09,0.093,4,1,Q,115.652952
sortedness,0.09,0.093,4,2,Q,112.712611
sortedness,0.09,0.093,4,3,Q,115.604666
sortedness,0.09,0.093,4,1,M,112.201038
sortedness,0.09,0.093,4,2,M,113.977253
sortedness,0.09,0.093,4,3,M,98.891953
sortedness,0.09,0.093,4,1,H,120.077775
sortedness,0.09,0.093,4,2,H,121.931716
sortedness,0.09,0.093,4,3,H,120.757916
sortedness,0.09,0.093,4,1,R,109.215122
sortedness,0.09,0.093,4,2,R,108.112527
sortedness,0.09,0.093,4,3,R,111.530577
sortedness,0.09,0.0845,5,1,I,125.448687
sortedness,0.09,0.0845,5,2,I,123.586719
sortedness,0.09,0.0845,5,3,I,127.186167
sortedness,0.09,0.0845,5,1,Q,123.901874
sortedness,0.09,0.0845,5,2,Q,112.478396
sortedness,0.09,0.0845,5,3,Q,109.640658
sortedness,0.09,0.0845,5,1,M,108.292661
sortedness,0.09,0.0845,5,2,M,111.47615
sortedness,0.09,0.0845,5,3,M,109.456043
sortedness,0.09,0.0845,5,1,H,112.618254
sortedness,0.09,0.0845,5,2,H,110.767976
sortedness,0.09,0.0845,5,3,H,115.085199
sortedness,0.09,0.0845,5,1,R,111.275759
sortedness,0.09,0.0845,5,2,R,110.697542
sortedness,0.09,0.0845,5,3,R,100.5987
sortedness,0.09,0.0835,6,1,I,125.08452
sortedness,0.09,0.0835,6,2,I,145.110419
sortedness,0.09,0.0835,6,3,I,125.817821
sortedness,0.09,0.0835,6,1,Q,110.188538
sortedness,0.09,0.0835,6,2,Q,109.051877
sortedness,0.09,0.0835,6,3,Q,109.763326
sortedness,0.09,0.0835,6,1,M,114.738259
sortedness,0.09,0.0835,6,2,M,112.852303
sortedness,0.09,0.0835,6,3,M,111.311004
sortedness,0.09,0.0835,6,1,H,115.260262
sortedness,0.09,0.0835,6,2,H,109.732606
sortedness,0.09,0.0835,6,3,H,112.216418
sortedness,0.09,0.0835,6,1,R,111.449796
sortedness,0.09,0.0835,6,2,R,109.061702
sortedness,0.09,0.0835,6,3,R,110.124094
sortedness,0.09,0.0855,7,1,I,126.889462
sortedness,0.09,0.0855,7,2,I,126.529207
sortedness,0.09,0.0855,7,3,I,125.167413
sortedness,0.09,0.0855,7,1,Q,109.984404
sortedness,0.09,0.0855,7,2,Q,113.729116
sortedness,0.09,0.0855,7,3,Q,109.865087
sortedness,0.09,0.0855,7,1,M,111.40112
sortedness,0.09,0.0855,7,2,M,111.733093
sortedness,0.09,0.0855,7,3,M,102.520921
sortedness,0.09,0.0855,7,1,H,113.566032
sortedness,0.09,0.0855,7,2,H,108.165479
sortedness,0.09,0.0855,7,3,H,109.585669
sortedness,0.09,0.0855,7,1,R,112.577485
sortedness,0.09,0.0855,7,2,R,115.625938
sortedness,0.09,0.0855,7,3,R,112.976927
sortedness,0.09,0.089,8,1,I,122.819894
sortedness,0.09,0.089,8,2,I,128.579743
sortedness,0.09,0.089,8,3,I,125.700197
sortedness,0.09,0.089,8,1,Q,115.471063
sortedness,0.09,0.089,8,2,Q,114.41608
sortedness,0.09,0.089,8,3,Q,114.959165
sortedness,0.09,0.089,8,1,M,113.531197
sortedness,0.09,0.089,8,2,M,114.238076
sortedness,0.09,0.089,8,3,M,118.783657
sortedness,0.09,0.089,8,1,H,110.306082
sortedness,0.09,0.089,8,2,H,114.644807
sortedness,0.09,0.089,8,3,H,113.592234
sortedness,0.09,0.089,8,1,R,121.463545
sortedness,0.09,0.089,8,2,R,111.503791
sortedness,0.09,0.089,8,3,R,115.033891
sortedness,0.1,0.1015,1,1,I,130.926608
sortedness,0.1,0.1015,1,2,I,133.352542
sortedness,0.1,0.1015,1,3,I,125.514716
sortedness,0.1,0.1015,1,1,Q,114.820501
sortedness,0.1,0.1015,1,2,Q,115.899035
sortedness,0.1,0.1015,1,3,Q,116.256752
sortedness,0.1,0.1015,1,1,M,108.893483
sortedness,0.1,0.1015,1,2,M,111.217299
sortedness,0.1,0.1015,1,3,M,111.906754
sortedness,0.1,0.1015,1,1,H,110.665384
sortedness,0.1,0.1015,1,2,H,108.334614
sortedness,0.1,0.1015,1,3,H,109.477056
sortedness,0.1,0.1015,1,1,R,116.426054
sortedness,0.1,0.1015,1,2,R,113.760719
sortedness,0.1,0.1015,1,3,R,124.262716
sortedness,0.1,0.1,2,1,I,128.722906
sortedness,0.1,0.1,2,2,I,125.482569
sortedness,0.1,0.1,2,3,I,124.524949
sortedness,0.1,0.1,2,1,Q,110.370515
sortedness,0.1,0.1,2,2,Q,108.782167
sortedness,0.1,0.1,2,3,Q,112.362143
sortedness,0.1,0.1,2,1,M,112.497927
sortedness,0.1,0.1,2,2,M,112.487332
sortedness,0.1,0.1,2,3,M,109.879783
sortedness,0.1,0.1,2,1,H,111.099719
sortedness,0.1,0.1,2,2,H,117.299784
sortedness,0.1,0.1,2,3,H,110.668196
sortedness,0.1,0.1,2,1,R,112.868191
sortedness,0.1,0.1,2,2,R,107.900198
sortedness,0.1,0.1,2,3,R,112.646088
sortedness,0.1,0.096,3,1,I,124.749025
sortedness,0.1,0.096,3,2,I,126.960928
sortedness,0.1,0.096,3,3,I,124.346606
sortedness,0.1,0.096,3,1,Q,112.479666
sortedness,0.1,0.096,3,2,Q,118.525113
sortedness,0.1,0.096,3,3,Q,120.634333
sortedness,0.1,0.096,3,1,M,118.163204
sortedness,0.1,0.096,3,2,M,105.114804
sortedness,0.1,0.096,3,3,M,112.418175
sortedness,0.1,0.096,3,1,H,111.1825
sortedness,0.1,0.096,3,2,H,109.366693
sortedness,0.1,0.096,3,3,H,118.444368
sortedness,0.1,0.096,3,1,R,130.517133
sortedness,0.1,0.096,3,2,R,110.69772
sortedness,0.1,0.096,3,3,R,113.485642
sortedness,0.1,0.11325,4,1,I,138.047333
sortedness,0.1,0.11325,4,2,I,133.061516
sortedness,0.1,0.11325,4,3,I,132.440142
sortedness,0.1,0.11325,4,1,Q,111.444123
sortedness,0.1,0.11325,4,2,Q,109.968393
sortedness,0.1,0.11325,4,3,Q,118.942964
sortedness,0.1,0.11325,4,1,M,117.094927
sortedness,0.1,0.11325,4,2,M,118.940467
sortedness,0.1,0.11325,4,3,M,111.516813
sortedness,0.1,0.11325,4,1,H,123.796478
sortedness,0.1,0.11325,4,2,H,117.142129
sortedness,0.1,0.11325,4,3,H,110.998727
sortedness,0.1,0.11325,4,1,R,128.483998
sortedness,0.1,0.11325,4,2,R,112.306044
sortedness,0.1,0.11325,4,3,R,118.643033
sortedness,0.1,0.1025,5,1,I,125.124613
sortedness,0.1,0.1025,5,2,I,126.552485
sortedness,0.1,0.1025,5,3,I,128.711854
sortedness,0.1,0.1025,5,1,Q,122.286305
sortedness,0.1,0.1025,5,2,Q,104.53163
sortedness,0.1,0.1025,5,3,Q,113.745315
sortedness,0.1,0.1025,5,1,M,113.708362
sortedness,0.1,0.1025,5,2,M,110.982632
sortedness,0.1,0.1025,5,3,M,109.912998
sortedness,0.1,0.1025,5,1,H,110.265062
sortedness,0.1,0.1025,5,2,H,104.480012
sortedness,0.1,0.1025,5,3,H,115.310127
sortedness,0.1,0.1025,5,1,R,113.393466
sortedness,0.1,0.1025,5,2,R,111.244472
sortedness,0.1,0.1025,5,3,R,116.071205
sortedness,0.1,0.102,6,1,I,123.625503
sortedness,0.1,0.102,6,2,I,127.247043
sortedness,0.1,0.102,6,3,I,125.480778
sortedness,0.1,0.102,6,1,Q,111.51762
sortedness,0.1,0.102,6,2,Q,111.955807
sortedness,0.1,0.102,6,3,Q,110.870686
sortedness,0.1,0.102,6,1,M,112.319609
sortedness,0.1,0.102,6,2,M,111.754605
sortedness,0.1,0.102,6,3,M,111.430398
sortedness,0.1,0.102,6,1,H,110.459027
sortedness,0.1,0.102,6,2,H,130.344421
sortedness,0.1,0.102,6,3,H,110.953963
sortedness,0.1,0.102,6,1,R,112.51983
sortedness,0.1,0.102,6,2,R,111.693065
sortedness,0.1,0.102,6,3,R,113.403201
sortedness,0.1,0.1055,7,1,I,128.019789
sortedness,0.1,0.1055,7,2,I,123.245347
sortedness,0.1,0.1055,7,3,I,122.996428
sortedness,0.1,0.1055,7,1,Q,112.601837
sortedness,0.1,0.1055,7,2,Q,110.88618
sortedness,0.1,0.1055,7,3,Q,109.465317
sortedness,0.1,0.1055,7,1,M,112.308588
sortedness,0.1,0.1055,7,2,M,113.349957
sortedness,0.1,0.1055,7,3,M,113.731829
sortedness,0.1,0.1055,7,1,H,117.177547
sortedness,0.1,0.1055,7,2,H,110.119996
sortedness,0.1,0.1055,7,3,H,111.957003
sortedness,0.1,0.1055,7,1,R,112.542
sortedness,0.1,0.1055,7,2,R,108.487699
sortedness,0.1,0.1055,7,3,R,111.08028
sortedness,0.1,0.103,8,1,I,127.729651
sortedness,0.1,0.103,8,2,I,125.456465
sortedness,0.1,0.103,8,3,I,128.694615
sortedness,0.1,0.103,8,1,Q,111.357428
sortedness,0.1,0.103,8,2,Q,109.310578
sortedness,0.1,0.103,8,3,Q,111.744019
sortedness,0.1,0.103,8,1,M,111.302871
sortedness,0.1,0.103,8,2,M,115.72689
sortedness,0.1,0.103,8,3,M,110.328744
sortedness,0.1,0.103,8,1,H,114.577533
sortedness,0.1,0.103,8,2,H,108.36129
sortedness,0.1,0.103,8,3,H,109.584724
sortedness,0.1,0.103,8,1,R,111.767956
sortedness,0.1,0.103,8,2,R,111.916112
sortedness,0.1,0.103,8,3,R,113.02203
sortedness,0.11,0.1015,1,1,I,131.477444
sortedness,0.11,0.1015,1,2,I,140.275477
sortedness,0.11,0.1015,1,3,I,128.936053
sortedness,0.11,0.1015,1,1,Q,129.095851
sortedness,0.11,0.1015,1,2,Q,113.587411
sortedness,0.11,0.1015,1,3,Q,116.90152
sortedness,0.11,0.1015,1,1,M,115.730583
sortedness,0.11,0.1015,1,2,M,144.790849
sortedness,0.11,0.1015,1,3,M,121.80494
sortedness,0.11,0.1015,1,1,H,111.037431
sortedness,0.11,0.1015,1,2,H,115.015163
sortedness,0.11,0.1015,1,3,H,120.317703
sortedness,0.11,0.1015,1,1,R,112.566172
sortedness,0.11,0.1015,1,2,R,103.818597
sortedness,0.11,0.1015,1,3,R,114.752045
sortedness,0.11,0.1105,2,1,I,122.885251
sortedness,0.11,0.1105,2,2,I,129.787069
sortedness,0.11,0.1105,2,3,I,124.223881
sortedness,0.11,0.1105,2,1,Q,120.392996
sortedness,0.11,0.1105,2,2,Q,112.071247
sortedness,0.11,0.1105,2,3,Q,115.101254
sortedness,0.11,0.1105,2,1,M,121.209223
sortedness,0.11,0.1105,2,2,M,113.942977
sortedness,0.11,0.1105,2,3,M,112.795766
sortedness,0.11,0.1105,2,1,H,117.747054
sortedness,0.11,0.1105,2,2,H,111.218952
sortedness,0.11,0.1105,2,3,H,111.202869
sortedness,0.11,0.1105,2,1,R,119.084994
sortedness,0.11,0.1105,2,2,R,115.765347
sortedness,0.11,0.1105,2,3,R,115.954202
sortedness,0.11,0.108,3,1,I,127.000354
sortedness,0.11,0.108,3,2,I,121.219066
sortedness,0.11,0.108,3,3,I,122.109694
sortedness,0.11,0.108,3,1,Q,113.653729
sortedness,0.11,0.108,3,2,Q,112.747116
sortedness,0.11,0.108,3,3,Q,102.728014
sortedness,0.11,0.108,3,1,M,109.56044
sortedness,0.11,0.108,3,2,M,111.137788
sortedness,0.11,0.108,3,3,M,110.69974
sortedness,0.11,0.108,3,1,H,111.479875
sortedness,0.11,0.108,3,2,H,109.276789
sortedness,0.11,0.108,3,3,H,119.79065
sortedness,0.11,0.108,3,1,R,123.423692
sortedness,0.11,0.108,3,2,R,120.418632
sortedness,0.11,0.108,3,3,R,105.08161
sortedness,0.11,0.10925,4,1,I,130.271537
sortedness,0.11,0.10925,4,2,I,132.141559
sortedness,0.11,0.10925,4,3,I,125.703057
sortedness,0.11,0.10925,4,1,Q,119.093117
sortedness,0.11,0.10925,4,2,Q,133.031439
sortedness,0.11,0.10925,4,3,Q,112.038139
sortedness,0.11,0.10925,4,1,M,111.613097
sortedness,0.11,0.10925,4,2,M,118.94002
sortedness,0.11,0.10925,4,3,M,124.263521
sortedness,0.11,0.10925,4,1,H,116.179779
sortedness,0.11,0.10925,4,2,H,113.611192
sortedness,0.11,0.10925,4,3,H,119.692811
sortedness,0.11,0.10925,4,1,R,113.976985
sortedness,0.11,0.10925,4,2,R,115.421792
sortedness,0.11,0.10925,4,3,R,111.67378
sortedness,0.11,0.108,5,1,I,120.640668
sortedness,0.11,0.108,5,2,I,139.771698
sortedness,0.11,0.108,5,3,I,131.537462
sortedness,0.11,0.108,5,1,Q,126.284409
sortedness,0.11,0.108,5,2,Q,113.744925
sortedness,0.11,0.108,5,3,Q,113.779612
sortedness,0.11,0.108,5,1,M,113.639772
sortedness,0.11,0.108,5,2,M,116.306718
sortedness,0.11,0.108,5,3,M,117.547967
sortedness,0.11,0.108,5,1,H,110.51547
sortedness,0.11,0.108,5,2,H,103.426004
sortedness,0.11,0.108,5,3,H,131.541255
sortedness,0.11,0.108,5,1,R,109.254991
sortedness,0.11,0.108,5,2,R,99.929785
sortedness,0.11,0.108,5,3,R,117.091366
sortedness,0.11,0.11425,6,1,I,151.408212
sortedness,0.11,0.11425,6,2,I,187.719487
sortedness,0.11,0.11425,6,3,I,144.818525
sortedness,0.11,0.11425,6,1,Q,113.06397
sortedness,0.11,0.11425,6,2,Q,127.811116
sortedness,0.11,0.11425,6,3,Q,119.730419
sortedness,0.11,0.11425,6,1,M,122.870101
sortedness,0.11,0.11425,6,2,M,123.636644
sortedness,0.11,0.11425,6,3,M,123.53748
sortedness,0.11,0.11425,6,1,H,112.289107
sortedness,0.11,0.11425,6,2,H,113.465991
sortedness,0.11,0.11425,6,3,H,100.633082
sortedness,0.11,0.11425,6,1,R,124.092506
sortedness,0.11,0.11425,6,2,R,115.788764
sortedness,0.11,0.11425,6,3,R,122.159377
sortedness,0.11,0.10925,7,1,I,146.420428
sortedness,0.11,0.10925,7,2,I,135.77094
sortedness,0.11,0.10925,7,3,I,129.918684
sortedness,0.11,0.10925,7,1,Q,110.948181
sortedness,0.11,0.10925,7,2,Q,110.781117
sortedness,0.11,0.10925,7,3,Q,114.028748
sortedness,0.11,0.10925,7,1,M,116.732474
sortedness,0.11,0.10925,7,2,M,117.364823
sortedness,0.11,0.10925,7,3,M,116.095772
sortedness,0.11,0.10925,7,1,H,117.571468
sortedness,0.11,0.10925,7,2,H,116.735168
sortedness,0.11,0.10925,7,3,H,113.982233
sortedness,0.11,0.10925,7,1,R,114.702655
sortedness,0.11,0.10925,7,2,R,117.13969
sortedness,0.11,0.10925,7,3,R,122.808172
sortedness,0.11,0.1145,8,1,I,123.454874
sortedness,0.11,0.1145,8,2,I,129.257948
sortedness,0.11,0.1145,8,3,I,116.933006
sortedness,0.11,0.1145,8,1,Q,100.026238
sortedness,0.11,0.1145,8,2,Q,109.703082
sortedness,0.11,0.1145,8,3,Q,110.705173
sortedness,0.11,0.1145,8,1,M,113.111515
sortedness,0.11,0.1145,8,2,M,111.929441
sortedness,0.11,0.1145,8,3,M,110.685606
sortedness,0.11,0.1145,8,1,H,115.11605
sortedness,0.11,0.1145,8,2,H,112.639546
sortedness,0.11,0.1145,8,3,H,110.160512
sortedness,0.11,0.1145,8,1,R,112.151946
sortedness,0.11,0.1145,8,2,R,110.231728
sortedness,0.11,0.1145,8,3,R,172.48222
sortedness,0.11,0.106,9,1,I,128.254713
sortedness,0.11,0.106,9,2,I,142.707712
sortedness,0.11,0.106,9,3,I,125.075139
sortedness,0.11,0.106,9,1,Q,116.987824
sortedness,0.11,0.106,9,2,Q,116.588865
sortedness,0.11,0.106,9,3,Q,112.641827
sortedness,0.11,0.106,9,1,M,113.825077
sortedness,0.11,0.106,9,2,M,111.336634
sortedness,0.11,0.106,9,3,M,114.30311
sortedness,0.11,0.106,9,1,H,109.901967
sortedness,0.11,0.106,9,2,H,111.894443
sortedness,0.11,0.106,9,3,H,110.965763
sortedness,0.11,0.106,9,1,R,131.628567
sortedness,0.11,0.106,9,2,R,118.758669
sortedness,0.11,0.106,9,3,R,117.174038
sortedness,0.11,0.109,10,1,I,129.436278
sortedness,0.11,0.109,10,2,I,127.516908
sortedness,0.11,0.109,10,3,I,125.109105
sortedness,0.11,0.109,10,1,Q,112.601062
sortedness,0.11,0.109,10,2,Q,99.106714
sortedness,0.11,0.109,10,3,Q,116.02251
sortedness,0.11,0.109,10,1,M,122.711411
sortedness,0.11,0.109,10,2,M,125.215828
sortedness,0.11,0.109,10,3,M,116.537256
sortedness,0.11,0.109,10,1,H,101.016184
sortedness,0.11,0.109,10,2,H,112.978739
sortedness,0.11,0.109,10,3,H,116.715284
sortedness,0.11,0.109,10,1,R,111.987199
sortedness,0.11,0.109,10,2,R,114.192476
sortedness,0.11,0.109,10,3,R,118.584014
sortedness,0.11,0.1115,11,1,I,131.484045
sortedness,0.11,0.1115,11,2,I,131.352675
sortedness,0.11,0.1115,11,3,I,127.619559
sortedness,0.11,0.1115,11,1,Q,121.419126
sortedness,0.11,0.1115,11,2,Q,118.575371
sortedness,0.11,0.1115,11,3,Q,125.22414
sortedness,0.11,0.1115,11,1,M,110.417942
sortedness,0.11,0.1115,11,2,M,109.54606
sortedness,0.11,0.1115,11,3,M,117.295664
sortedness,0.11,0.1115,11,1,H,111.904494
sortedness,0.11,0.1115,11,2,H,110.09925
sortedness,0.11,0.1115,11,3,H,111.900646
sortedness,0.11,0.1115,11,1,R,114.423064
sortedness,0.11,0.1115,11,2,R,110.938604
sortedness,0.11,0.1115,11,3,R,115.530505
sortedness,0.12,0.12125,1,1,I,126.867484
sortedness,0.12,0.12125,1,2,I,135.875152
sortedness,0.12,0.12125,1,3,I,135.653697
sortedness,0.12,0.12125,1,1,Q,114.167039
sortedness,0.12,0.12125,1,2,Q,130.308419
sortedness,0.12,0.12125,1,3,Q,129.109786
sortedness,0.12,0.12125,1,1,M,127.005777
sortedness,0.12,0.12125,1,2,M,127.667579
sortedness,0.12,0.12125,1,3,M,110.34575
sortedness,0.12,0.12125,1,1,H,122.886564
sortedness,0.12,0.12125,1,2,H,107.407666
sortedness,0.12,0.12125,1,3,H,124.940434
sortedness,0.12,0.12125,1,1,R,120.049501
sortedness,0.12,0.12125,1,2,R,119.562204
sortedness,0.12,0.12125,1,3,R,116.275741
sortedness,0.12,0.1115,2,1,I,146.070787
sortedness,0.12,0.1115,2,2,I,139.852291
sortedness,0.12,0.1115,2,3,I,124.741587
sortedness,0.12,0.1115,2,1,Q,115.819682
sortedness,0.12,0.1115,2,2,Q,116.593326
sortedness,0.12,0.1115,2,3,Q,122.83124
sortedness,0.12,0.1115,2,1,M,124.096814
sortedness,0.12,0.1115,2,2,M,122.452744
sortedness,0.12,0.1115,2,3,M,132.947004
sortedness,0.12,0.1115,2,1,H,125.040696
sortedness,0.12,0.1115,2,2,H,122.611444
sortedness,0.12,0.1115,2,3,H,126.234923
sortedness,0.12,0.1115,2,1,R,123.905894
sortedness,0.12,0.1115,2,2,R,120.498344
sortedness,0.12,0.1115,2,3,R,125.281448
sortedness,0.12,0.13,3,1,I,125.777303
sortedness,0.12,0.13,3,2,I,122.74377
sortedness,0.12,0.13,3,3,I,126.764288
sortedness,0.12,0.13,3,1,Q,119.812244
sortedness,0.12,0.13,3,2,Q,110.323036
sortedness,0.12,0.13,3,3,Q,99.595224
sortedness,0.12,0.13,3,1,M,111.619483
sortedness,0.12,0.13,3,2,M,111.456421
sortedness,0.12,0.13,3,3,M,112.493323
sortedness,0.12,0.13,3,1,H,110.843911
sortedness,0.12,0.13,3,2,H,118.756448
sortedness,0.12,0.13,3,3,H,116.516184
sortedness,0.12,0.13,3,1,R,113.08919
sortedness,0.12,0.13,3,2,R,116.154391
sortedness,0.12,0.13,3,3,R,114.869513
sortedness,0.12,0.11725,4,1,I,137.069674
sortedness,0.12,0.11725,4,2,I,126.423134
sortedness,0.12,0.11725,4,3,I,132.728056
sortedness,0.12,0.11725,4,1,Q,100.58097
sortedness,0.12,0.11725,4,2,Q,112.56003
sortedness,0.12,0.11725,4,3,Q,133.23941
sortedness,0.12,0.11725,4,1,M,115.196337
sortedness,0.12,0.11725,4,2,M,121.071958
sortedness,0.12,0.11725,4,3,M,111.724637
sortedness,0.12,0.11725,4,1,H,117.472035
sortedness,0.12,0.11725,4,2,H,124.645496
sortedness,0.12,0.11725,4,3,H,123.574135
sortedness,0.12,0.11725,4,1,R,119.653237
sortedness,0.12,0.11725,4,2,R,119.626198
sortedness,0.12,0.11725,4,3,R,99.128242
sortedness,0.12,0.123,5,1,I,128.160571
sortedness,0.12,0.123,5,2,I,126.744841
sortedness,0.12,0.123,5,3,I,133.103875
sortedness,0.12,0.123,5,1,Q,114.645531
sortedness,0.12,0.123,5,2,Q,116.401917
sortedness,0.12,0.123,5,3,Q,112.395695
sortedness,0.12,0.123,5,1,M,114.178232
sortedness,0.12,0.123,5,2,M,108.137486
sortedness,0.12,0.123,5,3,M,111.359427
sortedness,0.12,0.123,5,1,H,116.545736
sortedness,0.12,0.123,5,2,H,109.886144
sortedness,0.12,0.123,5,3,H,111.986022
sortedness,0.12,0.123,5,1,R,110.325444
sortedness,0.12,0.123,5,2,R,124.555931
sortedness,0.12,0.123,5,3,R,112.439102
sortedness,0.12,0.1165,6,1,I,127.053864
sortedness,0.12,0.1165,6,2,I,125.342937
sortedness,0.12,0.1165,6,3,I,128.996122
sortedness,0.12,0.1165,6,1,Q,114.026783
sortedness,0.12,0.1165,6,2,Q,118.620021
sortedness,0.12,0.1165,6,3,Q,123.394591
sortedness,0.12,0.1165,6,1,M,119.800949
sortedness,0.12,0.1165,6,2,M,109.888712
sortedness,0.12,0.1165,6,3,M,108.547074
sortedness,0.12,0.1165,6,1,H,113.779123
sortedness,0.12,0.1165,6,2,H,114.202836
sortedness,0.12,0.1165,6,3,H,117.297826
sortedness,0.12,0.1165,6,1,R,114.354623
sortedness,0.12,0.1165,6,2,R,116.245041
sortedness,0.12,0.1165,6,3,R,119.062855
sortedness,0.12,0.115,7,1,I,142.941771
sortedness,0.12,0.115,7,2,I,123.94587
sortedness,0.12,0.115,7,3,I,136.539686
sortedness,0.12,0.115,7,1,Q,114.835938
sortedness,0.12,0.115,7,2,Q,114.150627
sortedness,0.12,0.115,7,3,Q,111.146252
sortedness,0.12,0.115,7,1,M,110.114042
sortedness,0.12,0.115,7,2,M,111.692131
sortedness,0.12,0.115,7,3,M,116.232673
sortedness,0.12,0.115,7,1,H,113.636442
sortedness,0.12,0.115,7,2,H,112.49294
sortedness,0.12,0.115,7,3,H,111.316903
sortedness,0.12,0.115,7,1,R,109.436604
sortedness,0.12,0.115,7,2,R,112.654411
sortedness,0.12,0.115,7,3,R,125.473306
sortedness,0.12,0.11475,8,1,I,135.826778
sortedness,0.12,0.11475,8,2,I,122.146605
sortedness,0.12,0.11475,8,3,I,124.50032
sortedness,0.12,0.11475,8,1,Q,113.588199
sortedness,0.12,0.11475,8,2,Q,110.899537
sortedness,0.12,0.11475,8,3,Q,113.973954
sortedness,0.12,0.11475,8,1,M,113.348922
sortedness,0.12,0.11475,8,2,M,115.382847
sortedness,0.12,0.11475,8,3,M,112.392072
sortedness,0.12,0.11475,8,1,H,110.448577
sortedness,0.12,0.11475,8,2,H,113.870728
sortedness,0.12,0.11475,8,3,H,108.472865
sortedness,0.12,0.11475,8,1,R,113.726969
sortedness,0.12,0.11475,8,2,R,109.700927
sortedness,0.12,0.11475,8,3,R,109.529712
sortedness,0.13,0.13775,1,1,I,127.035158
sortedness,0.13,0.13775,1,2,I,123.474138
sortedness,0.13,0.13775,1,3,I,124.833424
sortedness,0.13,0.13775,1,1,Q,112.392196
sortedness,0.13,0.13775,1,2,Q,112.418356
sortedness,0.13,0.13775,1,3,Q,107.893966
sortedness,0.13,0.13775,1,1,M,112.299979
sortedness,0.13,0.13775,1,2,M,111.945343
sortedness,0.13,0.13775,1,3,M,117.700771
sortedness,0.13,0.13775,1,1,H,112.106445
sortedness,0.13,0.13775,1,2,H,110.708607
sortedness,0.13,0.13775,1,3,H,109.025441
sortedness,0.13,0.13775,1,1,R,117.021829
sortedness,0.13,0.13775,1,2,R,115.466025
sortedness,0.13,0.13775,1,3,R,101.040735
sortedness,0.13,0.13675,2,1,I,138.268252
sortedness,0.13,0.13675,2,2,I,123.383501
sortedness,0.13,0.13675,2,3,I,127.07857
sortedness,0.13,0.13675,2,1,Q,109.742181
sortedness,0.13,0.13675,2,2,Q,110.293498
sortedness,0.13,0.13675,2,3,Q,115.08434
sortedness,0.13,0.13675,2,1,M,113.040654
sortedness,0.13,0.13675,2,2,M,113.306555
sortedness,0.13,0.13675,2,3,M,116.190416
sortedness,0.13,0.13675,2,1,H,109.668202
sortedness,0.13,0.13675,2,2,H,112.796456
sortedness,0.13,0.13675,2,3,H,115.680767
sortedness,0.13,0.13675,2,1,R,115.258866
sortedness,0.13,0.13675,2,2,R,113.381789
sortedness,0.13,0.13675,2,3,R,110.090273
sortedness,0.13,0.1305,3,1,I,115.704331
sortedness,0.13,0.1305,3,2,I,123.519709
sortedness,0.13,0.1305,3,3,I,129.279275
sortedness,0.13,0.1305,3,1,Q,116.531746
sortedness,0.13,0.1305,3,2,Q,115.725681
sortedness,0.13,0.1305,3,3,Q,119.283866
sortedness,0.13,0.1305,3,1,M,113.287208
sortedness,0.13,0.1305,3,2,M,123.47712
sortedness,0.13,0.1305,3,3,M,118.635003
sortedness,0.13,0.1305,3,1,H,100.754173
sortedness,0.13,0.1305,3,2,H,107.331317
sortedness,0.13,0.1305,3,3,H,120.788544
sortedness,0.13,0.1305,3,1,R,116.867189
sortedness,0.13,0.1305,3,2,R,114.603814
sortedness,0.13,0.1305,3,3,R,111.854912
sortedness,0.13,0.127,4,1,I,120.757177
sortedness,0.13,0.127,4,2,I,129.437804
sortedness,0.13,0.127,4,3,I,127.690361
sortedness,0.13,0.127,4,1,Q,108.218576
sortedness,0.13,0.127,4,2,Q,105.718181
sortedness,0.13,0.127,4,3,Q,114.521204
sortedness,0.13,0.127,4,1,M,113.494151
sortedness,0.13,0.127,4,2,M,116.830393
sortedness,0.13,0.127,4,3,M,114.21767
sortedness,0.13,0.127,4,1,H,118.708829
sortedness,0.13,0.127,4,2,H,110.86722
sortedness,0.13,0.127,4,3,H,164.069412
sortedness,0.13,0.127,4,1,R,112.095381
sortedness,0.13,0.127,4,2,R,128.193458
sortedness,0.13,0.127,4,3,R,115.701087
sortedness,0.13,0.13425,5,1,I,123.83814
sortedness,0.13,0.13425,5,2,I,130.303951
sortedness,0.13,0.13425,5,3,I,135.269647
sortedness,0.13,0.13425,5,1,Q,113.666349
sortedness,0.13,0.13425,5,2,Q,118.343596
sortedness,0.13,0.13425,5,3,Q,107.156374
sortedness,0.13,0.13425,5,1,M,110.811576
sortedness,0.13,0.13425,5,2,M,114.157951
sortedness,0.13,0.13425,5,3,M,114.536565
sortedness,0.13,0.13425,5,1,H,112.752475
sortedness,0.13,0.13425,5,2,H,113.310155
sortedness,0.13,0.13425,5,3,H,110.167916
sortedness,0.13,0.13425,5,1,R,109.435
sortedness,0.13,0.13425,5,2,R,107.742919
sortedness,0.13,0.13425,5,3,R,110.319722
sortedness,0.13,0.12875,6,1,I,123.630145
sortedness,0.13,0.12875,6,2,I,115.595604
sortedness,0.13,0.12875,6,3,I,114.234622
sortedness,0.13,0.12875,6,1,Q,111.360982
sortedness,0.13,0.12875,6,2,Q,119.190148
sortedness,0.13,0.12875,6,3,Q,111.46774
sortedness,0.13,0.12875,6,1,M,114.460359
sortedness,0.13,0.12875,6,2,M,113.833866
sortedness,0.13,0.12875,6,3,M,111.856826
sortedness,0.13,0.12875,6,1,H,110.015147
sortedness,0.13,0.12875,6,2,H,112.453399
sortedness,0.13,0.12875,6,3,H,111.38246
sortedness,0.13,0.12875,6,1,R,107.765199
sortedness,0.13,0.12875,6,2,R,110.613939
sortedness,0.13,0.12875,6,3,R,115.074622
sortedness,0.13,0.1305,7,1,I,125.224246
sortedness,0.13,0.1305,7,2,I,131.131804
sortedness,0.13,0.1305,7,3,I,113.946646
sortedness,0.13,0.1305,7,1,Q,118.963992
sortedness,0.13,0.1305,7,2,Q,110.48732
sortedness,0.13,0.1305,7,3,Q,109.841793
sortedness,0.13,0.1305,7,1,M,110.337537
sortedness,0.13,0.1305,7,2,M,112.622004
sortedness,0.13,0.1305,7,3,M,109.612827
sortedness,0.13,0.1305,7,1,H,110.919476
sortedness,0.13,0.1305,7,2,H,107.97017
sortedness,0.13,0.1305,7,3,H,117.889069
sortedness,0.13,0.1305,7,1,R,109.404683
sortedness,0.13,0.1305,7,2,R,109.878973
sortedness,0.13,0.1305,7,3,R,108.127819
sortedness,0.13,0.12525,8,1,I,123.60962
sortedness,0.13,0.12525,8,2,I,120.14467
sortedness,0.13,0.12525,8,3,I,124.218341
sortedness,0.13,0.12525,8,1,Q,110.818219
sortedness,0.13,0.12525,8,2,Q,111.929566
sortedness,0.13,0.12525,8,3,Q,110.299226
sortedness,0.13,0.12525,8,1,M,108.967285
sortedness,0.13,0.12525,8,2,M,113.750508
sortedness,0.13,0.12525,8,3,M,116.04719
sortedness,0.13,0.12525,8,1,H,108.358297
sortedness,0.13,0.12525,8,2,H,111.474687
sortedness,0.13,0.12525,8,3,H,109.212646
sortedness,0.13,0.12525,8,1,R,99.113502
sortedness,0.13,0.12525,8,2,R,106.92008
sortedness,0.13,0.12525,8,3,R,114.52802
sortedness,0.14,0.14075,1,1,I,121.766699
sortedness,0.14,0.14075,1,2,I,127.85246
sortedness,0.14,0.14075,1,3,I,123.232552
sortedness,0.14,0.14075,1,1,Q,127.933089
sortedness,0.14,0.14075,1,2,Q,107.327596
sortedness,0.14,0.14075,1,3,Q,113.282551
sortedness,0.14,0.14075,1,1,M,115.949108
sortedness,0.14,0.14075,1,2,M,111.275698
sortedness,0.14,0.14075,1,3,M,110.841569
sortedness,0.14,0.14075,1,1,H,124.33314
sortedness,0.14,0.14075,1,2,H,110.436635
sortedness,0.14,0.14075,1,3,H,109.579671
sortedness,0.14,0.14075,1,1,R,121.028604
sortedness,0.14,0.14075,1,2,R,111.587474
sortedness,0.14,0.14075,1,3,R,111.057587
sortedness,0.14,0.1415,2,1,I,127.197697
sortedness,0.14,0.1415,2,2,I,127.817294
sortedness,0.14,0.1415,2,3,I,126.787732
sortedness,0.14,0.1415,2,1,Q,117.715451
sortedness,0.14,0.1415,2,2,Q,112.33734
sortedness,0.14,0.1415,2,3,Q,126.192991
sortedness,0.14,0.1415,2,1,M,111.521129
sortedness,0.14,0.1415,2,2,M,110.456391
sortedness,0.14,0.1415,2,3,M,125.462951
sortedness,0.14,0.1415,2,1,H,114.287821
sortedness,0.14,0.1415,2,2,H,113.364652
sortedness,0.14,0.1415,2,3,H,108.686472
sortedness,0.14,0.1415,2,1,R,113.853099
sortedness,0.14,0.1415,2,2,R,109.027012
sortedness,0.14,0.1415,2,3,R,112.158678
sortedness,0.14,0.134,3,1,I,124.803932
sortedness,0.14,0.134,3,2,I,125.345226
sortedness,0.14,0.134,3,3,I,124.241952
sortedness,0.14,0.134,3,1,Q,96.700774
sortedness,0.14,0.134,3,2,Q,116.209348
sortedness,0.14,0.134,3,3,Q,111.661336
sortedness,0.14,0.134,3,1,M,117.863457
sortedness,0.14,0.134,3,2,M,108.148593
sortedness,0.14,0.134,3,3,M,114.89113
sortedness,0.14,0.134,3,1,H,107.71525
sortedness,0.14,0.134,3,2,H,116.043154
sortedness,0.14,0.134,3,3,H,122.187622
sortedness,0.14,0.134,3,1,R,121.422687
sortedness,0.14,0.134,3,2,R,120.014673
sortedness,0.14,0.134,3,3,R,120.47107
sortedness,0.14,0.137,4,1,I,134.066948
sortedness,0.14,0.137,4,2,I,145.27321
sortedness,0.14,0.137,4,3,I,154.413302
sortedness,0.14,0.137,4,1,Q,128.496469
sortedness,0.14,0.137,4,2,Q,121.15066
sortedness,0.14,0.137,4,3,Q,120.485959
sortedness,0.14,0.137,4,1,M,117.872991
sortedness,0.14,0.137,4,2,M,121.350127
sortedness,0.14,0.137,4,3,M,118.429995
sortedness,0.14,0.137,4,1,H,120.431931
sortedness,0.14,0.137,4,2,H,117.344901
sortedness,0.14,0.137,4,3,H,134.828383
sortedness,0.14,0.137,4,1,R,139.650992
sortedness,0.14,0.137,4,2,R,113.068998
sortedness,0.14,0.137,4,3,R,113.29635
sortedness,0.14,0.134,5,1,I,127.388263
sortedness,0.14,0.134,5,2,I,123.501622
sortedness,0.14,0.134,5,3,I,125.081813
sortedness,0.14,0.134,5,1,Q,108.023023
sortedness,0.14,0.134,5,2,Q,107.318817
sortedness,0.14,0.134,5,3,Q,114.84324
sortedness,0.14,0.134,5,1,M,97.228363
sortedness,0.14,0.134,5,2,M,110.651782
sortedness,0.14,0.134,5,3,M,112.93295
sortedness,0.14,0.134,5,1,H,109.060063
sortedness,0.14,0.134,5,2,H,108.614696
sortedness,0.14,0.134,5,3,H,113.271149
sortedness,0.14,0.134,5,1,R,107.739557
sortedness,0.14,0.134,5,2,R,110.003476
sortedness,0.14,0.134,5,3,R,105.989096
sortedness,0.14,0.134,6,1,I,120.111281
sortedness,0.14,0.134,6,2,I,123.208607
sortedness,0.14,0.134,6,3,I,121.670739
sortedness,0.14,0.134,6,1,Q,111.797336
sortedness,0.14,0.134,6,2,Q,114.211939
sortedness,0.14,0.134,6,3,Q,113.669008
sortedness,0.14,0.134,6,1,M,115.431131
sortedness,0.14,0.134,6,2,M,110.564996
sortedness,0.14,0.134,6,3,M,110.13726
sortedness,0.14,0.134,6,1,H,109.318467
sortedness,0.14,0.134,6,2,H,107.979924
sortedness,0.14,0.134,6,3,H,108.632763
sortedness,0.14,0.134,6,1,R,110.734959
sortedness,0.14,0.134,6,2,R,110.015704
sortedness,0.14,0.134,6,3,R,112.17809
sortedness,0.14,0.13525,7,1,I,123.639673
sortedness,0.14,0.13525,7,2,I,122.463378
sortedness,0.14,0.13525,7,3,I,124.395712
sortedness,0.14,0.13525,7,1,Q,107.554864
sortedness,0.14,0.13525,7,2,Q,107.510779
sortedness,0.14,0.13525,7,3,Q,111.122847
sortedness,0.14,0.13525,7,1,M,111.737339
sortedness,0.14,0.13525,7,2,M,110.99188
sortedness,0.14,0.13525,7,3,M,109.363915
sortedness,0.14,0.13525,7,1,H,114.578727
sortedness,0.14,0.13525,7,2,H,114.038019
sortedness,0.14,0.13525,7,3,H,113.660653
sortedness,0.14,0.13525,7,1,R,114.762597
sortedness,0.14,0.13525,7,2,R,111.726101
sortedness,0.14,0.13525,7,3,R,118.099882
sortedness,0.14,0.137,8,1,I,128.507718
sortedness,0.14,0.137,8,2,I,125.207581
sortedness,0.14,0.137,8,3,I,126.349046
sortedness,0.14,0.137,8,1,Q,130.8364
sortedness,0.14,0.137,8,2,Q,115.773526
sortedness,0.14,0.137,8,3,Q,108.428979
sortedness,0.14,0.137,8,1,M,108.772362
sortedness,0.14,0.137,8,2,M,118.193041
sortedness,0.14,0.137,8,3,M,133.472154
sortedness,0.14,0.137,8,1,H,115.138898
sortedness,0.14,0.137,8,2,H,135.222641
sortedness,0.14,0.137,8,3,H,118.486024
sortedness,0.14,0.137,8,1,R,111.276074
sortedness,0.14,0.137,8,2,R,109.420426
sortedness,0.14,0.137,8,3,R,113.557645
sortedness,0.15,0.13725,1,1,I,124.466118
sortedness,0.15,0.13725,1,2,I,126.262076
sortedness,0.15,0.13725,1,3,I,124.647388
sortedness,0.15,0.13725,1,1,Q,109.314468
sortedness,0.15,0.13725,1,2,Q,109.930575
sortedness,0.15,0.13725,1,3,Q,122.560794
sortedness,0.15,0.13725,1,1,M,112.304341
sortedness,0.15,0.13725,1,2,M,110.286494
sortedness,0.15,0.13725,1,3,M,113.003162
sortedness,0.15,0.13725,1,1,H,112.190736
sortedness,0.15,0.13725,1,2,H,113.390846
sortedness,0.15,0.13725,1,3,H,115.979056
sortedness,0.15,0.13725,1,1,R,112.954735
sortedness,0.15,0.13725,1,2,R,105.668268
sortedness,0.15,0.13725,1,3,R,116.08602
sortedness,0.15,0.1495,2,1,I,143.296187
sortedness,0.15,0.1495,2,2,I,123.171414
sortedness,0.15,0.1495,2,3,I,126.251144
sortedness,0.15,0.1495,2,1,Q,124.13033
sortedness,0.15,0.1495,2,2,Q,116.308255
sortedness,0.15,0.1495,2,3,Q,114.421577
sortedness,0.15,0.1495,2,1,M,117.300609
sortedness,0.15,0.1495,2,2,M,112.489906
sortedness,0.15,0.1495,2,3,M,119.181299
sortedness,0.15,0.1495,2,1,H,116.51396
sortedness,0.15,0.1495,2,2,H,113.251479
sortedness,0.15,0.1495,2,3,H,112.383577
sortedness,0.15,0.1495,2,1,R,124.238283
sortedness,0.15,0.1495,2,2,R,102.465055
sortedness,0.15,0.1495,2,3,R,117.078955
sortedness,0.15,0.152,3,1,I,137.210046
sortedness,0.15,0.152,3,2,I,124.811933
sortedness,0.15,0.152,3,3,I,125.979051
sortedness,0.15,0.152,3,1,Q,111.108803
sortedness,0.15,0.152,3,2,Q,114.17675
sortedness,0.15,0.152,3,3,Q,111.374699
sortedness,0.15,0.152,3,1,M,111.844321
sortedness,0.15,0.152,3,2,M,122.331332
sortedness,0.15,0.152,3,3,M,108.225917
sortedness,0.15,0.152,3,1,H,122.074886
sortedness,0.15,0.152,3,2,H,113.300029
sortedness,0.15,0.152,3,3,H,111.177503
sortedness,0.15,0.152,3,1,R,113.710204
sortedness,0.15,0.152,3,2,R,109.45808
sortedness,0.15,0.152,3,3,R,109.585142
sortedness,0.15,0.14875,4,1,I,122.883053
sortedness,0.15,0.14875,4,2,I,136.323642
sortedness,0.15,0.14875,4,3,I,127.058748
sortedness,0.15,0.14875,4,1,Q,118.22014
sortedness,0.15,0.14875,4,2,Q,114.938169
sortedness,0.15,0.14875,4,3,Q,120.836523
sortedness,0.15,0.14875,4,1,M,107.217954
sortedness,0.15,0.14875,4,2,M,126.476638
sortedness,0.15,0.14875,4,3,M,111.759589
sortedness,0.15,0.14875,4,1,H,116.549373
sortedness,0.15,0.14875,4,2,H,122.676348
sortedness,0.15,0.14875,4,3,H,119.594422
sortedness,0.15,0.14875,4,1,R,116.527366
sortedness,0.15,0.14875,4,2,R,109.271235
sortedness,0.15,0.14875,4,3,R,115.417705
sortedness,0.15,0.146,5,1,I,119.604541
sortedness,0.15,0.146,5,2,I,123.679828
sortedness,0.15,0.146,5,3,I,122.765166
sortedness,0.15,0.146,5,1,Q,110.113582
sortedness,0.15,0.146,5,2,Q,113.176984
sortedness,0.15,0.146,5,3,Q,113.796382
sortedness,0.15,0.146,5,1,M,114.220083
sortedness,0.15,0.146,5,2,M,115.354289
sortedness,0.15,0.146,5,3,M,112.620335
sortedness,0.15,0.146,5,1,H,113.019824
sortedness,0.15,0.146,5,2,H,114.95137
sortedness,0.15,0.146,5,3,H,109.988016
sortedness,0.15,0.146,5,1,R,110.007902
sortedness,0.15,0.146,5,2,R,121.409247
sortedness,0.15,0.146,5,3,R,108.462258
sortedness,0.15,0.1425,6,1,I,123.380244
sortedness,0.15,0.1425,6,2,I,137.97663
sortedness,0.15,0.1425,6,3,I,127.999933
sortedness,0.15,0.1425,6,1,Q,113.820522
sortedness,0.15,0.1425,6,2,Q,101.159142
sortedness,0.15,0.1425,6,3,Q,107.5755
sortedness,0.15,0.1425,6,1,M,107.270311
sortedness,0.15,0.1425,6,2,M,112.53933
sortedness,0.15,0.1425,6,3,M,113.942181
sortedness,0.15,0.1425,6,1,H,113.126633
sortedness,0.15,0.1425,6,2,H,112.69128
sortedness,0.15,0.1425,6,3,H,114.419626
sortedness,0.15,0.1425,6,1,R,113.296021
sortedness,0.15,0.1425,6,2,R,108.406464
sortedness,0.15,0.1425,6,3,R,112.954767
sortedness,0.15,0.1535,7,1,I,126.505078
sortedness,0.15,0.1535,7,2,I,131.208994
sortedness,0.15,0.1535,7,3,I,123.311757
sortedness,0.15,0.1535,7,1,Q,110.040768
sortedness,0.15,0.1535,7,2,Q,108.915077
sortedness,0.15,0.1535,7,3,Q,109.900638
sortedness,0.15,0.1535,7,1,M,110.767796
sortedness,0.15,0.1535,7,2,M,108.708497
sortedness,0.15,0.1535,7,3,M,108.114613
sortedness,0.15,0.1535,7,1,H,110.611654
sortedness,0.15,0.1535,7,2,H,109.372203
sortedness,0.15,0.1535,7,3,H,109.154189
sortedness,0.15,0.1535,7,1,R,107.198678
sortedness,0.15,0.1535,7,2,R,113.393649
sortedness,0.15,0.1535,7,3,R,112.428611
sortedness,0.15,0.14725,8,1,I,124.195929
sortedness,0.15,0.14725,8,2,I,124.577171
sortedness,0.15,0.14725,8,3,I,130.820435
sortedness,0.15,0.14725,8,1,Q,117.223809
sortedness,0.15,0.14725,8,2,Q,116.033033
sortedness,0.15,0.14725,8,3,Q,114.172379
sortedness,0.15,0.14725,8,1,M,111.254812
sortedness,0.15,0.14725,8,2,M,108.02396
sortedness,0.15,0.14725,8,3,M,102.729499
sortedness,0.15,0.14725,8,1,H,111.405191
sortedness,0.15,0.14725,8,2,H,109.920487
sortedness,0.15,0.14725,8,3,H,104.210839
sortedness,0.15,0.14725,8,1,R,124.642648
sortedness,0.15,0.14725,8,2,R,114.064729
sortedness,0.15,0.14725,8,3,R,111.547736
sortedness,0.16,0.16425,1,1,I,126.748558
sortedness,0.16,0.16425,1,2,I,127.819848
sortedness,0.16,0.16425,1,3,I,124.919928
sortedness,0.16,0.16425,1,1,Q,110.445149
sortedness,0.16,0.16425,1,2,Q,109.845456
sortedness,0.16,0.16425,1,3,Q,110.483866
sortedness,0.16,0.16425,1,1,M,112.714571
sortedness,0.16,0.16425,1,2,M,108.158052
sortedness,0.16,0.16425,1,3,M,110.863367
sortedness,0.16,0.16425,1,1,H,110.305198
sortedness,0.16,0.16425,1,2,H,111.575966
sortedness,0.16,0.16425,1,3,H,115.740571
sortedness,0.16,0.16425,1,1,R,112.310984
sortedness,0.16,0.16425,1,2,R,109.807808
sortedness,0.16,0.16425,1,3,R,111.557634
sortedness,0.16,0.15675,2,1,I,113.662148
sortedness,0.16,0.15675,2,2,I,123.82528
sortedness,0.16,0.15675,2,3,I,125.260985
sortedness,0.16,0.15675,2,1,Q,111.908525
sortedness,0.16,0.15675,2,2,Q,110.65204
sortedness,0.16,0.15675,2,3,Q,124.637797
sortedness,0.16,0.15675,2,1,M,110.304916
sortedness,0.16,0.15675,2,2,M,112.948728
sortedness,0.16,0.15675,2,3,M,108.923199
sortedness,0.16,0.15675,2,1,H,114.161048
sortedness,0.16,0.15675,2,2,H,122.547236
sortedness,0.16,0.15675,2,3,H,109.628986
sortedness,0.16,0.15675,2,1,R,116.760239
sortedness,0.16,0.15675,2,2,R,112.33749
sortedness,0.16,0.15675,2,3,R,104.893047
sortedness,0.16,0.1655,3,1,I,126.578529
sortedness,0.16,0.1655,3,2,I,134.89692
sortedness,0.16,0.1655,3,3,I,130.236592
sortedness,0.16,0.1655,3,1,Q,112.379796
sortedness,0.16,0.1655,3,2,Q,115.535022
sortedness,0.16,0.1655,3,3,Q,117.347453
sortedness,0.16,0.1655,3,1,M,105.094478
sortedness,0.16,0.1655,3,2,M,112.265604
sortedness,0.16,0.1655,3,3,M,120.251648
sortedness,0.16,0.1655,3,1,H,114.367951
sortedness,0.16,0.1655,3,2,H,116.113939
sortedness,0.16,0.1655,3,3,H,116.193925
sortedness,0.16,0.1655,3,1,R,115.294122
sortedness,0.16,0.1655,3,2,R,111.855064
sortedness,0.16,0.1655,3,3,R,116.406277
sortedness,0.16,0.1485,4,1,I,122.556684
sortedness,0.16,0.1485,4,2,I,130.44306
sortedness,0.16,0.1485,4,3,I,126.765297
sortedness,0.16,0.1485,4,1,Q,123.122094
sortedness,0.16,0.1485,4,2,Q,116.990769
sortedness,0.16,0.1485,4,3,Q,116.327101
sortedness,0.16,0.1485,4,1,M,122.234356
sortedness,0.16,0.1485,4,2,M,113.819856
sortedness,0.16,0.1485,4,3,M,105.531356
sortedness,0.16,0.1485,4,1,H,111.0712
sortedness,0.16,0.1485,4,2,H,123.220461
sortedness,0.16,0.1485,4,3,H,125.943164
sortedness,0.16,0.1485,4,1,R,113.256998
sortedness,0.16,0.1485,4,2,R,111.954758
sortedness,0.16,0.1485,4,3,R,110.841559
sortedness,0.16,0.15325,5,1,I,125.703828
sortedness,0.16,0.15325,5,2,I,126.762598
sortedness,0.16,0.15325,5,3,I,128.10063
sortedness,0.16,0.15325,5,1,Q,109.864263
sortedness,0.16,0.15325,5,2,Q,115.824192
sortedness,0.16,0.15325,5,3,Q,109.64145
sortedness,0.16,0.15325,5,1,M,108.966312
sortedness,0.16,0.15325,5,2,M,115.243608
sortedness,0.16,0.15325,5,3,M,112.101611
sortedness,0.16,0.15325,5,1,H,108.784878
sortedness,0.16,0.15325,5,2,H,111.890668
sortedness,0.16,0.15325,5,3,H,119.709122
sortedness,0.16,0.15325,5,1,R,110.597025
sortedness,0.16,0.15325,5,2,R,120.372807
sortedness,0.16,0.15325,5,3,R,120.804559
sortedness,0.16,0.15825,6,1,I,133.186053
sortedness,0.16,0.15825,6,2,I,134.411965
sortedness,0.16,0.15825,6,3,I,131.14498
sortedness,0.16,0.15825,6,1,Q,117.209096
sortedness,0.16,0.15825,6,2,Q,126.976862
sortedness,0.16,0.15825,6,3,Q,121.518794
sortedness,0.16,0.15825,6,1,M,123.508795
sortedness,0.16,0.15825,6,2,M,113.726974
sortedness,0.16,0.15825,6,3,M,115.960555
sortedness,0.16,0.15825,6,1,H,120.760684
sortedness,0.16,0.15825,6,2,H,123.758977
sortedness,0.16,0.15825,6,3,H,115.014092
sortedness,0.16,0.15825,6,1,R,127.833113
sortedness,0.16,0.15825,6,2,R,112.455447
sortedness,0.16,0.15825,6,3,R,122.690054
sortedness,0.16,0.1595,7,1,I,137.176753
sortedness,0.16,0.1595,7,2,I,139.25773
sortedness,0.16,0.1595,7,3,I,134.01806
sortedness,0.16,0.1595,7,1,Q,119.055668
sortedness,0.16,0.1595,7,2,Q,119.748642
sortedness,0.16,0.1595,7,3,Q,122.925274
sortedness,0.16,0.1595,7,1,M,122.396193
sortedness,0.16,0.1595,7,2,M,116.39792
sortedness,0.16,0.1595,7,3,M,116.327209
sortedness,0.16,0.1595,7,1,H,110.820702
sortedness,0.16,0.1595,7,2,H,110.91947
sortedness,0.16,0.1595,7,3,H,112.32792
sortedness,0.16,0.1595,7,1,R,110.630956
sortedness,0.16,0.1595,7,2,R,100.59073
sortedness,0.16,0.1595,7,3,R,111.659114
sortedness,0.16,0.158,8,1,I,123.565025
sortedness,0.16,0.158,8,2,I,127.538319
sortedness,0.16,0.158,8,3,I,122.571708
sortedness,0.16,0.158,8,1,Q,109.386718
sortedness,0.16,0.158,8,2,Q,110.461529
sortedness,0.16,0.158,8,3,Q,110.687161
sortedness,0.16,0.158,8,1,M,120.051843
sortedness,0.16,0.158,8,2,M,110.97294
sortedness,0.16,0.158,8,3,M,113.24618
sortedness,0.16,0.158,8,1,H,123.42809
sortedness,0.16,0.158,8,2,H,116.261988
sortedness,0.16,0.158,8,3,H,121.133088
sortedness,0.16,0.158,8,1,R,115.660165
sortedness,0.16,0.158,8,2,R,126.060036
sortedness,0.16,0.158,8,3,R,111.665254
sortedness,0.17,0.16,1,1,I,131.423819
sortedness,0.17,0.16,1,2,I,124.179306
sortedness,0.17,0.16,1,3,I,124.754159
sortedness,0.17,0.16,1,1,Q,110.858027
sortedness,0.17,0.16,1,2,Q,113.012604
sortedness,0.17,0.16,1,3,Q,112.414679
sortedness,0.17,0.16,1,1,M,117.352217
sortedness,0.17,0.16,1,2,M,113.162015
sortedness,0.17,0.16,1,3,M,103.201564
sortedness,0.17,0.16,1,1,H,110.5895
sortedness,0.17,0.16,1,2,H,110.410903
sortedness,0.17,0.16,1,3,H,113.06778
sortedness,0.17,0.16,1,1,R,107.088594
sortedness,0.17,0.16,1,2,R,115.403553
sortedness,0.17,0.16,1,3,R,130.834193
sortedness,0.17,0.1765,2,1,I,134.022291
sortedness,0.17,0.1765,2,2,I,122.54032
sortedness,0.17,0.1765,2,3,I,127.640196
sortedness,0.17,0.1765,2,1,Q,109.728201
sortedness,0.17,0.1765,2,2,Q,128.211002
sortedness,0.17,0.1765,2,3,Q,116.309467
sortedness,0.17,0.1765,2,1,M,116.069791
sortedness,0.17,0.1765,2,2,M,115.00573
sortedness,0.17,0.1765,2,3,M,111.154046
sortedness,0.17,0.1765,2,1,H,113.178433
sortedness,0.17,0.1765,2,2,H,112.713721
sortedness,0.17,0.1765,2,3,H,111.996358
sortedness,0.17,0.1765,2,1,R,119.314286
sortedness,0.17,0.1765,2,2,R,110.486276
sortedness,0.17,0.1765,2,3,R,114.594176
sortedness,0.17,0.174,3,1,I,126.61426
sortedness,0.17,0.174,3,2,I,130.636539
sortedness,0.17,0.174,3,3,I,134.012184
sortedness,0.17,0.174,3,1,Q,120.698025
sortedness,0.17,0.174,3,2,Q,111.454313
sortedness,0.17,0.174,3,3,Q,118.798387
sortedness,0.17,0.174,3,1,M,124.237343
sortedness,0.17,0.174,3,2,M,111.847844
sortedness,0.17,0.174,3,3,M,115.570114
sortedness,0.17,0.174,3,1,H,115.465173
sortedness,0.17,0.174,3,2,H,115.41451
sortedness,0.17,0.174,3,3,H,114.671483
sortedness,0.17,0.174,3,1,R,112.914706
sortedness,0.17,0.174,3,2,R,110.662776
sortedness,0.17,0.174,3,3,R,113.636968
sortedness,0.17,0.167,4,1,I,141.487543
sortedness,0.17,0.167,4,2,I,133.451613
sortedness,0.17,0.167,4,3,I,128.135203
sortedness,0.17,0.167,4,1,Q,119.478575
sortedness,0.17,0.167,4,2,Q,112.777049
sortedness,0.17,0.167,4,3,Q,124.952055
sortedness,0.17,0.167,4,1,M,124.677202
sortedness,0.17,0.167,4,2,M,117.580125
sortedness,0.17,0.167,4,3,M,117.022187
sortedness,0.17,0.167,4,1,H,119.387164
sortedness,0.17,0.167,4,2,H,105.213946
sortedness,0.17,0.167,4,3,H,125.447876
sortedness,0.17,0.167,4,1,R,109.082726
sortedness,0.17,0.167,4,2,R,108.26743
sortedness,0.17,0.167,4,3,R,112.505904
sortedness,0.17,0.16975,5,1,I,134.17963
sortedness,0.17,0.16975,5,2,I,144.298511
sortedness,0.17,0.16975,5,3,I,127.62008
sortedness,0.17,0.16975,5,1,Q,111.251088
sortedness,0.17,0.16975,5,2,Q,111.49081
sortedness,0.17,0.16975,5,3,Q,112.834116
sortedness,0.17,0.16975,5,1,M,115.084221
sortedness,0.17,0.16975,5,2,M,113.713885
sortedness,0.17,0.16975,5,3,M,110.971544
sortedness,0.17,0.16975,5,1,H,109.991842
sortedness,0.17,0.16975,5,2,H,115.45869
sortedness,0.17,0.16975,5,3,H,118.497314
sortedness,0.17,0.16975,5,1,R,120.324682
sortedness,0.17,0.16975,5,2,R,116.939507
sortedness,0.17,0.16975,5,3,R,116.983281
sortedness,0.17,0.17775,6,1,I,123.870702
sortedness,0.17,0.17775,6,2,I,128.696881
sortedness,0.17,0.17775,6,3,I,129.360263
sortedness,0.17,0.17775,6,1,Q,120.558863
sortedness,0.17,0.17775,6,2,Q,115.509237
sortedness,0.17,0.17775,6,3,Q,125.305283
sortedness,0.17,0.17775,6,1,M,121.155165
sortedness,0.17,0.17775,6,2,M,129.096102
sortedness,0.17,0.17775,6,3,M,116.288152
sortedness,0.17,0.17775,6,1,H,117.047703
sortedness,0.17,0.17775,6,2,H,111.720344
sortedness,0.17,0.17775,6,3,H,110.792619
sortedness,0.17,0.17775,6,1,R,112.310047
sortedness,0.17,0.17775,6,2,R,108.761535
sortedness,0.17,0.17775,6,3,R,110.594037
sortedness,0.17,0.1715,7,1,I,124.265286
sortedness,0.17,0.1715,7,2,I,125.767999
sortedness,0.17,0.1715,7,3,I,126.492474
sortedness,0.17,0.1715,7,1,Q,109.425895
sortedness,0.17,0.1715,7,2,Q,112.980915
sortedness,0.17,0.1715,7,3,Q,116.438262
sortedness,0.17,0.1715,7,1,M,121.366547
sortedness,0.17,0.1715,7,2,M,117.612738
sortedness,0.17,0.1715,7,3,M,116.096166
sortedness,0.17,0.1715,7,1,H,113.231225
sortedness,0.17,0.1715,7,2,H,111.327833
sortedness,0.17,0.1715,7,3,H,111.54785
sortedness,0.17,0.1715,7,1,R,120.783355
sortedness,0.17,0.1715,7,2,R,131.383691
sortedness,0.17,0.1715,7,3,R,116.922265
sortedness,0.17,0.16975,8,1,I,136.870699
sortedness,0.17,0.16975,8,2,I,133.499226
sortedness,0.17,0.16975,8,3,I,128.507609
sortedness,0.17,0.16975,8,1,Q,114.157764
sortedness,0.17,0.16975,8,2,Q,118.377495
sortedness,0.17,0.16975,8,3,Q,111.831292
sortedness,0.17,0.16975,8,1,M,111.768918
sortedness,0.17,0.16975,8,2,M,130.7808
sortedness,0.17,0.16975,8,3,M,114.186206
sortedness,0.17,0.16975,8,1,H,125.400779
sortedness,0.17,0.16975,8,2,H,115.506068
sortedness,0.17,0.16975,8,3,H,114.17697
sortedness,0.17,0.16975,8,1,R,115.467323
sortedness,0.17,0.16975,8,2,R,125.589261
sortedness,0.17,0.16975,8,3,R,116.731082
sortedness,0.18,0.188,1,1,I,132.918685
sortedness,0.18,0.188,1,2,I,131.692896
sortedness,0.18,0.188,1,3,I,137.278442
sortedness,0.18,0.188,1,1,Q,116.278274
sortedness,0.18,0.188,1,2,Q,112.784693
sortedness,0.18,0.188,1,3,Q,111.720528
sortedness,0.18,0.188,1,1,M,114.571986
sortedness,0.18,0.188,1,2,M,115.379912
sortedness,0.18,0.188,1,3,M,110.717285
sortedness,0.18,0.188,1,1,H,111.960221
sortedness,0.18,0.188,1,2,H,108.600654
sortedness,0.18,0.188,1,3,H,111.0446
sortedness,0.18,0.188,1,1,R,112.203838
sortedness,0.18,0.188,1,2,R,112.29312
sortedness,0.18,0.188,1,3,R,112.454385
sortedness,0.18,0.18425,2,1,I,126.435967
sortedness,0.18,0.18425,2,2,I,129.68126
sortedness,0.18,0.18425,2,3,I,130.768412
sortedness,0.18,0.18425,2,1,Q,115.205132
sortedness,0.18,0.18425,2,2,Q,114.715489
sortedness,0.18,0.18425,2,3,Q,112.149647
sortedness,0.18,0.18425,2,1,M,112.273715
sortedness,0.18,0.18425,2,2,M,111.201691
sortedness,0.18,0.18425,2,3,M,111.063933
sortedness,0.18,0.18425,2,1,H,114.776785
sortedness,0.18,0.18425,2,2,H,132.008958
sortedness,0.18,0.18425,2,3,H,111.36534
sortedness,0.18,0.18425,2,1,R,118.012181
sortedness,0.18,0.18425,2,2,R,116.641758
sortedness,0.18,0.18425,2,3,R,110.594655
sortedness,0.18,0.18075,3,1,I,128.884064
sortedness,0.18,0.18075,3,2,I,126.289164
sortedness,0.18,0.18075,3,3,I,128.225225
sortedness,0.18,0.18075,3,1,Q,109.573598
sortedness,0.18,0.18075,3,2,Q,101.283315
sortedness,0.18,0.18075,3,3,Q,101.309952
sortedness,0.18,0.18075,3,1,M,110.504973
sortedness,0.18,0.18075,3,2,M,110.530606
sortedness,0.18,0.18075,3,3,M,112.53829
sortedness,0.18,0.18075,3,1,H,112.107309
sortedness,0.18,0.18075,3,2,H,113.308975
sortedness,0.18,0.18075,3,3,H,119.073497
sortedness,0.18,0.18075,3,1,R,105.291327
sortedness,0.18,0.18075,3,2,R,124.23912
sortedness,0.18,0.18075,3,3,R,122.454442
sortedness,0.18,0.176,4,1,I,128.396087
sortedness,0.18,0.176,4,2,I,126.552991
sortedness,0.18,0.176,4,3,I,135.390949
sortedness,0.18,0.176,4,1,Q,114.654209
sortedness,0.18,0.176,4,2,Q,112.349417
sortedness,0.18,0.176,4,3,Q,120.440855
sortedness,0.18,0.176,4,1,M,100.421093
sortedness,0.18,0.176,4,2,M,101.753794
sortedness,0.18,0.176,4,3,M,116.459345
sortedness,0.18,0.176,4,1,H,121.161002
sortedness,0.18,0.176,4,2,H,115.264557
sortedness,0.18,0.176,4,3,H,114.561488
sortedness,0.18,0.176,4,1,R,116.071116
sortedness,0.18,0.176,4,2,R,129.261109
sortedness,0.18,0.176,4,3,R,115.711007
sortedness,0.18,0.17125,5,1,I,141.242606
sortedness,0.18,0.17125,5,2,I,126.25467
sortedness,0.18,0.17125,5,3,I,125.64766
sortedness,0.18,0.17125,5,1,Q,116.497908
sortedness,0.18,0.17125,5,2,Q,112.036732
sortedness,0.18,0.17125,5,3,Q,108.970058
sortedness,0.18,0.17125,5,1,M,119.358605
sortedness,0.18,0.17125,5,2,M,110.666974
sortedness,0.18,0.17125,5,3,M,115.568451
sortedness,0.18,0.17125,5,1,H,107.939826
sortedness,0.18,0.17125,5,2,H,116.532955
sortedness,0.18,0.17125,5,3,H,116.711588
sortedness,0.18,0.17125,5,1,R,108.613544
sortedness,0.18,0.17125,5,2,R,114.887704
sortedness,0.18,0.17125,5,3,R,107.31159
sortedness,0.18,0.1845,6,1,I,129.653951
sortedness,0.18,0.1845,6,2,I,122.809906
sortedness,0.18,0.1845,6,3,I,122.140716
sortedness,0.18,0.1845,6,1,Q,114.498728
sortedness,0.18,0.1845,6,2,Q,112.145371
sortedness,0.18,0.1845,6,3,Q,110.212896
sortedness,0.18,0.1845,6,1,M,117.685577
sortedness,0.18,0.1845,6,2,M,109.14953
sortedness,0.18,0.1845,6,3,M,111.632424
sortedness,0.18,0.1845,6,1,H,111.030793
sortedness,0.18,0.1845,6,2,H,112.675971
sortedness,0.18,0.1845,6,3,H,115.909724
sortedness,0.18,0.1845,6,1,R,112.485276
sortedness,0.18,0.1845,6,2,R,112.454317
sortedness,0.18,0.1845,6,3,R,109.867373
sortedness,0.18,0.18225,7,1,I,130.098195
sortedness,0.18,0.18225,7,2,I,121.520495
sortedness,0.18,0.18225,7,3,I,127.417823
sortedness,0.18,0.18225,7,1,Q,108.851987
sortedness,0.18,0.18225,7,2,Q,124.691801
sortedness,0.18,0.18225,7,3,Q,109.219249
sortedness,0.18,0.18225,7,1,M,114.271278
sortedness,0.18,0.18225,7,2,M,116.31217
sortedness,0.18,0.18225,7,3,M,113.314654
sortedness,0.18,0.18225,7,1,H,111.166716
sortedness,0.18,0.18225,7,2,H,129.140892
sortedness,0.18,0.18225,7,3,H,167.691651
sortedness,0.18,0.18225,7,1,R,107.603665
sortedness,0.18,0.18225,7,2,R,112.024592
sortedness,0.18,0.18225,7,3,R,122.883401
sortedness,0.18,0.17,8,1,I,129.634
sortedness,0.18,0.17,8,2,I,132.035068
sortedness,0.18,0.17,8,3,I,149.997053
sortedness,0.18,0.17,8,1,Q,124.712818
sortedness,0.18,0.17,8,2,Q,135.657901
sortedness,0.18,0.17,8,3,Q,113.058504
sortedness,0.18,0.17,8,1,M,114.552192
sortedness,0.18,0.17,8,2,M,124.460794
sortedness,0.18,0.17,8,3,M,118.1957
sortedness,0.18,0.17,8,1,H,116.321249
sortedness,0.18,0.17,8,2,H,110.677662
sortedness,0.18,0.17,8,3,H,109.228719
sortedness,0.18,0.17,8,1,R,115.339136
sortedness,0.18,0.17,8,2,R,108.947566
sortedness,0.18,0.17,8,3,R,119.477921
sortedness,0.19,0.187,1,1,I,135.88055
sortedness,0.19,0.187,1,2,I,129.770225
sortedness,0.19,0.187,1,3,I,128.89104
sortedness,0.19,0.187,1,1,Q,114.734759
sortedness,0.19,0.187,1,2,Q,110.066161
sortedness,0.19,0.187,1,3,Q,114.852464
sortedness,0.19,0.187,1,1,M,112.384707
sortedness,0.19,0.187,1,2,M,125.979674
sortedness,0.19,0.187,1,3,M,133.763425
sortedness,0.19,0.187,1,1,H,120.230449
sortedness,0.19,0.187,1,2,H,119.930801
sortedness,0.19,0.187,1,3,H,123.948055
sortedness,0.19,0.187,1,1,R,115.636651
sortedness,0.19,0.187,1,2,R,112.38368
sortedness,0.19,0.187,1,3,R,113.757039
sortedness,0.19,0.1895,2,1,I,127.362089
sortedness,0.19,0.1895,2,2,I,122.915236
sortedness,0.19,0.1895,2,3,I,130.454316
sortedness,0.19,0.1895,2,1,Q,113.34369
sortedness,0.19,0.1895,2,2,Q,109.797851
sortedness,0.19,0.1895,2,3,Q,109.70187
sortedness,0.19,0.1895,2,1,M,110.362939
sortedness,0.19,0.1895,2,2,M,113.064664
sortedness,0.19,0.1895,2,3,M,109.272429
sortedness,0.19,0.1895,2,1,H,113.510377
sortedness,0.19,0.1895,2,2,H,109.327302
sortedness,0.19,0.1895,2,3,H,110.355725
sortedness,0.19,0.1895,2,1,R,116.875559
sortedness,0.19,0.1895,2,2,R,113.057157
sortedness,0.19,0.1895,2,3,R,108.269033
sortedness,0.19,0.18975,3,1,I,126.356044
sortedness,0.19,0.18975,3,2,I,137.655112
sortedness,0.19,0.18975,3,3,I,123.983232
sortedness,0.19,0.18975,3,1,Q,115.2241
sortedness,0.19,0.18975,3,2,Q,111.172379
sortedness,0.19,0.18975,3,3,Q,111.130946
sortedness,0.19,0.18975,3,1,M,109.989493
sortedness,0.19,0.18975,3,2,M,117.66157
sortedness,0.19,0.18975,3,3,M,117.101161
sortedness,0.19,0.18975,3,1,H,111.386782
sortedness,0.19,0.18975,3,2,H,108.446112
sortedness,0.19,0.18975,3,3,H,109.416308
sortedness,0.19,0.18975,3,1,R,110.448666
sortedness,0.19,0.18975,3,2,R,110.892712
sortedness,0.19,0.18975,3,3,R,109.623723
sortedness,0.19,0.1905,4,1,I,123.189866
sortedness,0.19,0.1905,4,2,I,126.14327
sortedness,0.19,0.1905,4,3,I,128.856114
sortedness,0.19,0.1905,4,1,Q,111.844503
sortedness,0.19,0.1905,4,2,Q,116.828277
sortedness,0.19,0.1905,4,3,Q,131.75434
sortedness,0.19,0.1905,4,1,M,122.769631
sortedness,0.19,0.1905,4,2,M,132.364139
sortedness,0.19,0.1905,4,3,M,115.361694
sortedness,0.19,0.1905,4,1,H,118.771556
sortedness,0.19,0.1905,4,2,H,125.647311
sortedness,0.19,0.1905,4,3,H,119.186441
sortedness,0.19,0.1905,4,1,R,116.417333
sortedness,0.19,0.1905,4,2,R,119.138284
sortedness,0.19,0.1905,4,3,R,119.491683
sortedness,0.19,0.1865,5,1,I,131.645048
sortedness,0.19,0.1865,5,2,I,132.862871
sortedness,0.19,0.1865,5,3,I,132.334438
sortedness,0.19,0.1865,5,1,Q,119.708019
sortedness,0.19,0.1865,5,2,Q,119.888034
sortedness,0.19,0.1865,5,3,Q,124.560311
sortedness,0.19,0.1865,5,1,M,122.407339
sortedness,0.19,0.1865,5,2,M,118.187825
sortedness,0.19,0.1865,5,3,M,116.313973
sortedness,0.19,0.1865,5,1,H,109.539253
sortedness,0.19,0.1865,5,2,H,110.774538
sortedness,0.19,0.1865,5,3,H,112.459751
sortedness,0.19,0.1865,5,1,R,108.327252
sortedness,0.19,0.1865,5,2,R,126.716866
sortedness,0.19,0.1865,5,3,R,108.60902
sortedness,0.19,0.185,6,1,I,122.039818
sortedness,0.19,0.185,6,2,I,122.237704
sortedness,0.19,0.185,6,3,I,121.439045
sortedness,0.19,0.185,6,1,Q,115.197482
sortedness,0.19,0.185,6,2,Q,108.910885
sortedness,0.19,0.185,6,3,Q,118.020771
sortedness,0.19,0.185,6,1,M,111.25159
sortedness,0.19,0.185,6,2,M,104.924404
sortedness,0.19,0.185,6,3,M,109.11894
sortedness,0.19,0.185,6,1,H,110.702629
sortedness,0.19,0.185,6,2,H,111.164926
sortedness,0.19,0.185,6,3,H,109.031187
sortedness,0.19,0.185,6,1,R,116.31378
sortedness,0.19,0.185,6,2,R,113.27717
sortedness,0.19,0.185,6,3,R,111.592525
sortedness,0.19,0.195,7,1,I,130.133757
sortedness,0.19,0.195,7,2,I,126.075956
sortedness,0.19,0.195,7,3,I,118.113756
sortedness,0.19,0.195,7,1,Q,119.383415
sortedness,0.19,0.195,7,2,Q,111.735646
sortedness,0.19,0.195,7,3,Q,111.509954
sortedness,0.19,0.195,7,1,M,117.555137
sortedness,0.19,0.195,7,2,M,113.741976
sortedness,0.19,0.195,7,3,M,115.196659
sortedness,0.19,0.195,7,1,H,108.266377
sortedness,0.19,0.195,7,2,H,111.425995
sortedness,0.19,0.195,7,3,H,109.106151
sortedness,0.19,0.195,7,1,R,109.385773
sortedness,0.19,0.195,7,2,R,111.397656
sortedness,0.19,0.195,7,3,R,110.023158
sortedness,0.19,0.19975,8,1,I,121.931681
sortedness,0.19,0.19975,8,2,I,127.258802
sortedness,0.19,0.19975,8,3,I,123.985709
sortedness,0.19,0.19975,8,1,Q,115.153605
sortedness,0.19,0.19975,8,2,Q,102.25156
sortedness,0.19,0.19975,8,3,Q,115.429921
sortedness,0.19,0.19975,8,1,M,110.814291
sortedness,0.19,0.19975,8,2,M,111.360184
sortedness,0.19,0.19975,8,3,M,112.881453
sortedness,0.19,0.19975,8,1,H,110.466311
sortedness,0.19,0.19975,8,2,H,112.514339
sortedness,0.19,0.19975,8,3,H,109.604588
sortedness,0.19,0.19975,8,1,R,113.779627
sortedness,0.19,0.19975,8,2,R,110.937987
sortedness,0.19,0.19975,8,3,R,112.939235
sortedness,0.2,0.19675,1,1,I,121.687708
sortedness,0.2,0.19675,1,2,I,124.715459
sortedness,0.2,0.19675,1,3,I,124.491956
sortedness,0.2,0.19675,1,1,Q,111.135729
sortedness,0.2,0.19675,1,2,Q,113.999305
sortedness,0.2,0.19675,1,3,Q,112.519913
sortedness,0.2,0.19675,1,1,M,109.600018
sortedness,0.2,0.19675,1,2,M,108.783531
sortedness,0.2,0.19675,1,3,M,106.836003
sortedness,0.2,0.19675,1,1,H,107.381119
sortedness,0.2,0.19675,1,2,H,109.899265
sortedness,0.2,0.19675,1,3,H,114.885985
sortedness,0.2,0.19675,1,1,R,113.597326
sortedness,0.2,0.19675,1,2,R,108.983636
sortedness,0.2,0.19675,1,3,R,112.712283
sortedness,0.2,0.20175,2,1,I,147.672883
sortedness,0.2,0.20175,2,2,I,132.405274
sortedness,0.2,0.20175,2,3,I,128.534523
sortedness,0.2,0.20175,2,1,Q,113.31606
sortedness,0.2,0.20175,2,2,Q,107.286216
sortedness,0.2,0.20175,2,3,Q,108.15652
sortedness,0.2,0.20175,2,1,M,110.325001
sortedness,0.2,0.20175,2,2,M,111.965844
sortedness,0.2,0.20175,2,3,M,108.285715
sortedness,0.2,0.20175,2,1,H,110.611866
sortedness,0.2,0.20175,2,2,H,104.657928
sortedness,0.2,0.20175,2,3,H,114.345557
sortedness,0.2,0.20175,2,1,R,110.276182
sortedness,0.2,0.20175,2,2,R,99.013935
sortedness,0.2,0.20175,2,3,R,103.81293
sortedness,0.2,0.1995,3,1,I,121.432907
sortedness,0.2,0.1995,3,2,I,124.278462
sortedness,0.2,0.1995,3,3,I,130.210565
sortedness,0.2,0.1995,3,1,Q,107.971988
sortedness,0.2,0.1995,3,2,Q,112.523756
sortedness,0.2,0.1995,3,3,Q,114.923821
sortedness,0.2,0.1995,3,1,M,118.030668
sortedness,0.2,0.1995,3,2,M,124.097798
sortedness,0.2,0.1995,3,3,M,125.208981
sortedness,0.2,0.1995,3,1,H,107.593058
sortedness,0.2,0.1995,3,2,H,130.400881
sortedness,0.2,0.1995,3,3,H,122.540219
sortedness,0.2,0.1995,3,1,R,122.241286
sortedness,0.2,0.1995,3,2,R,115.664182
sortedness,0.2,0.1995,3,3,R,122.802273
sortedness,0.2,0.19325,4,1,I,138.170113
sortedness,0.2,0.19325,4,2,I,125.18985
sortedness,0.2,0.19325,4,3,I,134.538987
sortedness,0.2,0.19325,4,1,Q,119.464058
sortedness,0.2,0.19325,4,2,Q,113.462327
sortedness,0.2,0.19325,4,3,Q,114.146325
sortedness,0.2,0.19325,4,1,M,116.44305
sortedness,0.2,0.19325,4,2,M,122.394449
sortedness,0.2,0.19325,4,3,M,121.202886
sortedness,0.2,0.19325,4,1,H,139.122317
sortedness,0.2,0.19325,4,2,H,130.807698
sortedness,0.2,0.19325,4,3,H,116.295308
sortedness,0.2,0.19325,4,1,R,119.549911
sortedness,0.2,0.19325,4,2,R,129.371542
sortedness,0.2,0.19325,4,3,R,128.703938
sortedness,0.2,0.1965,5,1,I,127.69061
sortedness,0.2,0.1965,5,2,I,127.788069
sortedness,0.2,0.1965,5,3,I,121.857198
sortedness,0.2,0.1965,5,1,Q,109.929403
sortedness,0.2,0.1965,5,2,Q,111.044968
sortedness,0.2,0.1965,5,3,Q,119.818418
sortedness,0.2,0.1965,5,1,M,113.220046
sortedness,0.2,0.1965,5,2,M,124.644754
sortedness,0.2,0.1965,5,3,M,100.540311
sortedness,0.2,0.1965,5,1,H,112.150483
sortedness,0.2,0.1965,5,2,H,121.894561
sortedness,0.2,0.1965,5,3,H,110.933888
sortedness,0.2,0.1965,5,1,R,114.972911
sortedness,0.2,0.1965,5,2,R,117.485984
sortedness,0.2,0.1965,5,3,R,111.892323
sortedness,0.2,0.2075,6,1,I,124.548236
sortedness,0.2,0.2075,6,2,I,124.889113
sortedness,0.2,0.2075,6,3,I,137.755063
sortedness,0.2,0.2075,6,1,Q,110.173116
sortedness,0.2,0.2075,6,2,Q,109.643651
sortedness,0.2,0.2075,6,3,Q,108.534304
sortedness,0.2,0.2075,6,1,M,122.973198
sortedness,0.2,0.2075,6,2,M,133.446557
sortedness,0.2,0.2075,6,3,M,133.623869
sortedness,0.2,0.2075,6,1,H,118.400561
sortedness,0.2,0.2075,6,2,H,109.901273
sortedness,0.2,0.2075,6,3,H,115.585043
sortedness,0.2,0.2075,6,1,R,110.712167
sortedness,0.2,0.2075,6,2,R,109.320406
sortedness,0.2,0.2075,6,3,R,97.586885
sortedness,0.2,0.197,7,1,I,122.768549
sortedness,0.2,0.197,7,2,I,129.572821
sortedness,0.2,0.197,7,3,I,121.237212
sortedness,0.2,0.197,7,1,Q,108.368533
sortedness,0.2,0.197,7,2,Q,113.572462
sortedness,0.2,0.197,7,3,Q,116.63338
sortedness,0.2,0.197,7,1,M,107.554351
sortedness,0.2,0.197,7,2,M,123.437276
sortedness,0.2,0.197,7,3,M,116.070929
sortedness,0.2,0.197,7,1,H,114.553052
sortedness,0.2,0.197,7,2,H,112.287889
sortedness,0.2,0.197,7,3,H,116.056521
sortedness,0.2,0.197,7,1,R,108.080404
sortedness,0.2,0.197,7,2,R,110.173399
sortedness,0.2,0.197,7,3,R,111.10501
sortedness,0.2,0.2085,8,1,I,121.628897
sortedness,0.2,0.2085,8,2,I,121.992324
sortedness,0.2,0.2085,8,3,I,133.223088
sortedness,0.2,0.2085,8,1,Q,111.485877
sortedness,0.2,0.2085,8,2,Q,107.422658
sortedness,0.2,0.2085,8,3,Q,123.330099
sortedness,0.2,0.2085,8,1,M,115.499101
sortedness,0.2,0.2085,8,2,M,110.317745
sortedness,0.2,0.2085,8,3,M,102.863661
sortedness,0.2,0.2085,8,1,H,118.410145
sortedness,0.2,0.2085,8,2,H,118.048125
sortedness,0.2,0.2085,8,3,H,110.719183
sortedness,0.2,0.2085,8,1,R,114.508796
sortedness,0.2,0.2085,8,2,R,108.81836
sortedness,0.2,0.2085,8,3,R,99.585691
sortedness,0.21,0.21725,1,1,I,126.044789
sortedness,0.21,0.21725,1,2,I,145.528571
sortedness,0.21,0.21725,1,3,I,126.245148
sortedness,0.21,0.21725,1,1,Q,130.813118
sortedness,0.21,0.21725,1,2,Q,113.05551
sortedness,0.21,0.21725,1,3,Q,124.86263
sortedness,0.21,0.21725,1,1,M,109.35405
sortedness,0.21,0.21725,1,2,M,108.661074
sortedness,0.21,0.21725,1,3,M,110.766696
sortedness,0.21,0.21725,1,1,H,99.756803
sortedness,0.21,0.21725,1,2,H,120.95985
sortedness,0.21,0.21725,1,3,H,109.688055
sortedness,0.21,0.21725,1,1,R,110.632611
sortedness,0.21,0.21725,1,2,R,110.781689
sortedness,0.21,0.21725,1,3,R,113.474182
sortedness,0.21,0.212,2,1,I,129.534072
sortedness,0.21,0.212,2,2,I,128.171067
sortedness,0.21,0.212,2,3,I,124.315812
sortedness,0.21,0.212,2,1,Q,115.61352
sortedness,0.21,0.212,2,2,Q,126.077949
sortedness,0.21,0.212,2,3,Q,116.283556
sortedness,0.21,0.212,2,1,M,112.873498
sortedness,0.21,0.212,2,2,M,122.154074
sortedness,0.21,0.212,2,3,M,118.918527
sortedness,0.21,0.212,2,1,H,123.334701
sortedness,0.21,0.212,2,2,H,121.839359
sortedness,0.21,0.212,2,3,H,124.072851
sortedness,0.21,0.212,2,1,R,117.236142
sortedness,0.21,0.212,2,2,R,115.943812
sortedness,0.21,0.212,2,3,R,107.05985
sortedness,0.21,0.2135,3,1,I,145.412863
sortedness,0.21,0.2135,3,2,I,141.08329
sortedness,0.21,0.2135,3,3,I,126.737316
sortedness,0.21,0.2135,3,1,Q,106.339253
sortedness,0.21,0.2135,3,2,Q,110.497153
sortedness,0.21,0.2135,3,3,Q,115.305975
sortedness,0.21,0.2135,3,1,M,111.808114
sortedness,0.21,0.2135,3,2,M,105.924225
sortedness,0.21,0.2135,3,3,M,119.427479
sortedness,0.21,0.2135,3,1,H,112.946996
sortedness,0.21,0.2135,3,2,H,113.855257
sortedness,0.21,0.2135,3,3,H,112.25177
sortedness,0.21,0.2135,3,1,R,110.05327
sortedness,0.21,0.2135,3,2,R,117.593033
sortedness,0.21,0.2135,3,3,R,102.107764
sortedness,0.21,0.19675,4,1,I,141.305631
sortedness,0.21,0.19675,4,2,I,138.306154
sortedness,0.21,0.19675,4,3,I,130.978961
sortedness,0.21,0.19675,4,1,Q,112.842993
sortedness,0.21,0.19675,4,2,Q,113.664435
sortedness,0.21,0.19675,4,3,Q,110.698277
sortedness,0.21,0.19675,4,1,M,126.150846
sortedness,0.21,0.19675,4,2,M,110.215572
sortedness,0.21,0.19675,4,3,M,113.645376
sortedness,0.21,0.19675,4,1,H,116.27512
sortedness,0.21,0.19675,4,2,H,110.370226
sortedness,0.21,0.19675,4,3,H,111.141879
sortedness,0.21,0.19675,4,1,R,112.84302
sortedness,0.21,0.19675,4,2,R,109.737894
sortedness,0.21,0.19675,4,3,R,109.737611
sortedness,0.21,0.21725,5,1,I,127.463868
sortedness,0.21,0.21725,5,2,I,128.913221
sortedness,0.21,0.21725,5,3,I,135.689448
sortedness,0.21,0.21725,5,1,Q,109.57911
sortedness,0.21,0.21725,5,2,Q,113.27271
sortedness,0.21,0.21725,5,3,Q,126.18225
sortedness,0.21,0.21725,5,1,M,121.974773
sortedness,0.21,0.21725,5,2,M,109.46153
sortedness,0.21,0.21725,5,3,M,109.163067
sortedness,0.21,0.21725,5,1,H,111.665731
sortedness,0.21,0.21725,5,2,H,111.680687
sortedness,0.21,0.21725,5,3,H,108.064226
sortedness,0.21,0.21725,5,1,R,115.324922
sortedness,0.21,0.21725,5,2,R,107.131732
sortedness,0.21,0.21725,5,3,R,110.500911
sortedness,0.21,0.2125,6,1,I,123.42066
sortedness,0.21,0.2125,6,2,I,127.977073
sortedness,0.21,0.2125,6,3,I,124.032792
sortedness,0.21,0.2125,6,1,Q,113.326003
sortedness,0.21,0.2125,6,2,Q,115.231143
sortedness,0.21,0.2125,6,3,Q,112.964402
sortedness,0.21,0.2125,6,1,M,113.739977
sortedness,0.21,0.2125,6,2,M,118.234086
sortedness,0.21,0.2125,6,3,M,115.910679
sortedness,0.21,0.2125,6,1,H,110.112374
sortedness,0.21,0.2125,6,2,H,113.90012
sortedness,0.21,0.2125,6,3,H,110.197743
sortedness,0.21,0.2125,6,1,R,110.712199
sortedness,0.21,0.2125,6,2,R,129.5591
sortedness,0.21,0.2125,6,3,R,116.645807
sortedness,0.21,0.20825,7,1,I,124.824231
sortedness,0.21,0.20825,7,2,I,123.608544
sortedness,0.21,0.20825,7,3,I,124.086504
sortedness,0.21,0.20825,7,1,Q,111.010883
sortedness,0.21,0.20825,7,2,Q,112.70326
sortedness,0.21,0.20825,7,3,Q,110.705198
sortedness,0.21,0.20825,7,1,M,110.580438
sortedness,0.21,0.20825,7,2,M,111.103847
sortedness,0.21,0.20825,7,3,M,109.272942
sortedness,0.21,0.20825,7,1,H,112.378263
sortedness,0.21,0.20825,7,2,H,110.890849
sortedness,0.21,0.20825,7,3,H,112.099103
sortedness,0.21,0.20825,7,1,R,113.889462
sortedness,0.21,0.20825,7,2,R,112.826893
sortedness,0.21,0.20825,7,3,R,116.052845
sortedness,0.21,0.214,8,1,I,132.013581
sortedness,0.21,0.214,8,2,I,134.985808
sortedness,0.21,0.214,8,3,I,128.978367
sortedness,0.21,0.214,8,1,Q,106.408478
sortedness,0.21,0.214,8,2,Q,109.65664
sortedness,0.21,0.214,8,3,Q,116.112133
sortedness,0.21,0.214,8,1,M,117.155193
sortedness,0.21,0.214,8,2,M,119.549367
sortedness,0.21,0.214,8,3,M,111.144958
sortedness,0.21,0.214,8,1,H,103.565567
sortedness,0.21,0.214,8,2,H,112.341519
sortedness,0.21,0.214,8,3,H,111.603031
sortedness,0.21,0.214,8,1,R,110.511592
sortedness,0.21,0.214,8,2,R,114.932223
sortedness,0.21,0.214,8,3,R,112.047037
sortedness,0.22,0.214,1,1,I,126.999876
sortedness,0.22,0.214,1,2,I,124.523238
sortedness,0.22,0.214,1,3,I,130.185307
sortedness,0.22,0.214,1,1,Q,112.753617
sortedness,0.22,0.214,1,2,Q,113.936173
sortedness,0.22,0.214,1,3,Q,101.203835
sortedness,0.22,0.214,1,1,M,112.217477
sortedness,0.22,0.214,1,2,M,112.565864
sortedness,0.22,0.214,1,3,M,115.165748
sortedness,0.22,0.214,1,1,H,118.734381
sortedness,0.22,0.214,1,2,H,114.12026
sortedness,0.22,0.214,1,3,H,127.301936
sortedness,0.22,0.214,1,1,R,112.026836
sortedness,0.22,0.214,1,2,R,115.542653
sortedness,0.22,0.214,1,3,R,109.643575
sortedness,0.22,0.2255,2,1,I,125.270014
sortedness,0.22,0.2255,2,2,I,127.268725
sortedness,0.22,0.2255,2,3,I,124.613508
sortedness,0.22,0.2255,2,1,Q,111.256519
sortedness,0.22,0.2255,2,2,Q,109.348774
sortedness,0.22,0.2255,2,3,Q,110.64301
sortedness,0.22,0.2255,2,1,M,113.746826
sortedness,0.22,0.2255,2,2,M,101.455668
sortedness,0.22,0.2255,2,3,M,112.396538
sortedness,0.22,0.2255,2,1,H,110.161848
sortedness,0.22,0.2255,2,2,H,115.107719
sortedness,0.22,0.2255,2,3,H,112.778062
sortedness,0.22,0.2255,2,1,R,113.914178
sortedness,0.22,0.2255,2,2,R,117.223233
sortedness,0.22,0.2255,2,3,R,115.743576
sortedness,0.22,0.22425,3,1,I,133.204993
sortedness,0.22,0.22425,3,2,I,128.306751
sortedness,0.22,0.22425,3,3,I,124.209672
sortedness,0.22,0.22425,3,1,Q,111.989665
sortedness,0.22,0.22425,3,2,Q,112.82806
sortedness,0.22,0.22425,3,3,Q,110.357325
sortedness,0.22,0.22425,3,1,M,109.38939
sortedness,0.22,0.22425,3,2,M,111.647666
sortedness,0.22,0.22425,3,3,M,111.862873
sortedness,0.22,0.22425,3,1,H,107.900851
sortedness,0.22,0.22425,3,2,H,110.124402
sortedness,0.22,0.22425,3,3,H,111.402685
sortedness,0.22,0.22425,3,1,R,102.665187
sortedness,0.22,0.22425,3,2,R,109.559087
sortedness,0.22,0.22425,3,3,R,115.341497
sortedness,0.22,0.2195,4,1,I,127.763138
sortedness,0.22,0.2195,4,2,I,124.892158
sortedness,0.22,0.2195,4,3,I,125.829993
sortedness,0.22,0.2195,4,1,Q,113.962952
sortedness,0.22,0.2195,4,2,Q,112.287136
sortedness,0.22,0.2195,4,3,Q,111.421738
sortedness,0.22,0.2195,4,1,M,116.5106
sortedness,0.22,0.2195,4,2,M,111.04593
sortedness,0.22,0.2195,4,3,M,111.359424
sortedness,0.22,0.2195,4,1,H,130.279341
sortedness,0.22,0.2195,4,2,H,111.024286
sortedness,0.22,0.2195,4,3,H,98.278882
sortedness,0.22,0.2195,4,1,R,115.072242
sortedness,0.22,0.2195,4,2,R,118.508134
sortedness,0.22,0.2195,4,3,R,115.170275
sortedness,0.22,0.22275,5,1,I,124.450314
sortedness,0.22,0.22275,5,2,I,123.612692
sortedness,0.22,0.22275,5,3,I,121.070665
sortedness,0.22,0.22275,5,1,Q,109.3809
sortedness,0.22,0.22275,5,2,Q,109.19748
sortedness,0.22,0.22275,5,3,Q,110.51147
sortedness,0.22,0.22275,5,1,M,111.402797
sortedness,0.22,0.22275,5,2,M,107.76682
sortedness,0.22,0.22275,5,3,M,110.539965
sortedness,0.22,0.22275,5,1,H,116.047204
sortedness,0.22,0.22275,5,2,H,113.091923
sortedness,0.22,0.22275,5,3,H,117.631396
sortedness,0.22,0.22275,5,1,R,105.313375
sortedness,0.22,0.22275,5,2,R,118.709467
sortedness,0.22,0.22275,5,3,R,115.786303
sortedness,0.22,0.20975,6,1,I,132.420383
sortedness,0.22,0.20975,6,2,I,127.99089
sortedness,0.22,0.20975,6,3,I,127.052204
sortedness,0.22,0.20975,6,1,Q,113.024013
sortedness,0.22,0.20975,6,2,Q,110.367075
sortedness,0.22,0.20975,6,3,Q,110.94309
sortedness,0.22,0.20975,6,1,M,120.497728
sortedness,0.22,0.20975,6,2,M,119.286425
sortedness,0.22,0.20975,6,3,M,122.043029
sortedness,0.22,0.20975,6,1,H,113.22884
sortedness,0.22,0.20975,6,2,H,117.831538
sortedness,0.22,0.20975,6,3,H,116.626791
sortedness,0.22,0.20975,6,1,R,111.983197
sortedness,0.22,0.20975,6,2,R,111.135267
sortedness,0.22,0.20975,6,3,R,110.715424
sortedness,0.22,0.217,7,1,I,122.600987
sortedness,0.22,0.217,7,2,I,123.986116
sortedness,0.22,0.217,7,3,I,125.087034
sortedness,0.22,0.217,7,1,Q,112.292833
sortedness,0.22,0.217,7,2,Q,114.702507
sortedness,0.22,0.217,7,3,Q,111.527259
sortedness,0.22,0.217,7,1,M,100.96289
sortedness,0.22,0.217,7,2,M,127.442269
sortedness,0.22,0.217,7,3,M,118.472399
sortedness,0.22,0.217,7,1,H,115.457671
sortedness,0.22,0.217,7,2,H,111.203264
sortedness,0.22,0.217,7,3,H,101.118451
sortedness,0.22,0.217,7,1,R,111.147651
sortedness,0.22,0.217,7,2,R,109.484768
sortedness,0.22,0.217,7,3,R,107.830748
sortedness,0.22,0.2245,8,1,I,123.652973
sortedness,0.22,0.2245,8,2,I,126.706572
sortedness,0.22,0.2245,8,3,I,140.314125
sortedness,0.22,0.2245,8,1,Q,105.59139
sortedness,0.22,0.2245,8,2,Q,127.630662
sortedness,0.22,0.2245,8,3,Q,110.320237
sortedness,0.22,0.2245,8,1,M,119.022509
sortedness,0.22,0.2245,8,2,M,119.972322
sortedness,0.22,0.2245,8,3,M,120.302188
sortedness,0.22,0.2245,8,1,H,122.469863
sortedness,0.22,0.2245,8,2,H,107.963679
sortedness,0.22,0.2245,8,3,H,116.335142
sortedness,0.22,0.2245,8,1,R,123.161648
sortedness,0.22,0.2245,8,2,R,112.665204
sortedness,0.22,0.2245,8,3,R,128.03671
sortedness,0.23,0.23175,1,1,I,124.30968
sortedness,0.23,0.23175,1,2,I,123.903987
sortedness,0.23,0.23175,1,3,I,130.156302
sortedness,0.23,0.23175,1,1,Q,114.239618
sortedness,0.23,0.23175,1,2,Q,116.601078
sortedness,0.23,0.23175,1,3,Q,102.038034
sortedness,0.23,0.23175,1,1,M,120.457417
sortedness,0.23,0.23175,1,2,M,115.697789
sortedness,0.23,0.23175,1,3,M,111.805194
sortedness,0.23,0.23175,1,1,H,127.934038
sortedness,0.23,0.23175,1,2,H,122.042476
sortedness,0.23,0.23175,1,3,H,115.65378
sortedness,0.23,0.23175,1,1,R,104.712133
sortedness,0.23,0.23175,1,2,R,116.430052
sortedness,0.23,0.23175,1,3,R,112.28398
sortedness,0.23,0.23475,2,1,I,126.401891
sortedness,0.23,0.23475,2,2,I,127.29447
sortedness,0.23,0.23475,2,3,I,133.493311
sortedness,0.23,0.23475,2,1,Q,117.613874
sortedness,0.23,0.23475,2,2,Q,134.627846
sortedness,0.23,0.23475,2,3,Q,116.074822
sortedness,0.23,0.23475,2,1,M,114.946345
sortedness,0.23,0.23475,2,2,M,117.628977
sortedness,0.23,0.23475,2,3,M,115.197528
sortedness,0.23,0.23475,2,1,H,123.984731
sortedness,0.23,0.23475,2,2,H,107.144787
sortedness,0.23,0.23475,2,3,H,114.175997
sortedness,0.23,0.23475,2,1,R,113.704978
sortedness,0.23,0.23475,2,2,R,114.786983
sortedness,0.23,0.23475,2,3,R,107.760782
sortedness,0.23,0.23275,3,1,I,130.313245
sortedness,0.23,0.23275,3,2,I,125.870372
sortedness,0.23,0.23275,3,3,I,127.241736
sortedness,0.23,0.23275,3,1,Q,120.067392
sortedness,0.23,0.23275,3,2,Q,123.543671
sortedness,0.23,0.23275,3,3,Q,122.690055
sortedness,0.23,0.23275,3,1,M,118.899034
sortedness,0.23,0.23275,3,2,M,106.217828
sortedness,0.23,0.23275,3,3,M,122.322955
sortedness,0.23,0.23275,3,1,H,106.435606
sortedness,0.23,0.23275,3,2,H,119.342018
sortedness,0.23,0.23275,3,3,H,116.288139
sortedness,0.23,0.23275,3,1,R,122.61939
sortedness,0.23,0.23275,3,2,R,114.667887
sortedness,0.23,0.23275,3,3,R,117.834174
sortedness,0.23,0.23625,4,1,I,144.950927
sortedness,0.23,0.23625,4,2,I,130.219324
sortedness,0.23,0.23625,4,3,I,130.047956
sortedness,0.23,0.23625,4,1,Q,106.774861
sortedness,0.23,0.23625,4,2,Q,116.390142
sortedness,0.23,0.23625,4,3,Q,128.276916
sortedness,0.23,0.23625,4,1,M,112.941781
sortedness,0.23,0.23625,4,2,M,123.479567
sortedness,0.23,0.23625,4,3,M,112.281908
sortedness,0.23,0.23625,4,1,H,112.464114
sortedness,0.23,0.23625,4,2,H,114.08159
sortedness,0.23,0.23625,4,3,H,123.060236
sortedness,0.23,0.23625,4,1,R,114.420435
sortedness,0.23,0.23625,4,2,R,113.993062
sortedness,0.23,0.23625,4,3,R,114.375576
sortedness,0.23,0.2225,5,1,I,128.629996
sortedness,0.23,0.2225,5,2,I,157.309228
sortedness,0.23,0.2225,5,3,I,144.022674
sortedness,0.23,0.2225,5,1,Q,112.113223
sortedness,0.23,0.2225,5,2,Q,113.90037
sortedness,0.23,0.2225,5,3,Q,111.563853
sortedness,0.23,0.2225,5,1,M,114.565654
sortedness,0.23,0.2225,5,2,M,110.498786
sortedness,0.23,0.2225,5,3,M,117.583033
sortedness,0.23,0.2225,5,1,H,128.192234
sortedness,0.23,0.2225,5,2,H,119.603829
sortedness,0.23,0.2225,5,3,H,120.927443
sortedness,0.23,0.2225,5,1,R,125.186189
sortedness,0.23,0.2225,5,2,R,114.000001
sortedness,0.23,0.2225,5,3,R,113.520989
sortedness,0.23,0.2385,6,1,I,144.298961
sortedness,0.23,0.2385,6,2,I,137.648466
sortedness,0.23,0.2385,6,3,I,126.480644
sortedness,0.23,0.2385,6,1,Q,115.181276
sortedness,0.23,0.2385,6,2,Q,112.601737
sortedness,0.23,0.2385,6,3,Q,104.298199
sortedness,0.23,0.2385,6,1,M,110.862558
sortedness,0.23,0.2385,6,2,M,114.149639
sortedness,0.23,0.2385,6,3,M,114.326445
sortedness,0.23,0.2385,6,1,H,114.998319
sortedness,0.23,0.2385,6,2,H,115.419338
sortedness,0.23,0.2385,6,3,H,115.343113
sortedness,0.23,0.2385,6,1,R,117.155991
sortedness,0.23,0.2385,6,2,R,125.702118
sortedness,0.23,0.2385,6,3,R,114.254254
sortedness,0.23,0.242,7,1,I,129.449992
sortedness,0.23,0.242,7,2,I,126.849361
sortedness,0.23,0.242,7,3,I,124.928165
sortedness,0.23,0.242,7,1,Q,126.728647
sortedness,0.23,0.242,7,2,Q,129.873649
sortedness,0.23,0.242,7,3,Q,123.26885
sortedness,0.23,0.242,7,1,M,127.758923
sortedness,0.23,0.242,7,2,M,116.242434
sortedness,0.23,0.242,7,3,M,125.163736
sortedness,0.23,0.242,7,1,H,125.290108
sortedness,0.23,0.242,7,2,H,112.917466
sortedness,0.23,0.242,7,3,H,120.011071
sortedness,0.23,0.242,7,1,R,118.850572
sortedness,0.23,0.242,7,2,R,112.811636
sortedness,0.23,0.242,7,3,R,113.23713
sortedness,0.23,0.22,8,1,I,131.049239
sortedness,0.23,0.22,8,2,I,131.213578
sortedness,0.23,0.22,8,3,I,126.331857
sortedness,0.23,0.22,8,1,Q,110.916499
sortedness,0.23,0.22,8,2,Q,113.53841
sortedness,0.23,0.22,8,3,Q,132.079838
sortedness,0.23,0.22,8,1,M,111.467449
sortedness,0.23,0.22,8,2,M,116.214096
sortedness,0.23,0.22,8,3,M,113.381755
sortedness,0.23,0.22,8,1,H,112.070208
sortedness,0.23,0.22,8,2,H,111.104674
sortedness,0.23,0.22,8,3,H,117.925566
sortedness,0.23,0.22,8,1,R,126.766528
sortedness,0.23,0.22,8,2,R,123.269999
sortedness,0.23,0.22,8,3,R,128.31917
sortedness,0.24,0.23575,1,1,I,130.367803
sortedness,0.24,0.23575,1,2,I,146.490128
sortedness,0.24,0.23575,1,3,I,136.467521
sortedness,0.24,0.23575,1,1,Q,105.576236
sortedness,0.24,0.23575,1,2,Q,112.308252
sortedness,0.24,0.23575,1,3,Q,109.869575
sortedness,0.24,0.23575,1,1,M,112.80659
sortedness,0.24,0.23575,1,2,M,123.402399
sortedness,0.24,0.23575,1,3,M,113.199542
sortedness,0.24,0.23575,1,1,H,113.812804
sortedness,0.24,0.23575,1,2,H,116.554916
sortedness,0.24,0.23575,1,3,H,111.801058
sortedness,0.24,0.23575,1,1,R,117.410178
sortedness,0.24,0.23575,1,2,R,113.452801
sortedness,0.24,0.23575,1,3,R,109.929199
sortedness,0.24,0.235,2,1,I,129.217693
sortedness,0.24,0.235,2,2,I,118.861035
sortedness,0.24,0.235,2,3,I,119.367824
sortedness,0.24,0.235,2,1,Q,113.071203
sortedness,0.24,0.235,2,2,Q,121.057053
sortedness,0.24,0.235,2,3,Q,125.769105
sortedness,0.24,0.235,2,1,M,112.754038
sortedness,0.24,0.235,2,2,M,123.881534
sortedness,0.24,0.235,2,3,M,114.911883
sortedness,0.24,0.235,2,1,H,126.047843
sortedness,0.24,0.235,2,2,H,113.225603
sortedness,0.24,0.235,2,3,H,119.113269
sortedness,0.24,0.235,2,1,R,112.101366
sortedness,0.24,0.235,2,2,R,113.073376
sortedness,0.24,0.235,2,3,R,112.536591
sortedness,0.24,0.23625,3,1,I,130.150938
sortedness,0.24,0.23625,3,2,I,146.428562
sortedness,0.24,0.23625,3,3,I,124.585896
sortedness,0.24,0.23625,3,1,Q,119.230404
sortedness,0.24,0.23625,3,2,Q,117.619683
sortedness,0.24,0.23625,3,3,Q,116.405717
sortedness,0.24,0.23625,3,1,M,119.848094
sortedness,0.24,0.23625,3,2,M,121.960104
sortedness,0.24,0.23625,3,3,M,118.854818
sortedness,0.24,0.23625,3,1,H,123.560028
sortedness,0.24,0.23625,3,2,H,122.898259
sortedness,0.24,0.23625,3,3,H,119.829724
sortedness,0.24,0.23625,3,1,R,119.300681
sortedness,0.24,0.23625,3,2,R,111.126509
sortedness,0.24,0.23625,3,3,R,123.593211
sortedness,0.24,0.24975,4,1,I,127.658578
sortedness,0.24,0.24975,4,2,I,134.490224
sortedness,0.24,0.24975,4,3,I,129.352476
sortedness,0.24,0.24975,4,1,Q,111.036778
sortedness,0.24,0.24975,4,2,Q,112.374347
sortedness,0.24,0.24975,4,3,Q,97.60372
sortedness,0.24,0.24975,4,1,M,112.006163
sortedness,0.24,0.24975,4,2,M,114.606171
sortedness,0.24,0.24975,4,3,M,114.654142
sortedness,0.24,0.24975,4,1,H,109.697197
sortedness,0.24,0.24975,4,2,H,118.486186
sortedness,0.24,0.24975,4,3,H,99.468279
sortedness,0.24,0.24975,4,1,R,109.232156
sortedness,0.24,0.24975,4,2,R,114.20839
sortedness,0.24,0.24975,4,3,R,115.454666
sortedness,0.24,0.234,5,1,I,135.223556
sortedness,0.24,0.234,5,2,I,138.871235
sortedness,0.24,0.234,5,3,I,130.093225
sortedness,0.24,0.234,5,1,Q,116.315722
sortedness,0.24,0.234,5,2,Q,111.744393
sortedness,0.24,0.234,5,3,Q,113.441688
sortedness,0.24,0.234,5,1,M,126.309607
sortedness,0.24,0.234,5,2,M,114.405592
sortedness,0.24,0.234,5,3,M,100.620087
sortedness,0.24,0.234,5,1,H,115.942946
sortedness,0.24,0.234,5,2,H,117.548787
sortedness,0.24,0.234,5,3,H,112.908528
sortedness,0.24,0.234,5,1,R,102.251188
sortedness,0.24,0.234,5,2,R,112.064182
sortedness,0.24,0.234,5,3,R,117.357211
sortedness,0.24,0.235,6,1,I,125.115477
sortedness,0.24,0.235,6,2,I,132.323262
sortedness,0.24,0.235,6,3,I,136.838186
sortedness,0.24,0.235,6,1,Q,117.82079
sortedness,0.24,0.235,6,2,Q,123.933541
sortedness,0.24,0.235,6,3,Q,130.381949
sortedness,0.24,0.235,6,1,M,115.302418
sortedness,0.24,0.235,6,2,M,113.661446
sortedness,0.24,0.235,6,3,M,114.237781
sortedness,0.24,0.235,6,1,H,116.354896
sortedness,0.24,0.235,6,2,H,104.536028
sortedness,0.24,0.235,6,3,H,100.926349
sortedness,0.24,0.235,6,1,R,118.142469
sortedness,0.24,0.235,6,2,R,112.792082
sortedness,0.24,0.235,6,3,R,120.96807
sortedness,0.24,0.2305,7,1,I,136.85168
sortedness,0.24,0.2305,7,2,I,135.156712
sortedness,0.24,0.2305,7,3,I,126.274734
sortedness,0.24,0.2305,7,1,Q,114.434668
sortedness,0.24,0.2305,7,2,Q,116.297158
sortedness,0.24,0.2305,7,3,Q,111.87248
sortedness,0.24,0.2305,7,1,M,112.154493
sortedness,0.24,0.2305,7,2,M,115.713927
sortedness,0.24,0.2305,7,3,M,112.933684
sortedness,0.24,0.2305,7,1,H,113.313941
sortedness,0.24,0.2305,7,2,H,114.962154
sortedness,0.24,0.2305,7,3,H,110.716199
sortedness,0.24,0.2305,7,1,R,112.641374
sortedness,0.24,0.2305,7,2,R,111.12406
sortedness,0.24,0.2305,7,3,R,111.546829
sortedness,0.24,0.234,8,1,I,124.466523
sortedness,0.24,0.234,8,2,I,129.18156
sortedness,0.24,0.234,8,3,I,128.95137
sortedness,0.24,0.234,8,1,Q,107.910139
sortedness,0.24,0.234,8,2,Q,111.351647
sortedness,0.24,0.234,8,3,Q,101.370958
sortedness,0.24,0.234,8,1,M,113.72978
sortedness,0.24,0.234,8,2,M,111.321251
sortedness,0.24,0.234,8,3,M,109.633578
sortedness,0.24,0.234,8,1,H,111.614699
sortedness,0.24,0.234,8,2,H,116.311857
sortedness,0.24,0.234,8,3,H,109.964943
sortedness,0.24,0.234,8,1,R,111.677015
sortedness,0.24,0.234,8,2,R,111.784525
sortedness,0.24,0.234,8,3,R,112.092019
sortedness,0.25,0.253,1,1,I,123.449002
sortedness,0.25,0.253,1,2,I,128.006712
sortedness,0.25,0.253,1,3,I,130.890321
sortedness,0.25,0.253,1,1,Q,116.917323
sortedness,0.25,0.253,1,2,Q,113.881156
sortedness,0.25,0.253,1,3,Q,108.257941
sortedness,0.25,0.253,1,1,M,113.346819
sortedness,0.25,0.253,1,2,M,114.229659
sortedness,0.25,0.253,1,3,M,110.026051
sortedness,0.25,0.253,1,1,H,109.484319
sortedness,0.25,0.253,1,2,H,108.492624
sortedness,0.25,0.253,1,3,H,112.571794
sortedness,0.25,0.253,1,1,R,108.325626
sortedness,0.25,0.253,1,2,R,111.743271
sortedness,0.25,0.253,1,3,R,116.546975
sortedness,0.25,0.25075,2,1,I,123.066744
sortedness,0.25,0.25075,2,2,I,123.800702
sortedness,0.25,0.25075,2,3,I,128.352648
sortedness,0.25,0.25075,2,1,Q,111.477032
sortedness,0.25,0.25075,2,2,Q,111.390673
sortedness,0.25,0.25075,2,3,Q,112.25028
sortedness,0.25,0.25075,2,1,M,110.695282
sortedness,0.25,0.25075,2,2,M,117.676695
sortedness,0.25,0.25075,2,3,M,110.510474
sortedness,0.25,0.25075,2,1,H,110.479894
sortedness,0.25,0.25075,2,2,H,110.484767
sortedness,0.25,0.25075,2,3,H,111.945383
sortedness,0.25,0.25075,2,1,R,110.748253
sortedness,0.25,0.25075,2,2,R,105.363036
sortedness,0.25,0.25075,2,3,R,114.833198
sortedness,0.25,0.252,3,1,I,137.957097
sortedness,0.25,0.252,3,2,I,150.018796
sortedness,0.25,0.252,3,3,I,122.831896
sortedness,0.25,0.252,3,1,Q,111.281426
sortedness,0.25,0.252,3,2,Q,110.3185
sortedness,0.25,0.252,3,3,Q,112.388517
sortedness,0.25,0.252,3,1,M,101.037965
sortedness,0.25,0.252,3,2,M,111.869565
sortedness,0.25,0.252,3,3,M,111.851734
sortedness,0.25,0.252,3,1,H,116.993243
sortedness,0.25,0.252,3,2,H,117.029779
sortedness,0.25,0.252,3,3,H,112.871932
sortedness,0.25,0.252,3,1,R,111.457798
sortedness,0.25,0.252,3,2,R,112.557497
sortedness,0.25,0.252,3,3,R,115.986126
sortedness,0.25,0.2525,4,1,I,125.845556
sortedness,0.25,0.2525,4,2,I,144.758521
sortedness,0.25,0.2525,4,3,I,128.082865
sortedness,0.25,0.2525,4,1,Q,111.832658
sortedness,0.25,0.2525,4,2,Q,114.787966
sortedness,0.25,0.2525,4,3,Q,109.715508
sortedness,0.25,0.2525,4,1,M,113.199308
sortedness,0.25,0.2525,4,2,M,118.405568
sortedness,0.25,0.2525,4,3,M,127.003753
sortedness,0.25,0.2525,4,1,H,110.962177
sortedness,0.25,0.2525,4,2,H,111.762723
sortedness,0.25,0.2525,4,3,H,109.539331
sortedness,0.25,0.2525,4,1,R,107.897458
sortedness,0.25,0.2525,4,2,R,111.564994
sortedness,0.25,0.2525,4,3,R,110.132357
sortedness,0.25,0.247,5,1,I,132.022724
sortedness,0.25,0.247,5,2,I,135.430719
sortedness,0.25,0.247,5,3,I,132.926966
sortedness,0.25,0.247,5,1,Q,116.549809
sortedness,0.25,0.247,5,2,Q,113.726272
sortedness,0.25,0.247,5,3,Q,110.120582
sortedness,0.25,0.247,5,1,M,107.952246
sortedness,0.25,0.247,5,2,M,111.15291
sortedness,0.25,0.247,5,3,M,109.55457
sortedness,0.25,0.247,5,1,H,108.741065
sortedness,0.25,0.247,5,2,H,99.968752
sortedness,0.25,0.247,5,3,H,109.139557
sortedness,0.25,0.247,5,1,R,110.354979
sortedness,0.25,0.247,5,2,R,100.130155
sortedness,0.25,0.247,5,3,R,125.586838
sortedness,0.25,0.251,6,1,I,116.354983
sortedness,0.25,0.251,6,2,I,133.777549
sortedness,0.25,0.251,6,3,I,128.978699
sortedness,0.25,0.251,6,1,Q,114.992501
sortedness,0.25,0.251,6,2,Q,121.33204
sortedness,0.25,0.251,6,3,Q,118.90903
sortedness,0.25,0.251,6,1,M,117.689146
sortedness,0.25,0.251,6,2,M,112.209083
sortedness,0.25,0.251,6,3,M,111.682096
sortedness,0.25,0.251,6,1,H,122.010028
sortedness,0.25,0.251,6,2,H,115.45744
sortedness,0.25,0.251,6,3,H,113.472141
sortedness,0.25,0.251,6,1,R,113.415733
sortedness,0.25,0.251,6,2,R,115.840896
sortedness,0.25,0.251,6,3,R,121.394664
sortedness,0.25,0.2515,7,1,I,133.194241
sortedness,0.25,0.2515,7,2,I,132.617185
sortedness,0.25,0.2515,7,3,I,133.695367
sortedness,0.25,0.2515,7,1,Q,118.195081
sortedness,0.25,0.2515,7,2,Q,111.495316
sortedness,0.25,0.2515,7,3,Q,110.823529
sortedness,0.25,0.2515,7,1,M,113.122181
sortedness,0.25,0.2515,7,2,M,113.973994
sortedness,0.25,0.2515,7,3,M,116.108784
sortedness,0.25,0.2515,7,1,H,110.570913
sortedness,0.25,0.2515,7,2,H,107.691159
sortedness,0.25,0.2515,7,3,H,109.9596
sortedness,0.25,0.2515,7,1,R,112.42333
sortedness,0.25,0.2515,7,2,R,107.980532
sortedness,0.25,0.2515,7,3,R,110.777994
sortedness,0.25,0.2525,8,1,I,126.642371
sortedness,0.25,0.2525,8,2,I,127.433791
sortedness,0.25,0.2525,8,3,I,127.65159
sortedness,0.25,0.2525,8,1,Q,116.379743
sortedness,0.25,0.2525,8,2,Q,111.327587
sortedness,0.25,0.2525,8,3,Q,109.110779
sortedness,0.25,0.2525,8,1,M,109.162794
sortedness,0.25,0.2525,8,2,M,110.790089
sortedness,0.25,0.2525,8,3,M,127.495956
sortedness,0.25,0.2525,8,1,H,168.84801
sortedness,0.25,0.2525,8,2,H,127.512425
sortedness,0.25,0.2525,8,3,H,122.68697
sortedness,0.25,0.2525,8,1,R,113.629599
sortedness,0.25,0.2525,8,2,R,106.544303
sortedness,0.25,0.2525,8,3,R,106.603638
sortedness,0.25,0.254,9,1,I,124.35457
sortedness,0.25,0.254,9,2,I,125.140647
sortedness,0.25,0.254,9,3,I,127.555809
sortedness,0.25,0.254,9,1,Q,111.759739
sortedness,0.25,0.254,9,2,Q,106.559003
sortedness,0.25,0.254,9,3,Q,114.731723
sortedness,0.25,0.254,9,1,M,106.349364
sortedness,0.25,0.254,9,2,M,100.954473
sortedness,0.25,0.254,9,3,M,109.785031
sortedness,0.25,0.254,9,1,H,112.77801
sortedness,0.25,0.254,9,2,H,120.874816
sortedness,0.25,0.254,9,3,H,120.94913
sortedness,0.25,0.254,9,1,R,115.200213
sortedness,0.25,0.254,9,2,R,110.462035
sortedness,0.25,0.254,9,3,R,109.357046
sortedness,0.25,0.256,10,1,I,128.316455
sortedness,0.25,0.256,10,2,I,121.357188
sortedness,0.25,0.256,10,3,I,127.853909
sortedness,0.25,0.256,10,1,Q,111.802746
sortedness,0.25,0.256,10,2,Q,104.045499
sortedness,0.25,0.256,10,3,Q,110.433317
sortedness,0.25,0.256,10,1,M,115.260533
sortedness,0.25,0.256,10,2,M,113.740678
sortedness,0.25,0.256,10,3,M,115.852909
sortedness,0.25,0.256,10,1,H,111.128629
sortedness,0.25,0.256,10,2,H,109.978365
sortedness,0.25,0.256,10,3,H,113.885636
sortedness,0.25,0.256,10,1,R,117.648877
sortedness,0.25,0.256,10,2,R,109.271796
sortedness,0.25,0.256,10,3,R,110.778875
sortedness,0.25,0.25225,11,1,I,125.755762
sortedness,0.25,0.25225,11,2,I,123.015419
sortedness,0.25,0.25225,11,3,I,123.535547
sortedness,0.25,0.25225,11,1,Q,119.392119
sortedness,0.25,0.25225,11,2,Q,109.923164
sortedness,0.25,0.25225,11,3,Q,113.395332
sortedness,0.25,0.25225,11,1,M,119.873917
sortedness,0.25,0.25225,11,2,M,111.882396
sortedness,0.25,0.25225,11,3,M,109.868638
sortedness,0.25,0.25225,11,1,H,125.30757
sortedness,0.25,0.25225,11,2,H,119.423587
sortedness,0.25,0.25225,11,3,H,103.768097
sortedness,0.25,0.25225,11,1,R,110.409971
sortedness,0.25,0.25225,11,2,R,111.781004
sortedness,0.25,0.25225,11,3,R,109.405584
sortedness,0.26,0.268,1,1,I,124.042266
sortedness,0.26,0.268,1,2,I,120.910872
sortedness,0.26,0.268,1,3,I,124.654443
sortedness,0.26,0.268,1,1,Q,124.980185
sortedness,0.26,0.268,1,2,Q,118.276264
sortedness,0.26,0.268,1,3,Q,112.886507
sortedness,0.26,0.268,1,1,M,121.426679
sortedness,0.26,0.268,1,2,M,113.66018
sortedness,0.26,0.268,1,3,M,112.928952
sortedness,0.26,0.268,1,1,H,117.963022
sortedness,0.26,0.268,1,2,H,123.916962
sortedness,0.26,0.268,1,3,H,112.664012
sortedness,0.26,0.268,1,1,R,114.280253
sortedness,0.26,0.268,1,2,R,124.28644
sortedness,0.26,0.268,1,3,R,119.281062
sortedness,0.26,0.25725,2,1,I,140.921519
sortedness,0.26,0.25725,2,2,I,134.122322
sortedness,0.26,0.25725,2,3,I,126.169885
sortedness,0.26,0.25725,2,1,Q,113.156107
sortedness,0.26,0.25725,2,2,Q,112.075323
sortedness,0.26,0.25725,2,3,Q,112.362552
sortedness,0.26,0.25725,2,1,M,116.414176
sortedness,0.26,0.25725,2,2,M,111.607812
sortedness,0.26,0.25725,2,3,M,114.058696
sortedness,0.26,0.25725,2,1,H,110.983406
sortedness,0.26,0.25725,2,2,H,109.546592
sortedness,0.26,0.25725,2,3,H,110.135166
sortedness,0.26,0.25725,2,1,R,104.489212
sortedness,0.26,0.25725,2,2,R,110.112799
sortedness,0.26,0.25725,2,3,R,111.515921
sortedness,0.26,0.27025,3,1,I,122.534918
sortedness,0.26,0.27025,3,2,I,109.501682
sortedness,0.26,0.27025,3,3,I,123.992887
sortedness,0.26,0.27025,3,1,Q,121.596071
sortedness,0.26,0.27025,3,2,Q,108.967298
sortedness,0.26,0.27025,3,3,Q,109.129907
sortedness,0.26,0.27025,3,1,M,109.330743
sortedness,0.26,0.27025,3,2,M,124.249582
sortedness,0.26,0.27025,3,3,M,113.000496
sortedness,0.26,0.27025,3,1,H,109.145834
sortedness,0.26,0.27025,3,2,H,111.907112
sortedness,0.26,0.27025,3,3,H,112.158251
sortedness,0.26,0.27025,3,1,R,109.446899
sortedness,0.26,0.27025,3,2,R,108.739033
sortedness,0.26,0.27025,3,3,R,112.398716
sortedness,0.26,0.2675,4,1,I,124.081588
sortedness,0.26,0.2675,4,2,I,132.984517
sortedness,0.26,0.2675,4,3,I,130.380852
sortedness,0.26,0.2675,4,1,Q,108.116699
sortedness,0.26,0.2675,4,2,Q,116.588495
sortedness,0.26,0.2675,4,3,Q,126.355297
sortedness,0.26,0.2675,4,1,M,134.106815
sortedness,0.26,0.2675,4,2,M,127.428673
sortedness,0.26,0.2675,4,3,M,130.260929
sortedness,0.26,0.2675,4,1,H,121.520028
sortedness,0.26,0.2675,4,2,H,119.763589
sortedness,0.26,0.2675,4,3,H,128.790916
sortedness,0.26,0.2675,4,1,R,115.956766
sortedness,0.26,0.2675,4,2,R,122.929843
sortedness,0.26,0.2675,4,3,R,115.920892
sortedness,0.26,0.2515,5,1,I,131.315623
sortedness,0.26,0.2515,5,2,I,129.180631
sortedness,0.26,0.2515,5,3,I,133.637838
sortedness,0.26,0.2515,5,1,Q,117.233363
sortedness,0.26,0.2515,5,2,Q,119.739362
sortedness,0.26,0.2515,5,3,Q,127.46845
sortedness,0.26,0.2515,5,1,M,119.489374
sortedness,0.26,0.2515,5,2,M,116.792109
sortedness,0.26,0.2515,5,3,M,118.189096
sortedness,0.26,0.2515,5,1,H,131.052809
sortedness,0.26,0.2515,5,2,H,122.818671
sortedness,0.26,0.2515,5,3,H,116.313539
sortedness,0.26,0.2515,5,1,R,118.844144
sortedness,0.26,0.2515,5,2,R,120.616818
sortedness,0.26,0.2515,5,3,R,118.690066
sortedness,0.26,0.261,6,1,I,121.735748
sortedness,0.26,0.261,6,2,I,131.092774
sortedness,0.26,0.261,6,3,I,130.56403
sortedness,0.26,0.261,6,1,Q,133.78938
sortedness,0.26,0.261,6,2,Q,106.017428
sortedness,0.26,0.261,6,3,Q,118.116624
sortedness,0.26,0.261,6,1,M,106.52445
sortedness,0.26,0.261,6,2,M,107.072118
sortedness,0.26,0.261,6,3,M,117.38448
sortedness,0.26,0.261,6,1,H,124.284621
sortedness,0.26,0.261,6,2,H,122.615588
sortedness,0.26,0.261,6,3,H,117.003813
sortedness,0.26,0.261,6,1,R,117.697095
sortedness,0.26,0.261,6,2,R,120.829592
sortedness,0.26,0.261,6,3,R,120.072274
sortedness,0.26,0.266,7,1,I,140.222365
sortedness,0.26,0.266,7,2,I,139.217434
sortedness,0.26,0.266,7,3,I,131.200231
sortedness,0.26,0.266,7,1,Q,131.97896
sortedness,0.26,0.266,7,2,Q,118.609906
sortedness,0.26,0.266,7,3,Q,118.73507
sortedness,0.26,0.266,7,1,M,117.617936
sortedness,0.26,0.266,7,2,M,119.442957
sortedness,0.26,0.266,7,3,M,114.532305
sortedness,0.26,0.266,7,1,H,121.758173
sortedness,0.26,0.266,7,2,H,120.787355
sortedness,0.26,0.266,7,3,H,118.715988
sortedness,0.26,0.266,7,1,R,115.845891
sortedness,0.26,0.266,7,2,R,117.42874
sortedness,0.26,0.266,7,3,R,123.058115
sortedness,0.26,0.2635,8,1,I,134.52556
sortedness,0.26,0.2635,8,2,I,135.64884
sortedness,0.26,0.2635,8,3,I,133.987098
sortedness,0.26,0.2635,8,1,Q,117.056595
sortedness,0.26,0.2635,8,2,Q,116.890018
sortedness,0.26,0.2635,8,3,Q,108.82757
sortedness,0.26,0.2635,8,1,M,122.49712
sortedness,0.26,0.2635,8,2,M,113.921175
sortedness,0.26,0.2635,8,3,M,119.004388
sortedness,0.26,0.2635,8,1,H,118.763859
sortedness,0.26,0.2635,8,2,H,120.748986
sortedness,0.26,0.2635,8,3,H,116.049784
sortedness,0.26,0.2635,8,1,R,118.324077
sortedness,0.26,0.2635,8,2,R,135.641115
sortedness,0.26,0.2635,8,3,R,149.015109
sortedness,0.27,0.27975,1,1,I,141.707705
sortedness,0.27,0.27975,1,2,I,146.277953
sortedness,0.27,0.27975,1,3,I,130.152329
sortedness,0.27,0.27975,1,1,Q,123.055609
sortedness,0.27,0.27975,1,2,Q,132.37984
sortedness,0.27,0.27975,1,3,Q,127.205276
sortedness,0.27,0.27975,1,1,M,122.739968
sortedness,0.27,0.27975,1,2,M,122.391675
sortedness,0.27,0.27975,1,3,M,125.286942
sortedness,0.27,0.27975,1,1,H,120.755726
sortedness,0.27,0.27975,1,2,H,130.59622
sortedness,0.27,0.27975,1,3,H,128.865032
sortedness,0.27,0.27975,1,1,R,131.692523
sortedness,0.27,0.27975,1,2,R,122.309552
sortedness,0.27,0.27975,1,3,R,120.768231
sortedness,0.27,0.26275,2,1,I,130.167914
sortedness,0.27,0.26275,2,2,I,135.39122
sortedness,0.27,0.26275,2,3,I,157.248637
sortedness,0.27,0.26275,2,1,Q,118.782927
sortedness,0.27,0.26275,2,2,Q,117.681026
sortedness,0.27,0.26275,2,3,Q,115.815059
sortedness,0.27,0.26275,2,1,M,132.61418
sortedness,0.27,0.26275,2,2,M,116.522742
sortedness,0.27,0.26275,2,3,M,121.421914
sortedness,0.27,0.26275,2,1,H,128.680519
sortedness,0.27,0.26275,2,2,H,118.224616
sortedness,0.27,0.26275,2,3,H,120.639463
sortedness,0.27,0.26275,2,1,R,121.968854
sortedness,0.27,0.26275,2,2,R,116.335323
sortedness,0.27,0.26275,2,3,R,118.298288
sortedness,0.27,0.27325,3,1,I,133.967238
sortedness,0.27,0.27325,3,2,I,132.477971
sortedness,0.27,0.27325,3,3,I,134.613481
sortedness,0.27,0.27325,3,1,Q,129.695177
sortedness,0.27,0.27325,3,2,Q,126.527961
sortedness,0.27,0.27325,3,3,Q,119.030464
sortedness,0.27,0.27325,3,1,M,119.950736
sortedness,0.27,0.27325,3,2,M,135.575397
sortedness,0.27,0.27325,3,3,M,143.608477
sortedness,0.27,0.27325,3,1,H,181.984503
sortedness,0.27,0.27325,3,2,H,118.194642
sortedness,0.27,0.27325,3,3,H,130.649497
sortedness,0.27,0.27325,3,1,R,126.136688
sortedness,0.27,0.27325,3,2,R,122.111868
sortedness,0.27,0.27325,3,3,R,119.643014
sortedness,0.27,0.26925,4,1,I,137.270058
sortedness,0.27,0.26925,4,2,I,132.804514
sortedness,0.27,0.26925,4,3,I,125.909152
sortedness,0.27,0.26925,4,1,Q,118.073263
sortedness,0.27,0.26925,4,2,Q,123.881538
sortedness,0.27,0.26925,4,3,Q,135.653893
sortedness,0.27,0.26925,4,1,M,122.503977
sortedness,0.27,0.26925,4,2,M,115.692754
sortedness,0.27,0.26925,4,3,M,132.402566
sortedness,0.27,0.26925,4,1,H,123.407517
sortedness,0.27,0.26925,4,2,H,121.022627
sortedness,0.27,0.26925,4,3,H,122.82388
sortedness,0.27,0.26925,4,1,R,115.575992
sortedness,0.27,0.26925,4,2,R,115.431028
sortedness,0.27,0.26925,4,3,R,136.338382
sortedness,0.27,0.27025,5,1,I,138.966845
sortedness,0.27,0.27025,5,2,I,136.373925
sortedness,0.27,0.27025,5,3,I,130.484911
sortedness,0.27,0.27025,5,1,Q,133.333229
sortedness,0.27,0.27025,5,2,Q,122.697763
sortedness,0.27,0.27025,5,3,Q,121.699511
sortedness,0.27,0.27025,5,1,M,104.491626
sortedness,0.27,0.27025,5,2,M,127.739142
sortedness,0.27,0.27025,5,3,M,118.411532
sortedness,0.27,0.27025,5,1,H,119.378966
sortedness,0.27,0.27025,5,2,H,114.279099
sortedness,0.27,0.27025,5,3,H,117.167419
sortedness,0.27,0.27025,5,1,R,119.470614
sortedness,0.27,0.27025,5,2,R,113.848341
sortedness,0.27,0.27025,5,3,R,123.200982
sortedness,0.27,0.256,6,1,I,136.697295
sortedness,0.27,0.256,6,2,I,143.05408
sortedness,0.27,0.256,6,3,I,158.70075
sortedness,0.27,0.256,6,1,Q,116.137733
sortedness,0.27,0.256,6,2,Q,123.592548
sortedness,0.27,0.256,6,3,Q,127.015277
sortedness,0.27,0.256,6,1,M,118.561596
sortedness,0.27,0.256,6,2,M,126.480972
sortedness,0.27,0.256,6,3,M,119.982761
sortedness,0.27,0.256,6,1,H,120.349764
sortedness,0.27,0.256,6,2,H,117.414345
sortedness,0.27,0.256,6,3,H,126.59747
sortedness,0.27,0.256,6,1,R,132.319672
sortedness,0.27,0.256,6,2,R,138.058003
sortedness,0.27,0.256,6,3,R,133.891786
sortedness,0.27,0.26,7,1,I,145.276516
sortedness,0.27,0.26,7,2,I,142.841748
sortedness,0.27,0.26,7,3,I,139.721936
sortedness,0.27,0.26,7,1,Q,125.361549
sortedness,0.27,0.26,7,2,Q,122.149836
sortedness,0.27,0.26,7,3,Q,141.763637
sortedness,0.27,0.26,7,1,M,118.30823
sortedness,0.27,0.26,7,2,M,119.564274
sortedness,0.27,0.26,7,3,M,116.766134
sortedness,0.27,0.26,7,1,H,116.133622
sortedness,0.27,0.26,7,2,H,119.497791
sortedness,0.27,0.26,7,3,H,119.079778
sortedness,0.27,0.26,7,1,R,117.629572
sortedness,0.27,0.26,7,2,R,121.905872
sortedness,0.27,0.26,7,3,R,127.653072
sortedness,0.27,0.26375,8,1,I,128.334679
sortedness,0.27,0.26375,8,2,I,128.596613
sortedness,0.27,0.26375,8,3,I,130.201682
sortedness,0.27,0.26375,8,1,Q,118.276946
sortedness,0.27,0.26375,8,2,Q,121.032041
sortedness,0.27,0.26375,8,3,Q,120.84878
sortedness,0.27,0.26375,8,1,M,119.943408
sortedness,0.27,0.26375,8,2,M,117.790274
sortedness,0.27,0.26375,8,3,M,123.042529
sortedness,0.27,0.26375,8,1,H,120.215279
sortedness,0.27,0.26375,8,2,H,118.997836
sortedness,0.27,0.26375,8,3,H,116.222328
sortedness,0.27,0.26375,8,1,R,139.445489
sortedness,0.27,0.26375,8,2,R,113.453887
sortedness,0.27,0.26375,8,3,R,116.940836
sortedness,0.28,0.28075,1,1,I,135.34044
sortedness,0.28,0.28075,1,2,I,128.115629
sortedness,0.28,0.28075,1,3,I,132.150316
sortedness,0.28,0.28075,1,1,Q,119.146638
sortedness,0.28,0.28075,1,2,Q,118.828025
sortedness,0.28,0.28075,1,3,Q,131.810023
sortedness,0.28,0.28075,1,1,M,128.083445
sortedness,0.28,0.28075,1,2,M,115.581438
sortedness,0.28,0.28075,1,3,M,128.115347
sortedness,0.28,0.28075,1,1,H,117.093811
sortedness,0.28,0.28075,1,2,H,137.36924
sortedness,0.28,0.28075,1,3,H,138.848586
sortedness,0.28,0.28075,1,1,R,121.263616
sortedness,0.28,0.28075,1,2,R,125.179357
sortedness,0.28,0.28075,1,3,R,121.770616
sortedness,0.28,0.29175,2,1,I,142.112491
sortedness,0.28,0.29175,2,2,I,132.136875
sortedness,0.28,0.29175,2,3,I,149.034072
sortedness,0.28,0.29175,2,1,Q,128.791185
sortedness,0.28,0.29175,2,2,Q,127.041301
sortedness,0.28,0.29175,2,3,Q,121.529575
sortedness,0.28,0.29175,2,1,M,123.776062
sortedness,0.28,0.29175,2,2,M,129.059465
sortedness,0.28,0.29175,2,3,M,123.88596
sortedness,0.28,0.29175,2,1,H,113.628424
sortedness,0.28,0.29175,2,2,H,122.614595
sortedness,0.28,0.29175,2,3,H,120.198329
sortedness,0.28,0.29175,2,1,R,123.284601
sortedness,0.28,0.29175,2,2,R,120.576964
sortedness,0.28,0.29175,2,3,R,116.004464
sortedness,0.28,0.2855,3,1,I,138.136341
sortedness,0.28,0.2855,3,2,I,138.320114
sortedness,0.28,0.2855,3,3,I,127.9346
sortedness,0.28,0.2855,3,1,Q,115.297222
sortedness,0.28,0.2855,3,2,Q,121.122033
sortedness,0.28,0.2855,3,3,Q,128.215561
sortedness,0.28,0.2855,3,1,M,129.998654
sortedness,0.28,0.2855,3,2,M,139.485409
sortedness,0.28,0.2855,3,3,M,127.041801
sortedness,0.28,0.2855,3,1,H,117.86845
sortedness,0.28,0.2855,3,2,H,116.039351
sortedness,0.28,0.2855,3,3,H,117.45749
sortedness,0.28,0.2855,3,1,R,119.620236
sortedness,0.28,0.2855,3,2,R,120.013423
sortedness,0.28,0.2855,3,3,R,119.660485
sortedness,0.28,0.269,4,1,I,136.418602
sortedness,0.28,0.269,4,2,I,134.823465
sortedness,0.28,0.269,4,3,I,139.71172
sortedness,0.28,0.269,4,1,Q,118.816992
sortedness,0.28,0.269,4,2,Q,128.272768
sortedness,0.28,0.269,4,3,Q,114.761957
sortedness,0.28,0.269,4,1,M,119.336488
sortedness,0.28,0.269,4,2,M,111.483655
sortedness,0.28,0.269,4,3,M,109.358997
sortedness,0.28,0.269,4,1,H,99.345546
sortedness,0.28,0.269,4,2,H,109.805308
sortedness,0.28,0.269,4,3,H,103.779214
sortedness,0.28,0.269,4,1,R,119.865742
sortedness,0.28,0.269,4,2,R,109.031029
sortedness,0.28,0.269,4,3,R,115.874356
sortedness,0.28,0.284,5,1,I,131.722895
sortedness,0.28,0.284,5,2,I,123.442926
sortedness,0.28,0.284,5,3,I,125.840705
sortedness,0.28,0.284,5,1,Q,109.104881
sortedness,0.28,0.284,5,2,Q,109.718503
sortedness,0.28,0.284,5,3,Q,110.675213
sortedness,0.28,0.284,5,1,M,110.748734
sortedness,0.28,0.284,5,2,M,108.776252
sortedness,0.28,0.284,5,3,M,115.983252
sortedness,0.28,0.284,5,1,H,111.720895
sortedness,0.28,0.284,5,2,H,116.74202
sortedness,0.28,0.284,5,3,H,106.260912
sortedness,0.28,0.284,5,1,R,111.207544
sortedness,0.28,0.284,5,2,R,103.346564
sortedness,0.28,0.284,5,3,R,110.55316
sortedness,0.28,0.28025,6,1,I,126.115791
sortedness,0.28,0.28025,6,2,I,125.058755
sortedness,0.28,0.28025,6,3,I,123.65061
sortedness,0.28,0.28025,6,1,Q,110.836211
sortedness,0.28,0.28025,6,2,Q,126.801706
sortedness,0.28,0.28025,6,3,Q,110.910021
sortedness,0.28,0.28025,6,1,M,113.108741
sortedness,0.28,0.28025,6,2,M,116.203723
sortedness,0.28,0.28025,6,3,M,110.648977
sortedness,0.28,0.28025,6,1,H,105.970331
sortedness,0.28,0.28025,6,2,H,101.563568
sortedness,0.28,0.28025,6,3,H,110.669916
sortedness,0.28,0.28025,6,1,R,110.240236
sortedness,0.28,0.28025,6,2,R,108.569653
sortedness,0.28,0.28025,6,3,R,109.671853
sortedness,0.28,0.28175,7,1,I,152.607035
sortedness,0.28,0.28175,7,2,I,140.205507
sortedness,0.28,0.28175,7,3,I,158.534746
sortedness,0.28,0.28175,7,1,Q,109.339522
sortedness,0.28,0.28175,7,2,Q,110.025649
sortedness,0.28,0.28175,7,3,Q,107.297805
sortedness,0.28,0.28175,7,1,M,106.956515
sortedness,0.28,0.28175,7,2,M,99.127175
sortedness,0.28,0.28175,7,3,M,116.227728
sortedness,0.28,0.28175,7,1,H,114.538768
sortedness,0.28,0.28175,7,2,H,128.708477
sortedness,0.28,0.28175,7,3,H,123.423882
sortedness,0.28,0.28175,7,1,R,112.84468
sortedness,0.28,0.28175,7,2,R,109.930827
sortedness,0.28,0.28175,7,3,R,125.17652
sortedness,0.28,0.2745,8,1,I,126.129872
sortedness,0.28,0.2745,8,2,I,124.617866
sortedness,0.28,0.2745,8,3,I,138.203098
sortedness,0.28,0.2745,8,1,Q,108.56123
sortedness,0.28,0.2745,8,2,Q,115.210883
sortedness,0.28,0.2745,8,3,Q,121.850643
sortedness,0.28,0.2745,8,1,M,113.043379
sortedness,0.28,0.2745,8,2,M,112.166592
sortedness,0.28,0.2745,8,3,M,114.092181
sortedness,0.28,0.2745,8,1,H,119.212568
sortedness,0.28,0.2745,8,2,H,109.817899
sortedness,0.28,0.2745,8,3,H,121.166297
sortedness,0.28,0.2745,8,1,R,123.697295
sortedness,0.28,0.2745,8,2,R,127.427834
sortedness,0.28,0.2745,8,3,R,111.77625
sortedness,0.28,0.294,9,1,I,164.529089
sortedness,0.28,0.294,9,2,I,133.627561
sortedness,0.28,0.294,9,3,I,128.059559
sortedness,0.28,0.294,9,1,Q,114.936725
sortedness,0.28,0.294,9,2,Q,109.874153
sortedness,0.28,0.294,9,3,Q,121.528341
sortedness,0.28,0.294,9,1,M,110.711993
sortedness,0.28,0.294,9,2,M,121.670216
sortedness,0.28,0.294,9,3,M,111.067229
sortedness,0.28,0.294,9,1,H,121.64381
sortedness,0.28,0.294,9,2,H,113.512238
sortedness,0.28,0.294,9,3,H,125.208183
sortedness,0.28,0.294,9,1,R,120.919533
sortedness,0.28,0.294,9,2,R,111.13573
sortedness,0.28,0.294,9,3,R,118.734776
sortedness,0.29,0.285,1,1,I,143.486191
sortedness,0.29,0.285,1,2,I,127.309716
sortedness,0.29,0.285,1,3,I,148.31889
sortedness,0.29,0.285,1,1,Q,120.221404
sortedness,0.29,0.285,1,2,Q,129.648895
sortedness,0.29,0.285,1,3,Q,121.89832
sortedness,0.29,0.285,1,1,M,116.528523
sortedness,0.29,0.285,1,2,M,117.408553
sortedness,0.29,0.285,1,3,M,123.797831
sortedness,0.29,0.285,1,1,H,122.896383
sortedness,0.29,0.285,1,2,H,116.982172
sortedness,0.29,0.285,1,3,H,107.26692
sortedness,0.29,0.285,1,1,R,110.543302
sortedness,0.29,0.285,1,2,R,109.773999
sortedness,0.29,0.285,1,3,R,118.387673
sortedness,0.29,0.292,2,1,I,125.28759
sortedness,0.29,0.292,2,2,I,123.394688
sortedness,0.29,0.292,2,3,I,122.001226
sortedness,0.29,0.292,2,1,Q,109.030659
sortedness,0.29,0.292,2,2,Q,117.618839
sortedness,0.29,0.292,2,3,Q,109.331237
sortedness,0.29,0.292,2,1,M,111.216587
sortedness,0.29,0.292,2,2,M,120.962177
sortedness,0.29,0.292,2,3,M,124.356254
sortedness,0.29,0.292,2,1,H,114.162927
sortedness,0.29,0.292,2,2,H,125.001298
sortedness,0.29,0.292,2,3,H,142.984167
sortedness,0.29,0.292,2,1,R,118.673542
sortedness,0.29,0.292,2,2,R,119.166425
sortedness,0.29,0.292,2,3,R,109.791808
sortedness,0.29,0.28325,3,1,I,121.616688
sortedness,0.29,0.28325,3,2,I,122.309781
sortedness,0.29,0.28325,3,3,I,134.681544
sortedness,0.29,0.28325,3,1,Q,116.984474
sortedness,0.29,0.28325,3,2,Q,113.019527
sortedness,0.29,0.28325,3,3,Q,120.075024
sortedness,0.29,0.28325,3,1,M,114.614485
sortedness,0.29,0.28325,3,2,M,127.1459
sortedness,0.29,0.28325,3,3,M,133.382897
sortedness,0.29,0.28325,3,1,H,120.729538
sortedness,0.29,0.28325,3,2,H,124.910756
sortedness,0.29,0.28325,3,3,H,130.736166
sortedness,0.29,0.28325,3,1,R,119.027696
sortedness,0.29,0.28325,3,2,R,118.999837
sortedness,0.29,0.28325,3,3,R,113.97171
sortedness,0.29,0.2845,4,1,I,127.72263
sortedness,0.29,0.2845,4,2,I,130.15214
sortedness,0.29,0.2845,4,3,I,132.161643
sortedness,0.29,0.2845,4,1,Q,111.218953
sortedness,0.29,0.2845,4,2,Q,112.102914
sortedness,0.29,0.2845,4,3,Q,124.622609
sortedness,0.29,0.2845,4,1,M,123.028611
sortedness,0.29,0.2845,4,2,M,119.273707
sortedness,0.29,0.2845,4,3,M,114.794589
sortedness,0.29,0.2845,4,1,H,110.516646
sortedness,0.29,0.2845,4,2,H,111.760631
sortedness,0.29,0.2845,4,3,H,115.564598
sortedness,0.29,0.2845,4,1,R,115.674433
sortedness,0.29,0.2845,4,2,R,124.172533
sortedness,0.29,0.2845,4,3,R,136.636175
sortedness,0.29,0.288,5,1,I,129.15273
sortedness,0.29,0.288,5,2,I,134.894929
sortedness,0.29,0.288,5,3,I,128.714471
sortedness,0.29,0.288,5,1,Q,120.289874
sortedness,0.29,0.288,5,2,Q,126.168436
sortedness,0.29,0.288,5,3,Q,130.588222
sortedness,0.29,0.288,5,1,M,127.431919
sortedness,0.29,0.288,5,2,M,133.371405
sortedness,0.29,0.288,5,3,M,100.659887
sortedness,0.29,0.288,5,1,H,114.240281
sortedness,0.29,0.288,5,2,H,111.300206
sortedness,0.29,0.288,5,3,H,110.958522
sortedness,0.29,0.288,5,1,R,114.106574
sortedness,0.29,0.288,5,2,R,116.496105
sortedness,0.29,0.288,5,3,R,110.078072
sortedness,0.29,0.28725,6,1,I,126.106641
sortedness,0.29,0.28725,6,2,I,128.19449
sortedness,0.29,0.28725,6,3,I,135.603859
sortedness,0.29,0.28725,6,1,Q,112.006996
sortedness,0.29,0.28725,6,2,Q,119.032494
sortedness,0.29,0.28725,6,3,Q,119.56922
sortedness,0.29,0.28725,6,1,M,105.928789
sortedness,0.29,0.28725,6,2,M,114.680564
sortedness,0.29,0.28725,6,3,M,112.336876
sortedness,0.29,0.28725,6,1,H,113.786222
sortedness,0.29,0.28725,6,2,H,115.745321
sortedness,0.29,0.28725,6,3,H,121.725976
sortedness,0.29,0.28725,6,1,R,124.680248
sortedness,0.29,0.28725,6,2,R,118.119436
sortedness,0.29,0.28725,6,3,R,114.133256
sortedness,0.29,0.28575,7,1,I,126.316023
sortedness,0.29,0.28575,7,2,I,129.315933
sortedness,0.29,0.28575,7,3,I,113.467922
sortedness,0.29,0.28575,7,1,Q,109.432796
sortedness,0.29,0.28575,7,2,Q,109.749366
sortedness,0.29,0.28575,7,3,Q,112.140622
sortedness,0.29,0.28575,7,1,M,101.461421
sortedness,0.29,0.28575,7,2,M,110.028707
sortedness,0.29,0.28575,7,3,M,110.60499
sortedness,0.29,0.28575,7,1,H,113.947731
sortedness,0.29,0.28575,7,2,H,119.270279
sortedness,0.29,0.28575,7,3,H,102.361462
sortedness,0.29,0.28575,7,1,R,110.709337
sortedness,0.29,0.28575,7,2,R,117.363078
sortedness,0.29,0.28575,7,3,R,112.236809
sortedness,0.29,0.284,8,1,I,129.099733
sortedness,0.29,0.284,8,2,I,132.173618
sortedness,0.29,0.284,8,3,I,132.52406
sortedness,0.29,0.284,8,1,Q,113.814355
sortedness,0.29,0.284,8,2,Q,130.410341
sortedness,0.29,0.284,8,3,Q,107.195838
sortedness,0.29,0.284,8,1,M,117.249872
sortedness,0.29,0.284,8,2,M,109.107607
sortedness,0.29,0.284,8,3,M,113.467874
sortedness,0.29,0.284,8,1,H,112.310723
sortedness,0.29,0.284,8,2,H,110.086398
sortedness,0.29,0.284,8,3,H,112.348824
sortedness,0.29,0.284,8,1,R,113.76755
sortedness,0.29,0.284,8,2,R,114.132488
sortedness,0.29,0.284,8,3,R,99.193994
sortedness,0.3,0.3045,1,1,I,135.333861
sortedness,0.3,0.3045,1,2,I,131.017067
sortedness,0.3,0.3045,1,3,I,248.603946
sortedness,0.3,0.3045,1,1,Q,117.634509
sortedness,0.3,0.3045,1,2,Q,111.588713
sortedness,0.3,0.3045,1,3,Q,115.269035
sortedness,0.3,0.3045,1,1,M,123.109546
sortedness,0.3,0.3045,1,2,M,116.546378
sortedness,0.3,0.3045,1,3,M,118.193163
sortedness,0.3,0.3045,1,1,H,114.753558
sortedness,0.3,0.3045,1,2,H,113.672148
sortedness,0.3,0.3045,1,3,H,120.663401
sortedness,0.3,0.3045,1,1,R,115.585871
sortedness,0.3,0.3045,1,2,R,118.269693
sortedness,0.3,0.3045,1,3,R,115.556734
sortedness,0.3,0.295,2,1,I,143.71265
sortedness,0.3,0.295,2,2,I,130.205073
sortedness,0.3,0.295,2,3,I,124.344452
sortedness,0.3,0.295,2,1,Q,117.334651
sortedness,0.3,0.295,2,2,Q,114.19291
sortedness,0.3,0.295,2,3,Q,114.984128
sortedness,0.3,0.295,2,1,M,114.814531
sortedness,0.3,0.295,2,2,M,129.651991
sortedness,0.3,0.295,2,3,M,122.904859
sortedness,0.3,0.295,2,1,H,113.519697
sortedness,0.3,0.295,2,2,H,111.815602
sortedness,0.3,0.295,2,3,H,111.782295
sortedness,0.3,0.295,2,1,R,109.872973
sortedness,0.3,0.295,2,2,R,115.58584
sortedness,0.3,0.295,2,3,R,113.835494
sortedness,0.3,0.28975,3,1,I,135.688568
sortedness,0.3,0.28975,3,2,I,113.263556
sortedness,0.3,0.28975,3,3,I,126.40114
sortedness,0.3,0.28975,3,1,Q,116.743607
sortedness,0.3,0.28975,3,2,Q,99.192142
sortedness,0.3,0.28975,3,3,Q,111.001372
sortedness,0.3,0.28975,3,1,M,116.617939
sortedness,0.3,0.28975,3,2,M,109.57614
sortedness,0.3,0.28975,3,3,M,124.330119
sortedness,0.3,0.28975,3,1,H,126.476562
sortedness,0.3,0.28975,3,2,H,123.474169
sortedness,0.3,0.28975,3,3,H,119.811082
sortedness,0.3,0.28975,3,1,R,114.315109
sortedness,0.3,0.28975,3,2,R,117.950628
sortedness,0.3,0.28975,3,3,R,102.712031
sortedness,0.3,0.29725,4,1,I,128.318258
sortedness,0.3,0.29725,4,2,I,129.992437
sortedness,0.3,0.29725,4,3,I,115.805679
sortedness,0.3,0.29725,4,1,Q,118.077289
sortedness,0.3,0.29725,4,2,Q,114.414501
sortedness,0.3,0.29725,4,3,Q,111.9268
sortedness,0.3,0.29725,4,1,M,112.027464
sortedness,0.3,0.29725,4,2,M,112.685759
sortedness,0.3,0.29725,4,3,M,112.525272
sortedness,0.3,0.29725,4,1,H,110.997124
sortedness,0.3,0.29725,4,2,H,118.223228
sortedness,0.3,0.29725,4,3,H,122.831377
sortedness,0.3,0.29725,4,1,R,118.091631
sortedness,0.3,0.29725,4,2,R,114.701385
sortedness,0.3,0.29725,4,3,R,110.270387
sortedness,0.3,0.31475,5,1,I,122.543133
sortedness,0.3,0.31475,5,2,I,128.674005
sortedness,0.3,0.31475,5,3,I,125.148787
sortedness,0.3,0.31475,5,1,Q,116.983207
sortedness,0.3,0.31475,5,2,Q,118.186199
sortedness,0.3,0.31475,5,3,Q,111.092553
sortedness,0.3,0.31475,5,1,M,117.267301
sortedness,0.3,0.31475,5,2,M,110.379241
sortedness,0.3,0.31475,5,3,M,110.56832
sortedness,0.3,0.31475,5,1,H,115.419462
sortedness,0.3,0.31475,5,2,H,111.36619
sortedness,0.3,0.31475,5,3,H,112.064125
sortedness,0.3,0.31475,5,1,R,109.020824
sortedness,0.3,0.31475,5,2,R,118.308594
sortedness,0.3,0.31475,5,3,R,124.438565
sortedness,0.3,0.3055,6,1,I,117.403576
sortedness,0.3,0.3055,6,2,I,131.059852
sortedness,0.3,0.3055,6,3,I,124.117211
sortedness,0.3,0.3055,6,1,Q,122.754847
sortedness,0.3,0.3055,6,2,Q,119.231575
sortedness,0.3,0.3055,6,3,Q,121.589083
sortedness,0.3,0.3055,6,1,M,120.165791
sortedness,0.3,0.3055,6,2,M,121.088549
sortedness,0.3,0.3055,6,3,M,109.819602
sortedness,0.3,0.3055,6,1,H,119.621631
sortedness,0.3,0.3055,6,2,H,104.539605
sortedness,0.3,0.3055,6,3,H,104.51144
sortedness,0.3,0.3055,6,1,R,117.590765
sortedness,0.3,0.3055,6,2,R,101.0701
sortedness,0.3,0.3055,6,3,R,114.74098
sortedness,0.3,0.29125,7,1,I,126.822471
sortedness,0.3,0.29125,7,2,I,127.092793
sortedness,0.3,0.29125,7,3,I,127.210332
sortedness,0.3,0.29125,7,1,Q,113.691527
sortedness,0.3,0.29125,7,2,Q,116.053054
sortedness,0.3,0.29125,7,3,Q,121.457954
sortedness,0.3,0.29125,7,1,M,124.781103
sortedness,0.3,0.29125,7,2,M,126.343237
sortedness,0.3,0.29125,7,3,M,121.216799
sortedness,0.3,0.29125,7,1,H,112.933143
sortedness,0.3,0.29125,7,2,H,114.025031
sortedness,0.3,0.29125,7,3,H,121.773733
sortedness,0.3,0.29125,7,1,R,118.69048
sortedness,0.3,0.29125,7,2,R,114.590658
sortedness,0.3,0.29125,7,3,R,109.608101
sortedness,0.3,0.29425,8,1,I,126.151778
sortedness,0.3,0.29425,8,2,I,125.374057
sortedness,0.3,0.29425,8,3,I,124.791885
sortedness,0.3,0.29425,8,1,Q,111.8242
sortedness,0.3,0.29425,8,2,Q,111.131311
sortedness,0.3,0.29425,8,3,Q,124.204546
sortedness,0.3,0.29425,8,1,M,120.850152
sortedness,0.3,0.29425,8,2,M,119.885021
sortedness,0.3,0.29425,8,3,M,111.278619
sortedness,0.3,0.29425,8,1,H,125.056168
sortedness,0.3,0.29425,8,2,H,132.681128
sortedness,0.3,0.29425,8,3,H,114.333136
sortedness,0.3,0.29425,8,1,R,116.149663
sortedness,0.3,0.29425,8,2,R,111.650711
sortedness,0.3,0.29425,8,3,R,110.115857
sortedness,0.3,0.3025,9,1,I,125.20186
sortedness,0.3,0.3025,9,2,I,124.363745
sortedness,0.3,0.3025,9,3,I,124.149689
sortedness,0.3,0.3025,9,1,Q,110.842544
sortedness,0.3,0.3025,9,2,Q,116.073503
sortedness,0.3,0.3025,9,3,Q,119.470999
sortedness,0.3,0.3025,9,1,M,125.996294
sortedness,0.3,0.3025,9,2,M,123.239236
sortedness,0.3,0.3025,9,3,M,115.188701
sortedness,0.3,0.3025,9,1,H,111.616934
sortedness,0.3,0.3025,9,2,H,113.289151
sortedness,0.3,0.3025,9,3,H,111.626386
sortedness,0.3,0.3025,9,1,R,109.958603
sortedness,0.3,0.3025,9,2,R,109.878005
sortedness,0.3,0.3025,9,3,R,114.07689
sortedness,0.3,0.30975,10,1,I,132.669311
sortedness,0.3,0.30975,10,2,I,124.712059
sortedness,0.3,0.30975,10,3,I,126.301542
sortedness,0.3,0.30975,10,1,Q,111.460714
sortedness,0.3,0.30975,10,2,Q,110.588473
sortedness,0.3,0.30975,10,3,Q,114.700087
sortedness,0.3,0.30975,10,1,M,112.518047
sortedness,0.3,0.30975,10,2,M,112.474748
sortedness,0.3,0.30975,10,3,M,98.541496
sortedness,0.3,0.30975,10,1,H,114.334417
sortedness,0.3,0.30975,10,2,H,113.03542
sortedness,0.3,0.30975,10,3,H,113.736766
sortedness,0.3,0.30975,10,1,R,110.815242
sortedness,0.3,0.30975,10,2,R,113.313809
sortedness,0.3,0.30975,10,3,R,116.327391
sortedness,0.3,0.29225,11,1,I,139.895646
sortedness,0.3,0.29225,11,2,I,130.279748
sortedness,0.3,0.29225,11,3,I,126.499189
sortedness,0.3,0.29225,11,1,Q,104.641924
sortedness,0.3,0.29225,11,2,Q,120.991472
sortedness,0.3,0.29225,11,3,Q,122.296262
sortedness,0.3,0.29225,11,1,M,110.334603
sortedness,0.3,0.29225,11,2,M,115.553527
sortedness,0.3,0.29225,11,3,M,126.564121
sortedness,0.3,0.29225,11,1,H,112.726338
sortedness,0.3,0.29225,11,2,H,110.497175
sortedness,0.3,0.29225,11,3,H,116.617071
sortedness,0.3,0.29225,11,1,R,120.493299
sortedness,0.3,0.29225,11,2,R,114.425188
sortedness,0.3,0.29225,11,3,R,113.816015
sortedness,0.3,0.2965,12,1,I,125.488936
sortedness,0.3,0.2965,12,2,I,133.261006
sortedness,0.3,0.2965,12,3,I,132.108392
sortedness,0.3,0.2965,12,1,Q,122.206529
sortedness,0.3,0.2965,12,2,Q,120.209717
sortedness,0.3,0.2965,12,3,Q,108.045536
sortedness,0.3,0.2965,12,1,M,120.097226
sortedness,0.3,0.2965,12,2,M,112.870814
sortedness,0.3,0.2965,12,3,M,110.442364
sortedness,0.3,0.2965,12,1,H,118.056378
sortedness,0.3,0.2965,12,2,H,116.845609
sortedness,0.3,0.2965,12,3,H,114.129747
sortedness,0.3,0.2965,12,1,R,115.797495
sortedness,0.3,0.2965,12,2,R,111.874036
sortedness,0.3,0.2965,12,3,R,120.279687
sortedness,0.3,0.30975,13,1,I,127.733674
sortedness,0.3,0.30975,13,2,I,124.523615
sortedness,0.3,0.30975,13,3,I,133.087832
sortedness,0.3,0.30975,13,1,Q,115.417324
sortedness,0.3,0.30975,13,2,Q,114.12149
sortedness,0.3,0.30975,13,3,Q,110.384218
sortedness,0.3,0.30975,13,1,M,119.173443
sortedness,0.3,0.30975,13,2,M,126.304044
sortedness,0.3,0.30975,13,3,M,110.515981
sortedness,0.3,0.30975,13,1,H,110.960471
sortedness,0.3,0.30975,13,2,H,110.990944
sortedness,0.3,0.30975,13,3,H,114.99128
sortedness,0.3,0.30975,13,1,R,113.883711
sortedness,0.3,0.30975,13,2,R,109.176666
sortedness,0.3,0.30975,13,3,R,110.49591
sortedness,0.3,0.29525,14,1,I,124.766907
sortedness,0.3,0.29525,14,2,I,129.446571
sortedness,0.3,0.29525,14,3,I,116.511628
sortedness,0.3,0.29525,14,1,Q,118.770124
sortedness,0.3,0.29525,14,2,Q,131.724564
sortedness,0.3,0.29525,14,3,Q,112.568432
sortedness,0.3,0.29525,14,1,M,119.374659
sortedness,0.3,0.29525,14,2,M,123.230386
sortedness,0.3,0.29525,14,3,M,118.537867
sortedness,0.3,0.29525,14,1,H,113.193906
sortedness,0.3,0.29525,14,2,H,133.041793
sortedness,0.3,0.29525,14,3,H,115.564696
sortedness,0.3,0.29525,14,1,R,128.340723
sortedness,0.3,0.29525,14,2,R,119.026774
sortedness,0.3,0.29525,14,3,R,116.426026
sortedness,0.31,0.29175,1,1,I,137.632989
sortedness,0.31,0.29175,1,2,I,131.055767
sortedness,0.31,0.29175,1,3,I,130.192044
sortedness,0.31,0.29175,1,1,Q,112.216439
sortedness,0.31,0.29175,1,2,Q,112.618371
sortedness,0.31,0.29175,1,3,Q,117.647976
sortedness,0.31,0.29175,1,1,M,111.907732
sortedness,0.31,0.29175,1,2,M,112.292293
sortedness,0.31,0.29175,1,3,M,108.736727
sortedness,0.31,0.29175,1,1,H,103.93154
sortedness,0.31,0.29175,1,2,H,113.339025
sortedness,0.31,0.29175,1,3,H,109.982645
sortedness,0.31,0.29175,1,1,R,115.656563
sortedness,0.31,0.29175,1,2,R,114.716821
sortedness,0.31,0.29175,1,3,R,109.88588
sortedness,0.31,0.31425,2,1,I,114.239336
sortedness,0.31,0.31425,2,2,I,123.551705
sortedness,0.31,0.31425,2,3,I,117.121219
sortedness,0.31,0.31425,2,1,Q,108.779448
sortedness,0.31,0.31425,2,2,Q,110.933898
sortedness,0.31,0.31425,2,3,Q,109.383623
sortedness,0.31,0.31425,2,1,M,109.79729
sortedness,0.31,0.31425,2,2,M,116.309149
sortedness,0.31,0.31425,2,3,M,114.037483
sortedness,0.31,0.31425,2,1,H,110.296826
sortedness,0.31,0.31425,2,2,H,112.019954
sortedness,0.31,0.31425,2,3,H,109.639006
sortedness,0.31,0.31425,2,1,R,113.478622
sortedness,0.31,0.31425,2,2,R,119.379644
sortedness,0.31,0.31425,2,3,R,110.38331
sortedness,0.31,0.3055,3,1,I,126.999133
sortedness,0.31,0.3055,3,2,I,125.808666
sortedness,0.31,0.3055,3,3,I,147.92387
sortedness,0.31,0.3055,3,1,Q,122.902004
sortedness,0.31,0.3055,3,2,Q,112.373004
sortedness,0.31,0.3055,3,3,Q,114.144541
sortedness,0.31,0.3055,3,1,M,112.127099
sortedness,0.31,0.3055,3,2,M,112.143168
sortedness,0.31,0.3055,3,3,M,112.064505
sortedness,0.31,0.3055,3,1,H,114.200415
sortedness,0.31,0.3055,3,2,H,110.373203
sortedness,0.31,0.3055,3,3,H,113.701861
sortedness,0.31,0.3055,3,1,R,110.411462
sortedness,0.31,0.3055,3,2,R,112.353708
sortedness,0.31,0.3055,3,3,R,115.236321
sortedness,0.31,0.3165,4,1,I,123.481129
sortedness,0.31,0.3165,4,2,I,123.997139
sortedness,0.31,0.3165,4,3,I,126.901878
sortedness,0.31,0.3165,4,1,Q,107.857084
sortedness,0.31,0.3165,4,2,Q,109.90653
sortedness,0.31,0.3165,4,3,Q,110.577265
sortedness,0.31,0.3165,4,1,M,110.76373
sortedness,0.31,0.3165,4,2,M,110.734017
sortedness,0.31,0.3165,4,3,M,109.39188
sortedness,0.31,0.3165,4,1,H,113.819052
sortedness,0.31,0.3165,4,2,H,114.776301
sortedness,0.31,0.3165,4,3,H,116.011863
sortedness,0.31,0.3165,4,1,R,124.855535
sortedness,0.31,0.3165,4,2,R,114.448708
sortedness,0.31,0.3165,4,3,R,112.061481
sortedness,0.31,0.30775,5,1,I,125.193673
sortedness,0.31,0.30775,5,2,I,119.253151
sortedness,0.31,0.30775,5,3,I,124.778382
sortedness,0.31,0.30775,5,1,Q,111.048452
sortedness,0.31,0.30775,5,2,Q,121.044579
sortedness,0.31,0.30775,5,3,Q,114.061845
sortedness,0.31,0.30775,5,1,M,114.434817
sortedness,0.31,0.30775,5,2,M,110.99385
sortedness,0.31,0.30775,5,3,M,108.365658
sortedness,0.31,0.30775,5,1,H,110.359505
sortedness,0.31,0.30775,5,2,H,109.95914
sortedness,0.31,0.30775,5,3,H,110.558418
sortedness,0.31,0.30775,5,1,R,115.174162
sortedness,0.31,0.30775,5,2,R,118.987295
sortedness,0.31,0.30775,5,3,R,119.681604
sortedness,0.31,0.297,6,1,I,149.60478
sortedness,0.31,0.297,6,2,I,128.502957
sortedness,0.31,0.297,6,3,I,124.135002
sortedness,0.31,0.297,6,1,Q,112.214315
sortedness,0.31,0.297,6,2,Q,113.170939
sortedness,0.31,0.297,6,3,Q,116.010075
sortedness,0.31,0.297,6,1,M,114.51564
sortedness,0.31,0.297,6,2,M,122.80962
sortedness,0.31,0.297,6,3,M,118.752668
sortedness,0.31,0.297,6,1,H,119.295726
sortedness,0.31,0.297,6,2,H,110.821912
sortedness,0.31,0.297,6,3,H,124.828947
sortedness,0.31,0.297,6,1,R,119.052784
sortedness,0.31,0.297,6,2,R,111.548973
sortedness,0.31,0.297,6,3,R,110.621095
sortedness,0.31,0.313,7,1,I,134.940685
sortedness,0.31,0.313,7,2,I,138.323961
sortedness,0.31,0.313,7,3,I,130.882117
sortedness,0.31,0.313,7,1,Q,122.024959
sortedness,0.31,0.313,7,2,Q,109.814653
sortedness,0.31,0.313,7,3,Q,110.081126
sortedness,0.31,0.313,7,1,M,113.911231
sortedness,0.31,0.313,7,2,M,113.407625
sortedness,0.31,0.313,7,3,M,113.330622
sortedness,0.31,0.313,7,1,H,118.068087
sortedness,0.31,0.313,7,2,H,112.223999
sortedness,0.31,0.313,7,3,H,114.90406
sortedness,0.31,0.313,7,1,R,110.149086
sortedness,0.31,0.313,7,2,R,109.099088
sortedness,0.31,0.313,7,3,R,103.763714
sortedness,0.31,0.2975,8,1,I,122.589428
sortedness,0.31,0.2975,8,2,I,122.586478
sortedness,0.31,0.2975,8,3,I,127.307988
sortedness,0.31,0.2975,8,1,Q,109.412172
sortedness,0.31,0.2975,8,2,Q,116.082062
sortedness,0.31,0.2975,8,3,Q,110.727307
sortedness,0.31,0.2975,8,1,M,106.404607
sortedness,0.31,0.2975,8,2,M,112.261499
sortedness,0.31,0.2975,8,3,M,115.272278
sortedness,0.31,0.2975,8,1,H,117.200218
sortedness,0.31,0.2975,8,2,H,110.183006
sortedness,0.31,0.2975,8,3,H,109.434579
sortedness,0.31,0.2975,8,1,R,112.171086
sortedness,0.31,0.2975,8,2,R,128.800355
sortedness,0.31,0.2975,8,3,R,108.373298
sortedness,0.32,0.32,1,1,I,171.801869
sortedness,0.32,0.32,1,2,I,123.21075
sortedness,0.32,0.32,1,3,I,120.984117
sortedness,0.32,0.32,1,1,Q,110.10096
sortedness,0.32,0.32,1,2,Q,109.808371
sortedness,0.32,0.32,1,3,Q,112.630278
sortedness,0.32,0.32,1,1,M,108.530388
sortedness,0.32,0.32,1,2,M,113.70583
sortedness,0.32,0.32,1,3,M,112.04126
sortedness,0.32,0.32,1,1,H,114.970581
sortedness,0.32,0.32,1,2,H,109.23272
sortedness,0.32,0.32,1,3,H,111.672997
sortedness,0.32,0.32,1,1,R,114.47884
sortedness,0.32,0.32,1,2,R,110.995395
sortedness,0.32,0.32,1,3,R,111.410801
sortedness,0.32,0.32025,2,1,I,120.778902
sortedness,0.32,0.32025,2,2,I,122.467058
sortedness,0.32,0.32025,2,3,I,114.155559
sortedness,0.32,0.32025,2,1,Q,110.556222
sortedness,0.32,0.32025,2,2,Q,109.483322
sortedness,0.32,0.32025,2,3,Q,111.11116
sortedness,0.32,0.32025,2,1,M,103.307121
sortedness,0.32,0.32025,2,2,M,109.721069
sortedness,0.32,0.32025,2,3,M,108.754588
sortedness,0.32,0.32025,2,1,H,108.669061
sortedness,0.32,0.32025,2,2,H,110.353244
sortedness,0.32,0.32025,2,3,H,112.445273
sortedness,0.32,0.32025,2,1,R,110.586459
sortedness,0.32,0.32025,2,2,R,108.464029
sortedness,0.32,0.32025,2,3,R,108.6847
sortedness,0.32,0.329,3,1,I,123.514631
sortedness,0.32,0.329,3,2,I,122.737525
sortedness,0.32,0.329,3,3,I,124.164566
sortedness,0.32,0.329,3,1,Q,107.464416
sortedness,0.32,0.329,3,2,Q,111.555275
sortedness,0.32,0.329,3,3,Q,110.620033
sortedness,0.32,0.329,3,1,M,110.022998
sortedness,0.32,0.329,3,2,M,108.035432
sortedness,0.32,0.329,3,3,M,110.456265
sortedness,0.32,0.329,3,1,H,108.646854
sortedness,0.32,0.329,3,2,H,107.794686
sortedness,0.32,0.329,3,3,H,112.438655
sortedness,0.32,0.329,3,1,R,127.976442
sortedness,0.32,0.329,3,2,R,110.234963
sortedness,0.32,0.329,3,3,R,110.012682
sortedness,0.32,0.3125,4,1,I,124.975511
sortedness,0.32,0.3125,4,2,I,126.550994
sortedness,0.32,0.3125,4,3,I,115.781478
sortedness,0.32,0.3125,4,1,Q,110.96288
sortedness,0.32,0.3125,4,2,Q,105.401214
sortedness,0.32,0.3125,4,3,Q,109.889494
sortedness,0.32,0.3125,4,1,M,119.595343
sortedness,0.32,0.3125,4,2,M,115.942693
sortedness,0.32,0.3125,4,3,M,117.615204
sortedness,0.32,0.3125,4,1,H,111.836078
sortedness,0.32,0.3125,4,2,H,120.257627
sortedness,0.32,0.3125,4,3,H,115.482341
sortedness,0.32,0.3125,4,1,R,120.65026
sortedness,0.32,0.3125,4,2,R,109.982109
sortedness,0.32,0.3125,4,3,R,109.788177
sortedness,0.32,0.32275,5,1,I,122.351924
sortedness,0.32,0.32275,5,2,I,134.538795
sortedness,0.32,0.32275,5,3,I,112.606137
sortedness,0.32,0.32275,5,1,Q,108.301119
sortedness,0.32,0.32275,5,2,Q,110.98727
sortedness,0.32,0.32275,5,3,Q,111.972166
sortedness,0.32,0.32275,5,1,M,114.150439
sortedness,0.32,0.32275,5,2,M,111.077745
sortedness,0.32,0.32275,5,3,M,109.643981
sortedness,0.32,0.32275,5,1,H,110.38665
sortedness,0.32,0.32275,5,2,H,108.157595
sortedness,0.32,0.32275,5,3,H,111.451311
sortedness,0.32,0.32275,5,1,R,101.947878
sortedness,0.32,0.32275,5,2,R,108.189958
sortedness,0.32,0.32275,5,3,R,110.951339
sortedness,0.32,0.3185,6,1,I,128.707087
sortedness,0.32,0.3185,6,2,I,121.83597
sortedness,0.32,0.3185,6,3,I,125.607801
sortedness,0.32,0.3185,6,1,Q,108.671328
sortedness,0.32,0.3185,6,2,Q,110.408718
sortedness,0.32,0.3185,6,3,Q,112.241566
sortedness,0.32,0.3185,6,1,M,118.993324
sortedness,0.32,0.3185,6,2,M,112.314648
sortedness,0.32,0.3185,6,3,M,111.482878
sortedness,0.32,0.3185,6,1,H,107.875776
sortedness,0.32,0.3185,6,2,H,106.792941
sortedness,0.32,0.3185,6,3,H,118.848603
sortedness,0.32,0.3185,6,1,R,110.748447
sortedness,0.32,0.3185,6,2,R,109.505689
sortedness,0.32,0.3185,6,3,R,112.780257
sortedness,0.32,0.32425,7,1,I,125.263566
sortedness,0.32,0.32425,7,2,I,115.821424
sortedness,0.32,0.32425,7,3,I,124.7605
sortedness,0.32,0.32425,7,1,Q,108.964655
sortedness,0.32,0.32425,7,2,Q,121.612886
sortedness,0.32,0.32425,7,3,Q,110.885557
sortedness,0.32,0.32425,7,1,M,117.765225
sortedness,0.32,0.32425,7,2,M,101.180091
sortedness,0.32,0.32425,7,3,M,112.910916
sortedness,0.32,0.32425,7,1,H,111.047443
sortedness,0.32,0.32425,7,2,H,100.013139
sortedness,0.32,0.32425,7,3,H,109.323495
sortedness,0.32,0.32425,7,1,R,116.210622
sortedness,0.32,0.32425,7,2,R,110.183074
sortedness,0.32,0.32425,7,3,R,113.440021
sortedness,0.32,0.30475,8,1,I,125.039406
sortedness,0.32,0.30475,8,2,I,127.163917
sortedness,0.32,0.30475,8,3,I,116.541624
sortedness,0.32,0.30475,8,1,Q,110.246503
sortedness,0.32,0.30475,8,2,Q,115.56563
sortedness,0.32,0.30475,8,3,Q,113.83152
sortedness,0.32,0.30475,8,1,M,122.645618
sortedness,0.32,0.30475,8,2,M,113.650721
sortedness,0.32,0.30475,8,3,M,111.826397
sortedness,0.32,0.30475,8,1,H,107.491946
sortedness,0.32,0.30475,8,2,H,104.378305
sortedness,0.32,0.30475,8,3,H,113.888687
sortedness,0.32,0.30475,8,1,R,111.128994
sortedness,0.32,0.30475,8,2,R,113.840747
sortedness,0.32,0.30475,8,3,R,126.93866
sortedness,0.33,0.34225,1,1,I,132.782303
sortedness,0.33,0.34225,1,2,I,128.643747
sortedness,0.33,0.34225,1,3,I,131.761826
sortedness,0.33,0.34225,1,1,Q,120.844258
sortedness,0.33,0.34225,1,2,Q,123.516948
sortedness,0.33,0.34225,1,3,Q,117.550589
sortedness,0.33,0.34225,1,1,M,119.857663
sortedness,0.33,0.34225,1,2,M,110.48086
sortedness,0.33,0.34225,1,3,M,137.194622
sortedness,0.33,0.34225,1,1,H,109.061836
sortedness,0.33,0.34225,1,2,H,132.01333
sortedness,0.33,0.34225,1,3,H,113.59119
sortedness,0.33,0.34225,1,1,R,109.176005
sortedness,0.33,0.34225,1,2,R,126.285531
sortedness,0.33,0.34225,1,3,R,125.422749
sortedness,0.33,0.322,2,1,I,131.22757
sortedness,0.33,0.322,2,2,I,130.060726
sortedness,0.33,0.322,2,3,I,128.708631
sortedness,0.33,0.322,2,1,Q,110.904083
sortedness,0.33,0.322,2,2,Q,113.56832
sortedness,0.33,0.322,2,3,Q,111.773696
sortedness,0.33,0.322,2,1,M,110.936428
sortedness,0.33,0.322,2,2,M,110.245118
sortedness,0.33,0.322,2,3,M,113.923958
sortedness,0.33,0.322,2,1,H,111.762109
sortedness,0.33,0.322,2,2,H,108.643735
sortedness,0.33,0.322,2,3,H,111.276102
sortedness,0.33,0.322,2,1,R,112.582102
sortedness,0.33,0.322,2,2,R,107.751574
sortedness,0.33,0.322,2,3,R,97.460196
sortedness,0.33,0.339,3,1,I,127.903196
sortedness,0.33,0.339,3,2,I,124.345603
sortedness,0.33,0.339,3,3,I,125.987275
sortedness,0.33,0.339,3,1,Q,110.290539
sortedness,0.33,0.339,3,2,Q,109.559133
sortedness,0.33,0.339,3,3,Q,111.372799
sortedness,0.33,0.339,3,1,M,108.421512
sortedness,0.33,0.339,3,2,M,110.06054
sortedness,0.33,0.339,3,3,M,106.856962
sortedness,0.33,0.339,3,1,H,112.43688
sortedness,0.33,0.339,3,2,H,107.790974
sortedness,0.33,0.339,3,3,H,114.875349
sortedness,0.33,0.339,3,1,R,113.597039
sortedness,0.33,0.339,3,2,R,107.793885
sortedness,0.33,0.339,3,3,R,113.350042
sortedness,0.33,0.324,4,1,I,131.366763
sortedness,0.33,0.324,4,2,I,126.330546
sortedness,0.33,0.324,4,3,I,125.456771
sortedness,0.33,0.324,4,1,Q,111.516015
sortedness,0.33,0.324,4,2,Q,112.369984
sortedness,0.33,0.324,4,3,Q,110.836919
sortedness,0.33,0.324,4,1,M,116.828358
sortedness,0.33,0.324,4,2,M,115.877716
sortedness,0.33,0.324,4,3,M,123.166665
sortedness,0.33,0.324,4,1,H,111.822332
sortedness,0.33,0.324,4,2,H,113.348704
sortedness,0.33,0.324,4,3,H,119.575303
sortedness,0.33,0.324,4,1,R,117.812715
sortedness,0.33,0.324,4,2,R,118.567835
sortedness,0.33,0.324,4,3,R,110.829444
sortedness,0.33,0.31175,5,1,I,128.818241
sortedness,0.33,0.31175,5,2,I,132.501338
sortedness,0.33,0.31175,5,3,I,137.188054
sortedness,0.33,0.31175,5,1,Q,114.64096
sortedness,0.33,0.31175,5,2,Q,118.796526
sortedness,0.33,0.31175,5,3,Q,117.033851
sortedness,0.33,0.31175,5,1,M,117.479343
sortedness,0.33,0.31175,5,2,M,114.882394
sortedness,0.33,0.31175,5,3,M,121.776221
sortedness,0.33,0.31175,5,1,H,126.735544
sortedness,0.33,0.31175,5,2,H,111.089681
sortedness,0.33,0.31175,5,3,H,111.507899
sortedness,0.33,0.31175,5,1,R,115.931287
sortedness,0.33,0.31175,5,2,R,110.369713
sortedness,0.33,0.31175,5,3,R,109.574001
sortedness,0.33,0.33375,6,1,I,122.405281
sortedness,0.33,0.33375,6,2,I,128.332194
sortedness,0.33,0.33375,6,3,I,128.357846
sortedness,0.33,0.33375,6,1,Q,115.365703
sortedness,0.33,0.33375,6,2,Q,112.990098
sortedness,0.33,0.33375,6,3,Q,112.815695
sortedness,0.33,0.33375,6,1,M,111.887534
sortedness,0.33,0.33375,6,2,M,111.128772
sortedness,0.33,0.33375,6,3,M,108.618987
sortedness,0.33,0.33375,6,1,H,115.741357
sortedness,0.33,0.33375,6,2,H,112.357391
sortedness,0.33,0.33375,6,3,H,115.816743
sortedness,0.33,0.33375,6,1,R,111.903487
sortedness,0.33,0.33375,6,2,R,115.073956
sortedness,0.33,0.33375,6,3,R,110.435319
sortedness,0.33,0.333,7,1,I,124.511508
sortedness,0.33,0.333,7,2,I,122.439369
sortedness,0.33,0.333,7,3,I,128.289273
sortedness,0.33,0.333,7,1,Q,124.267917
sortedness,0.33,0.333,7,2,Q,112.045441
sortedness,0.33,0.333,7,3,Q,110.983865
sortedness,0.33,0.333,7,1,M,112.336118
sortedness,0.33,0.333,7,2,M,111.058502
sortedness,0.33,0.333,7,3,M,109.404457
sortedness,0.33,0.333,7,1,H,100.531935
sortedness,0.33,0.333,7,2,H,109.407455
sortedness,0.33,0.333,7,3,H,109.31956
sortedness,0.33,0.333,7,1,R,112.552267
sortedness,0.33,0.333,7,2,R,115.286744
sortedness,0.33,0.333,7,3,R,116.564423
sortedness,0.33,0.3135,8,1,I,130.311888
sortedness,0.33,0.3135,8,2,I,114.865101
sortedness,0.33,0.3135,8,3,I,123.49097
sortedness,0.33,0.3135,8,1,Q,114.809441
sortedness,0.33,0.3135,8,2,Q,111.570919
sortedness,0.33,0.3135,8,3,Q,112.488272
sortedness,0.33,0.3135,8,1,M,111.166441
sortedness,0.33,0.3135,8,2,M,111.145629
sortedness,0.33,0.3135,8,3,M,109.762331
sortedness,0.33,0.3135,8,1,H,109.968341
sortedness,0.33,0.3135,8,2,H,115.575046
sortedness,0.33,0.3135,8,3,H,108.570933
sortedness,0.33,0.3135,8,1,R,109.965771
sortedness,0.33,0.3135,8,2,R,107.605494
sortedness,0.33,0.3135,8,3,R,114.149686
sortedness,0.34,0.3385,1,1,I,125.082537
sortedness,0.34,0.3385,1,2,I,122.86341
sortedness,0.34,0.3385,1,3,I,124.66104
sortedness,0.34,0.3385,1,1,Q,107.926678
sortedness,0.34,0.3385,1,2,Q,105.268143
sortedness,0.34,0.3385,1,3,Q,114.174287
sortedness,0.34,0.3385,1,1,M,111.796886
sortedness,0.34,0.3385,1,2,M,110.05725
sortedness,0.34,0.3385,1,3,M,109.367579
sortedness,0.34,0.3385,1,1,H,101.850331
sortedness,0.34,0.3385,1,2,H,111.765539
sortedness,0.34,0.3385,1,3,H,103.136854
sortedness,0.34,0.3385,1,1,R,108.598643
sortedness,0.34,0.3385,1,2,R,106.225246
sortedness,0.34,0.3385,1,3,R,111.479627
sortedness,0.34,0.3355,2,1,I,123.175012
sortedness,0.34,0.3355,2,2,I,129.143225
sortedness,0.34,0.3355,2,3,I,135.541436
sortedness,0.34,0.3355,2,1,Q,113.296633
sortedness,0.34,0.3355,2,2,Q,108.700993
sortedness,0.34,0.3355,2,3,Q,110.219915
sortedness,0.34,0.3355,2,1,M,116.4424
sortedness,0.34,0.3355,2,2,M,110.413643
sortedness,0.34,0.3355,2,3,M,108.397037
sortedness,0.34,0.3355,2,1,H,110.658283
sortedness,0.34,0.3355,2,2,H,112.872989
sortedness,0.34,0.3355,2,3,H,120.534543
sortedness,0.34,0.3355,2,1,R,106.599906
sortedness,0.34,0.3355,2,2,R,113.504586
sortedness,0.34,0.3355,2,3,R,109.807932
sortedness,0.34,0.336,3,1,I,126.675479
sortedness,0.34,0.336,3,2,I,126.677481
sortedness,0.34,0.336,3,3,I,123.966532
sortedness,0.34,0.336,3,1,Q,112.127968
sortedness,0.34,0.336,3,2,Q,112.834075
sortedness,0.34,0.336,3,3,Q,109.848561
sortedness,0.34,0.336,3,1,M,111.728341
sortedness,0.34,0.336,3,2,M,107.895515
sortedness,0.34,0.336,3,3,M,111.895342
sortedness,0.34,0.336,3,1,H,110.945552
sortedness,0.34,0.336,3,2,H,106.996852
sortedness,0.34,0.336,3,3,H,108.819507
sortedness,0.34,0.336,3,1,R,109.950871
sortedness,0.34,0.336,3,2,R,110.048362
sortedness,0.34,0.336,3,3,R,113.435346
sortedness,0.34,0.34375,4,1,I,115.441823
sortedness,0.34,0.34375,4,2,I,111.082028
sortedness,0.34,0.34375,4,3,I,122.844643
sortedness,0.34,0.34375,4,1,Q,108.875101
sortedness,0.34,0.34375,4,2,Q,116.868817
sortedness,0.34,0.34375,4,3,Q,108.408514
sortedness,0.34,0.34375,4,1,M,111.218302
sortedness,0.34,0.34375,4,2,M,113.688739
sortedness,0.34,0.34375,4,3,M,114.430191
sortedness,0.34,0.34375,4,1,H,113.455729
sortedness,0.34,0.34375,4,2,H,113.206145
sortedness,0.34,0.34375,4,3,H,116.690077
sortedness,0.34,0.34375,4,1,R,109.416168
sortedness,0.34,0.34375,4,2,R,117.228612
sortedness,0.34,0.34375,4,3,R,98.506486
sortedness,0.34,0.3395,5,1,I,127.187381
sortedness,0.34,0.3395,5,2,I,140.779695
sortedness,0.34,0.3395,5,3,I,127.072921
sortedness,0.34,0.3395,5,1,Q,107.645974
sortedness,0.34,0.3395,5,2,Q,111.131155
sortedness,0.34,0.3395,5,3,Q,114.506176
sortedness,0.34,0.3395,5,1,M,113.359326
sortedness,0.34,0.3395,5,2,M,116.256269
sortedness,0.34,0.3395,5,3,M,103.390927
sortedness,0.34,0.3395,5,1,H,114.764129
sortedness,0.34,0.3395,5,2,H,105.556191
sortedness,0.34,0.3395,5,3,H,114.413545
sortedness,0.34,0.3395,5,1,R,109.818636
sortedness,0.34,0.3395,5,2,R,109.533134
sortedness,0.34,0.3395,5,3,R,111.310731
sortedness,0.34,0.33875,6,1,I,124.909999
sortedness,0.34,0.33875,6,2,I,127.112792
sortedness,0.34,0.33875,6,3,I,119.38615
sortedness,0.34,0.33875,6,1,Q,99.826626
sortedness,0.34,0.33875,6,2,Q,109.640162
sortedness,0.34,0.33875,6,3,Q,110.235875
sortedness,0.34,0.33875,6,1,M,112.367327
sortedness,0.34,0.33875,6,2,M,101.108694
sortedness,0.34,0.33875,6,3,M,113.292864
sortedness,0.34,0.33875,6,1,H,115.271164
sortedness,0.34,0.33875,6,2,H,117.298037
sortedness,0.34,0.33875,6,3,H,113.827094
sortedness,0.34,0.33875,6,1,R,112.774581
sortedness,0.34,0.33875,6,2,R,99.859414
sortedness,0.34,0.33875,6,3,R,108.860203
sortedness,0.34,0.3395,7,1,I,122.058979
sortedness,0.34,0.3395,7,2,I,113.547175
sortedness,0.34,0.3395,7,3,I,124.440827
sortedness,0.34,0.3395,7,1,Q,112.412549
sortedness,0.34,0.3395,7,2,Q,109.837577
sortedness,0.34,0.3395,7,3,Q,114.304091
sortedness,0.34,0.3395,7,1,M,115.312859
sortedness,0.34,0.3395,7,2,M,125.718977
sortedness,0.34,0.3395,7,3,M,110.601304
sortedness,0.34,0.3395,7,1,H,112.654518
sortedness,0.34,0.3395,7,2,H,114.412101
sortedness,0.34,0.3395,7,3,H,110.482801
sortedness,0.34,0.3395,7,1,R,109.40236
sortedness,0.34,0.3395,7,2,R,109.270227
sortedness,0.34,0.3395,7,3,R,110.227443
sortedness,0.34,0.3335,8,1,I,144.334216
sortedness,0.34,0.3335,8,2,I,113.960045
sortedness,0.34,0.3335,8,3,I,112.725968
sortedness,0.34,0.3335,8,1,Q,113.057414
sortedness,0.34,0.3335,8,2,Q,112.191962
sortedness,0.34,0.3335,8,3,Q,115.891324
sortedness,0.34,0.3335,8,1,M,113.423477
sortedness,0.34,0.3335,8,2,M,107.024713
sortedness,0.34,0.3335,8,3,M,114.770498
sortedness,0.34,0.3335,8,1,H,121.755128
sortedness,0.34,0.3335,8,2,H,113.94647
sortedness,0.34,0.3335,8,3,H,112.129519
sortedness,0.34,0.3335,8,1,R,112.970514
sortedness,0.34,0.3335,8,2,R,113.323563
sortedness,0.34,0.3335,8,3,R,116.79546
sortedness,0.35,0.34825,1,1,I,144.059442
sortedness,0.35,0.34825,1,2,I,141.435788
sortedness,0.35,0.34825,1,3,I,133.467093
sortedness,0.35,0.34825,1,1,Q,128.70051
sortedness,0.35,0.34825,1,2,Q,124.429106
sortedness,0.35,0.34825,1,3,Q,116.56417
sortedness,0.35,0.34825,1,1,M,115.240428
sortedness,0.35,0.34825,1,2,M,118.829408
sortedness,0.35,0.34825,1,3,M,117.563185
sortedness,0.35,0.34825,1,1,H,117.876882
sortedness,0.35,0.34825,1,2,H,120.190294
sortedness,0.35,0.34825,1,3,H,118.958166
sortedness,0.35,0.34825,1,1,R,128.629312
sortedness,0.35,0.34825,1,2,R,121.257424
sortedness,0.35,0.34825,1,3,R,126.022724
sortedness,0.35,0.365,2,1,I,135.965071
sortedness,0.35,0.365,2,2,I,139.564717
sortedness,0.35,0.365,2,3,I,128.720585
sortedness,0.35,0.365,2,1,Q,112.341379
sortedness,0.35,0.365,2,2,Q,109.339173
sortedness,0.35,0.365,2,3,Q,111.726589
sortedness,0.35,0.365,2,1,M,114.700567
sortedness,0.35,0.365,2,2,M,123.502541
sortedness,0.35,0.365,2,3,M,120.578636
sortedness,0.35,0.365,2,1,H,126.875154
sortedness,0.35,0.365,2,2,H,108.045232
sortedness,0.35,0.365,2,3,H,129.640599
sortedness,0.35,0.365,2,1,R,119.481985
sortedness,0.35,0.365,2,2,R,114.253677
sortedness,0.35,0.365,2,3,R,114.124836
sortedness,0.35,0.36575,3,1,I,132.422428
sortedness,0.35,0.36575,3,2,I,127.537051
sortedness,0.35,0.36575,3,3,I,123.588766
sortedness,0.35,0.36575,3,1,Q,115.507073
sortedness,0.35,0.36575,3,2,Q,116.047795
sortedness,0.35,0.36575,3,3,Q,117.8357
sortedness,0.35,0.36575,3,1,M,109.499242
sortedness,0.35,0.36575,3,2,M,113.31747
sortedness,0.35,0.36575,3,3,M,113.543349
sortedness,0.35,0.36575,3,1,H,114.32242
sortedness,0.35,0.36575,3,2,H,124.528909
sortedness,0.35,0.36575,3,3,H,112.810774
sortedness,0.35,0.36575,3,1,R,113.199109
sortedness,0.35,0.36575,3,2,R,117.623013
sortedness,0.35,0.36575,3,3,R,112.865809
sortedness,0.35,0.35075,4,1,I,129.956658
sortedness,0.35,0.35075,4,2,I,130.517548
sortedness,0.35,0.35075,4,3,I,123.875528
sortedness,0.35,0.35075,4,1,Q,119.103871
sortedness,0.35,0.35075,4,2,Q,112.133139
sortedness,0.35,0.35075,4,3,Q,125.608688
sortedness,0.35,0.35075,4,1,M,110.512939
sortedness,0.35,0.35075,4,2,M,109.782198
sortedness,0.35,0.35075,4,3,M,109.508277
sortedness,0.35,0.35075,4,1,H,114.875712
sortedness,0.35,0.35075,4,2,H,110.313212
sortedness,0.35,0.35075,4,3,H,114.57698
sortedness,0.35,0.35075,4,1,R,108.659322
sortedness,0.35,0.35075,4,2,R,111.19194
sortedness,0.35,0.35075,4,3,R,110.490978
sortedness,0.35,0.3385,5,1,I,124.871655
sortedness,0.35,0.3385,5,2,I,123.735412
sortedness,0.35,0.3385,5,3,I,124.770659
sortedness,0.35,0.3385,5,1,Q,113.718144
sortedness,0.35,0.3385,5,2,Q,113.919538
sortedness,0.35,0.3385,5,3,Q,111.441925
sortedness,0.35,0.3385,5,1,M,114.290983
sortedness,0.35,0.3385,5,2,M,110.769381
sortedness,0.35,0.3385,5,3,M,113.451386
sortedness,0.35,0.3385,5,1,H,130.648866
sortedness,0.35,0.3385,5,2,H,115.141409
sortedness,0.35,0.3385,5,3,H,111.27449
sortedness,0.35,0.3385,5,1,R,110.96995
sortedness,0.35,0.3385,5,2,R,112.625442
sortedness,0.35,0.3385,5,3,R,109.708845
sortedness,0.35,0.34325,6,1,I,117.584537
sortedness,0.35,0.34325,6,2,I,127.359334
sortedness,0.35,0.34325,6,3,I,138.24366
sortedness,0.35,0.34325,6,1,Q,115.763571
sortedness,0.35,0.34325,6,2,Q,114.496334
sortedness,0.35,0.34325,6,3,Q,114.892371
sortedness,0.35,0.34325,6,1,M,112.92102
sortedness,0.35,0.34325,6,2,M,111.265852
sortedness,0.35,0.34325,6,3,M,111.140537
sortedness,0.35,0.34325,6,1,H,99.211378
sortedness,0.35,0.34325,6,2,H,118.991899
sortedness,0.35,0.34325,6,3,H,118.048417
sortedness,0.35,0.34325,6,1,R,115.24264
sortedness,0.35,0.34325,6,2,R,118.264408
sortedness,0.35,0.34325,6,3,R,110.256392
sortedness,0.35,0.3505,7,1,I,117.726293
sortedness,0.35,0.3505,7,2,I,121.831266
sortedness,0.35,0.3505,7,3,I,128.276702
sortedness,0.35,0.3505,7,1,Q,124.034999
sortedness,0.35,0.3505,7,2,Q,114.79891
sortedness,0.35,0.3505,7,3,Q,113.370899
sortedness,0.35,0.3505,7,1,M,112.405504
sortedness,0.35,0.3505,7,2,M,118.931895
sortedness,0.35,0.3505,7,3,M,112.571673
sortedness,0.35,0.3505,7,1,H,111.815055
sortedness,0.35,0.3505,7,2,H,119.135174
sortedness,0.35,0.3505,7,3,H,118.192458
sortedness,0.35,0.3505,7,1,R,107.786459
sortedness,0.35,0.3505,7,2,R,113.275937
sortedness,0.35,0.3505,7,3,R,116.426453
sortedness,0.35,0.34575,8,1,I,126.049475
sortedness,0.35,0.34575,8,2,I,126.690735
sortedness,0.35,0.34575,8,3,I,130.103534
sortedness,0.35,0.34575,8,1,Q,103.264016
sortedness,0.35,0.34575,8,2,Q,109.169929
sortedness,0.35,0.34575,8,3,Q,116.162054
sortedness,0.35,0.34575,8,1,M,112.887486
sortedness,0.35,0.34575,8,2,M,122.337542
sortedness,0.35,0.34575,8,3,M,117.532271
sortedness,0.35,0.34575,8,1,H,118.334266
sortedness,0.35,0.34575,8,2,H,118.871469
sortedness,0.35,0.34575,8,3,H,123.638114
sortedness,0.35,0.34575,8,1,R,116.704801
sortedness,0.35,0.34575,8,2,R,119.32852
sortedness,0.35,0.34575,8,3,R,124.001682
sortedness,0.36,0.35,1,1,I,141.634063
sortedness,0.36,0.35,1,2,I,129.97743
sortedness,0.36,0.35,1,3,I,129.583496
sortedness,0.36,0.35,1,1,Q,115.802429
sortedness,0.36,0.35,1,2,Q,120.529445
sortedness,0.36,0.35,1,3,Q,111.547471
sortedness,0.36,0.35,1,1,M,114.419769
sortedness,0.36,0.35,1,2,M,110.942904
sortedness,0.36,0.35,1,3,M,117.178654
sortedness,0.36,0.35,1,1,H,99.415263
sortedness,0.36,0.35,1,2,H,116.347059
sortedness,0.36,0.35,1,3,H,116.095976
sortedness,0.36,0.35,1,1,R,112.722873
sortedness,0.36,0.35,1,2,R,110.705978
sortedness,0.36,0.35,1,3,R,114.683582
sortedness,0.36,0.3585,2,1,I,132.19844
sortedness,0.36,0.3585,2,2,I,140.835837
sortedness,0.36,0.3585,2,3,I,134.617435
sortedness,0.36,0.3585,2,1,Q,122.407019
sortedness,0.36,0.3585,2,2,Q,118.201641
sortedness,0.36,0.3585,2,3,Q,119.236391
sortedness,0.36,0.3585,2,1,M,114.286624
sortedness,0.36,0.3585,2,2,M,107.864932
sortedness,0.36,0.3585,2,3,M,112.492573
sortedness,0.36,0.3585,2,1,H,114.780658
sortedness,0.36,0.3585,2,2,H,115.069239
sortedness,0.36,0.3585,2,3,H,113.423119
sortedness,0.36,0.3585,2,1,R,112.476652
sortedness,0.36,0.3585,2,2,R,117.913335
sortedness,0.36,0.3585,2,3,R,108.246424
sortedness,0.36,0.35525,3,1,I,149.090849
sortedness,0.36,0.35525,3,2,I,135.383537
sortedness,0.36,0.35525,3,3,I,126.508404
sortedness,0.36,0.35525,3,1,Q,121.455362
sortedness,0.36,0.35525,3,2,Q,124.262744
sortedness,0.36,0.35525,3,3,Q,119.63875
sortedness,0.36,0.35525,3,1,M,120.958635
sortedness,0.36,0.35525,3,2,M,117.229038
sortedness,0.36,0.35525,3,3,M,117.546588
sortedness,0.36,0.35525,3,1,H,109.061431
sortedness,0.36,0.35525,3,2,H,114.314965
sortedness,0.36,0.35525,3,3,H,114.021244
sortedness,0.36,0.35525,3,1,R,126.943992
sortedness,0.36,0.35525,3,2,R,113.762625
sortedness,0.36,0.35525,3,3,R,112.282524
sortedness,0.36,0.3535,4,1,I,137.039824
sortedness,0.36,0.3535,4,2,I,136.919769
sortedness,0.36,0.3535,4,3,I,135.606665
sortedness,0.36,0.3535,4,1,Q,112.758391
sortedness,0.36,0.3535,4,2,Q,121.4959
sortedness,0.36,0.3535,4,3,Q,122.936892
sortedness,0.36,0.3535,4,1,M,126.576526
sortedness,0.36,0.3535,4,2,M,120.761181
sortedness,0.36,0.3535,4,3,M,115.798534
sortedness,0.36,0.3535,4,1,H,116.001735
sortedness,0.36,0.3535,4,2,H,178.480737
sortedness,0.36,0.3535,4,3,H,100.992282
sortedness,0.36,0.3535,4,1,R,101.679267
sortedness,0.36,0.3535,4,2,R,113.841192
sortedness,0.36,0.3535,4,3,R,115.716866
sortedness,0.36,0.37275,5,1,I,134.616918
sortedness,0.36,0.37275,5,2,I,124.699281
sortedness,0.36,0.37275,5,3,I,124.603032
sortedness,0.36,0.37275,5,1,Q,113.264127
sortedness,0.36,0.37275,5,2,Q,110.710951
sortedness,0.36,0.37275,5,3,Q,114.494498
sortedness,0.36,0.37275,5,1,M,110.115972
sortedness,0.36,0.37275,5,2,M,111.646309
sortedness,0.36,0.37275,5,3,M,111.299951
sortedness,0.36,0.37275,5,1,H,112.203893
sortedness,0.36,0.37275,5,2,H,118.184031
sortedness,0.36,0.37275,5,3,H,115.361448
sortedness,0.36,0.37275,5,1,R,119.873185
sortedness,0.36,0.37275,5,2,R,116.803691
sortedness,0.36,0.37275,5,3,R,124.9702
sortedness,0.36,0.365,6,1,I,142.514773
sortedness,0.36,0.365,6,2,I,128.106517
sortedness,0.36,0.365,6,3,I,129.773415
sortedness,0.36,0.365,6,1,Q,109.10246
sortedness,0.36,0.365,6,2,Q,111.388235
sortedness,0.36,0.365,6,3,Q,114.478942
sortedness,0.36,0.365,6,1,M,101.318202
sortedness,0.36,0.365,6,2,M,113.592248
sortedness,0.36,0.365,6,3,M,116.765529
sortedness,0.36,0.365,6,1,H,128.79145
sortedness,0.36,0.365,6,2,H,124.064961
sortedness,0.36,0.365,6,3,H,110.831144
sortedness,0.36,0.365,6,1,R,120.299699
sortedness,0.36,0.365,6,2,R,118.919353
sortedness,0.36,0.365,6,3,R,117.69977
sortedness,0.36,0.366,7,1,I,128.035915
sortedness,0.36,0.366,7,2,I,127.660699
sortedness,0.36,0.366,7,3,I,126.955271
sortedness,0.36,0.366,7,1,Q,119.009738
sortedness,0.36,0.366,7,2,Q,114.637717
sortedness,0.36,0.366,7,3,Q,109.78505
sortedness,0.36,0.366,7,1,M,114.384159
sortedness,0.36,0.366,7,2,M,111.037351
sortedness,0.36,0.366,7,3,M,119.782761
sortedness,0.36,0.366,7,1,H,112.504464
sortedness,0.36,0.366,7,2,H,123.618309
sortedness,0.36,0.366,7,3,H,105.682323
sortedness,0.36,0.366,7,1,R,113.799289
sortedness,0.36,0.366,7,2,R,112.287282
sortedness,0.36,0.366,7,3,R,121.272674
sortedness,0.36,0.34775,8,1,I,130.933381
sortedness,0.36,0.34775,8,2,I,126.643667
sortedness,0.36,0.34775,8,3,I,124.551183
sortedness,0.36,0.34775,8,1,Q,107.140958
sortedness,0.36,0.34775,8,2,Q,111.55686
sortedness,0.36,0.34775,8,3,Q,110.795992
sortedness,0.36,0.34775,8,1,M,111.034786
sortedness,0.36,0.34775,8,2,M,114.406056
sortedness,0.36,0.34775,8,3,M,112.747168
sortedness,0.36,0.34775,8,1,H,101.703952
sortedness,0.36,0.34775,8,2,H,113.258218
sortedness,0.36,0.34775,8,3,H,116.44018
sortedness,0.36,0.34775,8,1,R,109.971716
sortedness,0.36,0.34775,8,2,R,131.080683
sortedness,0.36,0.34775,8,3,R,118.363068
sortedness,0.37,0.3645,1,1,I,125.085956
sortedness,0.37,0.3645,1,2,I,118.537162
sortedness,0.37,0.3645,1,3,I,133.863011
sortedness,0.37,0.3645,1,1,Q,121.351469
sortedness,0.37,0.3645,1,2,Q,119.088517
sortedness,0.37,0.3645,1,3,Q,112.589634
sortedness,0.37,0.3645,1,1,M,118.532395
sortedness,0.37,0.3645,1,2,M,127.807477
sortedness,0.37,0.3645,1,3,M,117.468793
sortedness,0.37,0.3645,1,1,H,116.468729
sortedness,0.37,0.3645,1,2,H,111.511261
sortedness,0.37,0.3645,1,3,H,108.430459
sortedness,0.37,0.3645,1,1,R,114.798489
sortedness,0.37,0.3645,1,2,R,111.370756
sortedness,0.37,0.3645,1,3,R,118.718082
sortedness,0.37,0.37175,2,1,I,129.673678
sortedness,0.37,0.37175,2,2,I,128.475459
sortedness,0.37,0.37175,2,3,I,130.70165
sortedness,0.37,0.37175,2,1,Q,109.65911
sortedness,0.37,0.37175,2,2,Q,101.589954
sortedness,0.37,0.37175,2,3,Q,110.509573
sortedness,0.37,0.37175,2,1,M,115.117306
sortedness,0.37,0.37175,2,2,M,114.144123
sortedness,0.37,0.37175,2,3,M,113.773327
sortedness,0.37,0.37175,2,1,H,112.138376
sortedness,0.37,0.37175,2,2,H,110.202645
sortedness,0.37,0.37175,2,3,H,116.382326
sortedness,0.37,0.37175,2,1,R,111.297037
sortedness,0.37,0.37175,2,2,R,119.553222
sortedness,0.37,0.37175,2,3,R,102.093291
sortedness,0.37,0.35775,3,1,I,134.675853
sortedness,0.37,0.35775,3,2,I,127.932189
sortedness,0.37,0.35775,3,3,I,130.616946
sortedness,0.37,0.35775,3,1,Q,109.929944
sortedness,0.37,0.35775,3,2,Q,114.501723
sortedness,0.37,0.35775,3,3,Q,113.510816
sortedness,0.37,0.35775,3,1,M,120.417969
sortedness,0.37,0.35775,3,2,M,109.194919
sortedness,0.37,0.35775,3,3,M,113.405849
sortedness,0.37,0.35775,3,1,H,130.667087
sortedness,0.37,0.35775,3,2,H,132.635589
sortedness,0.37,0.35775,3,3,H,111.632979
sortedness,0.37,0.35775,3,1,R,107.084421
sortedness,0.37,0.35775,3,2,R,115.87751
sortedness,0.37,0.35775,3,3,R,111.620185
sortedness,0.37,0.3695,4,1,I,131.489309
sortedness,0.37,0.3695,4,2,I,125.700572
sortedness,0.37,0.3695,4,3,I,125.891832
sortedness,0.37,0.3695,4,1,Q,117.923757
sortedness,0.37,0.3695,4,2,Q,116.727174
sortedness,0.37,0.3695,4,3,Q,111.456633
sortedness,0.37,0.3695,4,1,M,115.490442
sortedness,0.37,0.3695,4,2,M,111.128598
sortedness,0.37,0.3695,4,3,M,109.708004
sortedness,0.37,0.3695,4,1,H,112.347701
sortedness,0.37,0.3695,4,2,H,111.13527
sortedness,0.37,0.3695,4,3,H,120.304267
sortedness,0.37,0.3695,4,1,R,110.113108
sortedness,0.37,0.3695,4,2,R,115.217041
sortedness,0.37,0.3695,4,3,R,112.204169
sortedness,0.37,0.3615,5,1,I,126.994056
sortedness,0.37,0.3615,5,2,I,123.699226
sortedness,0.37,0.3615,5,3,I,128.392971
sortedness,0.37,0.3615,5,1,Q,126.91161
sortedness,0.37,0.3615,5,2,Q,121.937524
sortedness,0.37,0.3615,5,3,Q,115.784018
sortedness,0.37,0.3615,5,1,M,113.89867
sortedness,0.37,0.3615,5,2,M,127.019975
sortedness,0.37,0.3615,5,3,M,113.66462
sortedness,0.37,0.3615,5,1,H,113.347736
sortedness,0.37,0.3615,5,2,H,112.734159
sortedness,0.37,0.3615,5,3,H,114.889544
sortedness,0.37,0.3615,5,1,R,112.053138
sortedness,0.37,0.3615,5,2,R,114.005837
sortedness,0.37,0.3615,5,3,R,103.892269
sortedness,0.37,0.3645,6,1,I,128.896629
sortedness,0.37,0.3645,6,2,I,127.076001
sortedness,0.37,0.3645,6,3,I,122.41446
sortedness,0.37,0.3645,6,1,Q,115.091399
sortedness,0.37,0.3645,6,2,Q,101.202002
sortedness,0.37,0.3645,6,3,Q,112.477819
sortedness,0.37,0.3645,6,1,M,112.171123
sortedness,0.37,0.3645,6,2,M,113.773425
sortedness,0.37,0.3645,6,3,M,124.279044
sortedness,0.37,0.3645,6,1,H,111.327267
sortedness,0.37,0.3645,6,2,H,112.554308
sortedness,0.37,0.3645,6,3,H,111.969948
sortedness,0.37,0.3645,6,1,R,119.868959
sortedness,0.37,0.3645,6,2,R,122.72696
sortedness,0.37,0.3645,6,3,R,111.917766
sortedness,0.37,0.35975,7,1,I,115.075305
sortedness,0.37,0.35975,7,2,I,133.828222
sortedness,0.37,0.35975,7,3,I,131.23115
sortedness,0.37,0.35975,7,1,Q,118.700376
sortedness,0.37,0.35975,7,2,Q,122.09425
sortedness,0.37,0.35975,7,3,Q,114.724122
sortedness,0.37,0.35975,7,1,M,119.159206
sortedness,0.37,0.35975,7,2,M,111.946608
sortedness,0.37,0.35975,7,3,M,109.104047
sortedness,0.37,0.35975,7,1,H,113.012684
sortedness,0.37,0.35975,7,2,H,111.794131
sortedness,0.37,0.35975,7,3,H,109.541141
sortedness,0.37,0.35975,7,1,R,99.724195
sortedness,0.37,0.35975,7,2,R,107.294803
sortedness,0.37,0.35975,7,3,R,110.56121
sortedness,0.37,0.36225,8,1,I,125.286216
sortedness,0.37,0.36225,8,2,I,124.50425
sortedness,0.37,0.36225,8,3,I,124.261322
sortedness,0.37,0.36225,8,1,Q,103.481045
sortedness,0.37,0.36225,8,2,Q,112.578494
sortedness,0.37,0.36225,8,3,Q,110.313235
sortedness,0.37,0.36225,8,1,M,112.17955
sortedness,0.37,0.36225,8,2,M,113.430233
sortedness,0.37,0.36225,8,3,M,114.344733
sortedness,0.37,0.36225,8,1,H,114.351206
sortedness,0.37,0.36225,8,2,H,109.856922
sortedness,0.37,0.36225,8,3,H,110.286715
sortedness,0.37,0.36225,8,1,R,112.657129
sortedness,0.37,0.36225,8,2,R,114.131365
sortedness,0.37,0.36225,8,3,R,107.88544
sortedness,0.38,0.3745,1,1,I,130.400055
sortedness,0.38,0.3745,1,2,I,128.022379
sortedness,0.38,0.3745,1,3,I,123.810772
sortedness,0.38,0.3745,1,1,Q,115.114712
sortedness,0.38,0.3745,1,2,Q,119.15343
sortedness,0.38,0.3745,1,3,Q,113.0979
sortedness,0.38,0.3745,1,1,M,126.981142
sortedness,0.38,0.3745,1,2,M,115.480726
sortedness,0.38,0.3745,1,3,M,112.164874
sortedness,0.38,0.3745,1,1,H,115.36927
sortedness,0.38,0.3745,1,2,H,116.143986
sortedness,0.38,0.3745,1,3,H,111.777902
sortedness,0.38,0.3745,1,1,R,117.524746
sortedness,0.38,0.3745,1,2,R,116.647187
sortedness,0.38,0.3745,1,3,R,117.494937
sortedness,0.38,0.375,2,1,I,128.776487
sortedness,0.38,0.375,2,2,I,125.200062
sortedness,0.38,0.375,2,3,I,124.463021
sortedness,0.38,0.375,2,1,Q,111.480014
sortedness,0.38,0.375,2,2,Q,116.324986
sortedness,0.38,0.375,2,3,Q,114.787427
sortedness,0.38,0.375,2,1,M,111.874362
sortedness,0.38,0.375,2,2,M,115.432827
sortedness,0.38,0.375,2,3,M,100.722775
sortedness,0.38,0.375,2,1,H,112.698772
sortedness,0.38,0.375,2,2,H,112.865319
sortedness,0.38,0.375,2,3,H,114.70909
sortedness,0.38,0.375,2,1,R,110.233352
sortedness,0.38,0.375,2,2,R,117.737498
sortedness,0.38,0.375,2,3,R,113.090743
sortedness,0.38,0.38625,3,1,I,124.283028
sortedness,0.38,0.38625,3,2,I,125.87833
sortedness,0.38,0.38625,3,3,I,123.325969
sortedness,0.38,0.38625,3,1,Q,114.237174
sortedness,0.38,0.38625,3,2,Q,108.654616
sortedness,0.38,0.38625,3,3,Q,111.859996
sortedness,0.38,0.38625,3,1,M,111.774791
sortedness,0.38,0.38625,3,2,M,106.715853
sortedness,0.38,0.38625,3,3,M,109.868071
sortedness,0.38,0.38625,3,1,H,103.297375
sortedness,0.38,0.38625,3,2,H,109.75595
sortedness,0.38,0.38625,3,3,H,115.826516
sortedness,0.38,0.38625,3,1,R,111.619148
sortedness,0.38,0.38625,3,2,R,107.04207
sortedness,0.38,0.38625,3,3,R,110.190701
sortedness,0.38,0.369,4,1,I,129.833936
sortedness,0.38,0.369,4,2,I,122.339378
sortedness,0.38,0.369,4,3,I,125.166661
sortedness,0.38,0.369,4,1,Q,113.405815
sortedness,0.38,0.369,4,2,Q,127.265877
sortedness,0.38,0.369,4,3,Q,114.00905
sortedness,0.38,0.369,4,1,M,111.598005
sortedness,0.38,0.369,4,2,M,109.770386
sortedness,0.38,0.369,4,3,M,111.708237
sortedness,0.38,0.369,4,1,H,110.003891
sortedness,0.38,0.369,4,2,H,113.444474
sortedness,0.38,0.369,4,3,H,109.466571
sortedness,0.38,0.369,4,1,R,99.751408
sortedness,0.38,0.369,4,2,R,112.378572
sortedness,0.38,0.369,4,3,R,110.030935
sortedness,0.38,0.37325,5,1,I,121.448708
sortedness,0.38,0.37325,5,2,I,125.991222
sortedness,0.38,0.37325,5,3,I,125.578582
sortedness,0.38,0.37325,5,1,Q,112.662449
sortedness,0.38,0.37325,5,2,Q,120.797388
sortedness,0.38,0.37325,5,3,Q,117.388343
sortedness,0.38,0.37325,5,1,M,112.774388
sortedness,0.38,0.37325,5,2,M,124.785033
sortedness,0.38,0.37325,5,3,M,107.019853
sortedness,0.38,0.37325,5,1,H,103.148209
sortedness,0.38,0.37325,5,2,H,100.490308
sortedness,0.38,0.37325,5,3,H,112.053009
sortedness,0.38,0.37325,5,1,R,103.024703
sortedness,0.38,0.37325,5,2,R,109.856209
sortedness,0.38,0.37325,5,3,R,111.984239
sortedness,0.38,0.37975,6,1,I,121.71317
sortedness,0.38,0.37975,6,2,I,127.502744
sortedness,0.38,0.37975,6,3,I,127.204712
sortedness,0.38,0.37975,6,1,Q,110.147704
sortedness,0.38,0.37975,6,2,Q,115.50879
sortedness,0.38,0.37975,6,3,Q,110.664919
sortedness,0.38,0.37975,6,1,M,112.190744
sortedness,0.38,0.37975,6,2,M,112.475438
sortedness,0.38,0.37975,6,3,M,113.817711
sortedness,0.38,0.37975,6,1,H,125.302947
sortedness,0.38,0.37975,6,2,H,112.313533
sortedness,0.38,0.37975,6,3,H,124.280469
sortedness,0.38,0.37975,6,1,R,114.100945
sortedness,0.38,0.37975,6,2,R,116.952888
sortedness,0.38,0.37975,6,3,R,120.751016
sortedness,0.38,0.38425,7,1,I,116.527602
sortedness,0.38,0.38425,7,2,I,135.56569
sortedness,0.38,0.38425,7,3,I,142.512436
sortedness,0.38,0.38425,7,1,Q,107.780085
sortedness,0.38,0.38425,7,2,Q,111.227468
sortedness,0.38,0.38425,7,3,Q,112.105216
sortedness,0.38,0.38425,7,1,M,110.650076
sortedness,0.38,0.38425,7,2,M,112.51101
sortedness,0.38,0.38425,7,3,M,110.973001
sortedness,0.38,0.38425,7,1,H,117.360278
sortedness,0.38,0.38425,7,2,H,112.314214
sortedness,0.38,0.38425,7,3,H,112.44455
sortedness,0.38,0.38425,7,1,R,107.908894
sortedness,0.38,0.38425,7,2,R,109.694915
sortedness,0.38,0.38425,7,3,R,111.180206
sortedness,0.38,0.388,8,1,I,125.676642
sortedness,0.38,0.388,8,2,I,132.375229
sortedness,0.38,0.388,8,3,I,122.931236
sortedness,0.38,0.388,8,1,Q,109.17392
sortedness,0.38,0.388,8,2,Q,108.408744
sortedness,0.38,0.388,8,3,Q,110.544148
sortedness,0.38,0.388,8,1,M,113.695299
sortedness,0.38,0.388,8,2,M,110.812222
sortedness,0.38,0.388,8,3,M,110.326239
sortedness,0.38,0.388,8,1,H,102.60561
sortedness,0.38,0.388,8,2,H,118.920193
sortedness,0.38,0.388,8,3,H,113.007287
sortedness,0.38,0.388,8,1,R,113.497823
sortedness,0.38,0.388,8,2,R,113.549377
sortedness,0.38,0.388,8,3,R,110.38861
sortedness,0.39,0.393,1,1,I,124.665145
sortedness,0.39,0.393,1,2,I,126.712789
sortedness,0.39,0.393,1,3,I,124.228555
sortedness,0.39,0.393,1,1,Q,110.11006
sortedness,0.39,0.393,1,2,Q,108.040127
sortedness,0.39,0.393,1,3,Q,109.581959
sortedness,0.39,0.393,1,1,M,112.495228
sortedness,0.39,0.393,1,2,M,110.545403
sortedness,0.39,0.393,1,3,M,113.459949
sortedness,0.39,0.393,1,1,H,109.609686
sortedness,0.39,0.393,1,2,H,112.542345
sortedness,0.39,0.393,1,3,H,110.812293
sortedness,0.39,0.393,1,1,R,108.849177
sortedness,0.39,0.393,1,2,R,111.892351
sortedness,0.39,0.393,1,3,R,118.752892
sortedness,0.39,0.3895,2,1,I,122.363289
sortedness,0.39,0.3895,2,2,I,134.076269
sortedness,0.39,0.3895,2,3,I,121.303623
sortedness,0.39,0.3895,2,1,Q,111.420892
sortedness,0.39,0.3895,2,2,Q,109.579924
sortedness,0.39,0.3895,2,3,Q,114.100712
sortedness,0.39,0.3895,2,1,M,110.480297
sortedness,0.39,0.3895,2,2,M,110.885251
sortedness,0.39,0.3895,2,3,M,142.012415
sortedness,0.39,0.3895,2,1,H,112.718102
sortedness,0.39,0.3895,2,2,H,100.758728
sortedness,0.39,0.3895,2,3,H,110.017421
sortedness,0.39,0.3895,2,1,R,110.857059
sortedness,0.39,0.3895,2,2,R,111.014371
sortedness,0.39,0.3895,2,3,R,115.883326
sortedness,0.39,0.40375,3,1,I,128.499287
sortedness,0.39,0.40375,3,2,I,123.471447
sortedness,0.39,0.40375,3,3,I,121.838653
sortedness,0.39,0.40375,3,1,Q,110.92754
sortedness,0.39,0.40375,3,2,Q,108.702996
sortedness,0.39,0.40375,3,3,Q,112.755354
sortedness,0.39,0.40375,3,1,M,111.255026
sortedness,0.39,0.40375,3,2,M,113.594649
sortedness,0.39,0.40375,3,3,M,100.672476
sortedness,0.39,0.40375,3,1,H,109.479404
sortedness,0.39,0.40375,3,2,H,112.142153
sortedness,0.39,0.40375,3,3,H,107.967542
sortedness,0.39,0.40375,3,1,R,108.850809
sortedness,0.39,0.40375,3,2,R,110.041345
sortedness,0.39,0.40375,3,3,R,110.864674
sortedness,0.39,0.39125,4,1,I,128.9592
sortedness,0.39,0.39125,4,2,I,123.830165
sortedness,0.39,0.39125,4,3,I,121.835085
sortedness,0.39,0.39125,4,1,Q,111.477002
sortedness,0.39,0.39125,4,2,Q,111.359501
sortedness,0.39,0.39125,4,3,Q,114.993034
sortedness,0.39,0.39125,4,1,M,109.909112
sortedness,0.39,0.39125,4,2,M,99.282236
sortedness,0.39,0.39125,4,3,M,114.917982
sortedness,0.39,0.39125,4,1,H,110.723385
sortedness,0.39,0.39125,4,2,H,118.106972
sortedness,0.39,0.39125,4,3,H,117.551539
sortedness,0.39,0.39125,4,1,R,112.61745
sortedness,0.39,0.39125,4,2,R,111.565124
sortedness,0.39,0.39125,4,3,R,113.798202
sortedness,0.39,0.39525,5,1,I,139.528799
sortedness,0.39,0.39525,5,2,I,133.293224
sortedness,0.39,0.39525,5,3,I,130.95304
sortedness,0.39,0.39525,5,1,Q,111.303495
sortedness,0.39,0.39525,5,2,Q,108.693478
sortedness,0.39,0.39525,5,3,Q,119.026077
sortedness,0.39,0.39525,5,1,M,117.795505
sortedness,0.39,0.39525,5,2,M,115.583874
sortedness,0.39,0.39525,5,3,M,112.114016
sortedness,0.39,0.39525,5,1,H,113.99458
sortedness,0.39,0.39525,5,2,H,112.210521
sortedness,0.39,0.39525,5,3,H,115.93994
sortedness,0.39,0.39525,5,1,R,116.616701
sortedness,0.39,0.39525,5,2,R,116.610966
sortedness,0.39,0.39525,5,3,R,111.502831
sortedness,0.39,0.39825,6,1,I,121.293289
sortedness,0.39,0.39825,6,2,I,124.274425
sortedness,0.39,0.39825,6,3,I,122.245887
sortedness,0.39,0.39825,6,1,Q,117.683501
sortedness,0.39,0.39825,6,2,Q,116.165226
sortedness,0.39,0.39825,6,3,Q,112.802979
sortedness,0.39,0.39825,6,1,M,111.1196
sortedness,0.39,0.39825,6,2,M,112.041878
sortedness,0.39,0.39825,6,3,M,115.097323
sortedness,0.39,0.39825,6,1,H,110.13672
sortedness,0.39,0.39825,6,2,H,108.898843
sortedness,0.39,0.39825,6,3,H,112.847944
sortedness,0.39,0.39825,6,1,R,111.189205
sortedness,0.39,0.39825,6,2,R,111.913482
sortedness,0.39,0.39825,6,3,R,116.55192
sortedness,0.39,0.40125,7,1,I,122.038238
sortedness,0.39,0.40125,7,2,I,122.796134
sortedness,0.39,0.40125,7,3,I,125.508778
sortedness,0.39,0.40125,7,1,Q,113.41052
sortedness,0.39,0.40125,7,2,Q,110.311979
sortedness,0.39,0.40125,7,3,Q,109.317211
sortedness,0.39,0.40125,7,1,M,106.279025
sortedness,0.39,0.40125,7,2,M,107.900983
sortedness,0.39,0.40125,7,3,M,109.670338
sortedness,0.39,0.40125,7,1,H,111.067417
sortedness,0.39,0.40125,7,2,H,112.878175
sortedness,0.39,0.40125,7,3,H,117.81308
sortedness,0.39,0.40125,7,1,R,113.223867
sortedness,0.39,0.40125,7,2,R,124.279318
sortedness,0.39,0.40125,7,3,R,110.773825
sortedness,0.39,0.385,8,1,I,130.243091
sortedness,0.39,0.385,8,2,I,124.592288
sortedness,0.39,0.385,8,3,I,126.214063
sortedness,0.39,0.385,8,1,Q,120.571227
sortedness,0.39,0.385,8,2,Q,112.345308
sortedness,0.39,0.385,8,3,Q,115.548315
sortedness,0.39,0.385,8,1,M,109.290764
sortedness,0.39,0.385,8,2,M,107.27844
sortedness,0.39,0.385,8,3,M,114.465909
sortedness,0.39,0.385,8,1,H,117.117423
sortedness,0.39,0.385,8,2,H,104.989165
sortedness,0.39,0.385,8,3,H,116.277824
sortedness,0.39,0.385,8,1,R,113.680202
sortedness,0.39,0.385,8,2,R,121.076721
sortedness,0.39,0.385,8,3,R,115.145873
sortedness,0.4,0.3925,1,1,I,130.132094
sortedness,0.4,0.3925,1,2,I,132.013444
sortedness,0.4,0.3925,1,3,I,131.221616
sortedness,0.4,0.3925,1,1,Q,125.58093
sortedness,0.4,0.3925,1,2,Q,111.385349
sortedness,0.4,0.3925,1,3,Q,111.365115
sortedness,0.4,0.3925,1,1,M,110.299392
sortedness,0.4,0.3925,1,2,M,97.676649
sortedness,0.4,0.3925,1,3,M,112.992985
sortedness,0.4,0.3925,1,1,H,108.39976
sortedness,0.4,0.3925,1,2,H,103.16694
sortedness,0.4,0.3925,1,3,H,109.940687
sortedness,0.4,0.3925,1,1,R,110.489178
sortedness,0.4,0.3925,1,2,R,108.026425
sortedness,0.4,0.3925,1,3,R,109.696057
sortedness,0.4,0.39625,2,1,I,128.161552
sortedness,0.4,0.39625,2,2,I,126.674177
sortedness,0.4,0.39625,2,3,I,120.834981
sortedness,0.4,0.39625,2,1,Q,111.535498
sortedness,0.4,0.39625,2,2,Q,111.814556
sortedness,0.4,0.39625,2,3,Q,102.112859
sortedness,0.4,0.39625,2,1,M,112.104212
sortedness,0.4,0.39625,2,2,M,120.548202
sortedness,0.4,0.39625,2,3,M,105.126168
sortedness,0.4,0.39625,2,1,H,127.954598
sortedness,0.4,0.39625,2,2,H,115.82494
sortedness,0.4,0.39625,2,3,H,133.789522
sortedness,0.4,0.39625,2,1,R,115.454774
sortedness,0.4,0.39625,2,2,R,107.826579
sortedness,0.4,0.39625,2,3,R,115.649261
sortedness,0.4,0.38775,3,1,I,138.607208
sortedness,0.4,0.38775,3,2,I,135.321048
sortedness,0.4,0.38775,3,3,I,133.405155
sortedness,0.4,0.38775,3,1,Q,127.388155
sortedness,0.4,0.38775,3,2,Q,110.451152
sortedness,0.4,0.38775,3,3,Q,109.612405
sortedness,0.4,0.38775,3,1,M,108.452427
sortedness,0.4,0.38775,3,2,M,110.570112
sortedness,0.4,0.38775,3,3,M,121.551818
sortedness,0.4,0.38775,3,1,H,108.423156
sortedness,0.4,0.38775,3,2,H,108.587622
sortedness,0.4,0.38775,3,3,H,105.340406
sortedness,0.4,0.38775,3,1,R,107.613672
sortedness,0.4,0.38775,3,2,R,106.152437
sortedness,0.4,0.38775,3,3,R,110.372411
sortedness,0.4,0.395,4,1,I,121.688862
sortedness,0.4,0.395,4,2,I,124.939051
sortedness,0.4,0.395,4,3,I,136.64936
sortedness,0.4,0.395,4,1,Q,115.689376
sortedness,0.4,0.395,4,2,Q,115.633604
sortedness,0.4,0.395,4,3,Q,124.070512
sortedness,0.4,0.395,4,1,M,112.380448
sortedness,0.4,0.395,4,2,M,112.571101
sortedness,0.4,0.395,4,3,M,109.139675
sortedness,0.4,0.395,4,1,H,116.763916
sortedness,0.4,0.395,4,2,H,114.449929
sortedness,0.4,0.395,4,3,H,110.807258
sortedness,0.4,0.395,4,1,R,114.524201
sortedness,0.4,0.395,4,2,R,110.586976
sortedness,0.4,0.395,4,3,R,111.774831
sortedness,0.4,0.412,5,1,I,113.043041
sortedness,0.4,0.412,5,2,I,131.700734
sortedness,0.4,0.412,5,3,I,121.608365
sortedness,0.4,0.412,5,1,Q,108.607102
sortedness,0.4,0.412,5,2,Q,113.116616
sortedness,0.4,0.412,5,3,Q,112.011262
sortedness,0.4,0.412,5,1,M,113.922684
sortedness,0.4,0.412,5,2,M,113.106553
sortedness,0.4,0.412,5,3,M,111.363227
sortedness,0.4,0.412,5,1,H,120.565484
sortedness,0.4,0.412,5,2,H,108.311847
sortedness,0.4,0.412,5,3,H,96.93743
sortedness,0.4,0.412,5,1,R,109.62965
sortedness,0.4,0.412,5,2,R,112.1215
sortedness,0.4,0.412,5,3,R,110.920577
sortedness,0.4,0.408,6,1,I,131.062293
sortedness,0.4,0.408,6,2,I,130.041255
sortedness,0.4,0.408,6,3,I,123.510714
sortedness,0.4,0.408,6,1,Q,109.421652
sortedness,0.4,0.408,6,2,Q,114.963748
sortedness,0.4,0.408,6,3,Q,106.589556
sortedness,0.4,0.408,6,1,M,113.383822
sortedness,0.4,0.408,6,2,M,108.978432
sortedness,0.4,0.408,6,3,M,107.294898
sortedness,0.4,0.408,6,1,H,109.806627
sortedness,0.4,0.408,6,2,H,115.575167
sortedness,0.4,0.408,6,3,H,113.739091
sortedness,0.4,0.408,6,1,R,110.576972
sortedness,0.4,0.408,6,2,R,108.932556
sortedness,0.4,0.408,6,3,R,113.55229
sortedness,0.4,0.40375,7,1,I,124.218159
sortedness,0.4,0.40375,7,2,I,124.236305
sortedness,0.4,0.40375,7,3,I,122.024058
sortedness,0.4,0.40375,7,1,Q,100.390551
sortedness,0.4,0.40375,7,2,Q,109.735587
sortedness,0.4,0.40375,7,3,Q,111.415419
sortedness,0.4,0.40375,7,1,M,116.696699
sortedness,0.4,0.40375,7,2,M,107.975889
sortedness,0.4,0.40375,7,3,M,111.288087
sortedness,0.4,0.40375,7,1,H,111.235926
sortedness,0.4,0.40375,7,2,H,112.206819
sortedness,0.4,0.40375,7,3,H,113.292911
sortedness,0.4,0.40375,7,1,R,109.667472
sortedness,0.4,0.40375,7,2,R,112.86063
sortedness,0.4,0.40375,7,3,R,113.031467
sortedness,0.4,0.396,8,1,I,123.582517
sortedness,0.4,0.396,8,2,I,123.538276
sortedness,0.4,0.396,8,3,I,123.60606
sortedness,0.4,0.396,8,1,Q,115.230862
sortedness,0.4,0.396,8,2,Q,111.313482
sortedness,0.4,0.396,8,3,Q,111.959945
sortedness,0.4,0.396,8,1,M,111.487247
sortedness,0.4,0.396,8,2,M,113.860885
sortedness,0.4,0.396,8,3,M,124.237033
sortedness,0.4,0.396,8,1,H,114.688427
sortedness,0.4,0.396,8,2,H,113.431088
sortedness,0.4,0.396,8,3,H,119.156125
sortedness,0.4,0.396,8,1,R,120.396763
sortedness,0.4,0.396,8,2,R,114.326959
sortedness,0.4,0.396,8,3,R,115.723579
sortedness,0.41,0.4025,1,1,I,135.423644
sortedness,0.41,0.4025,1,2,I,118.930178
sortedness,0.41,0.4025,1,3,I,129.846088
sortedness,0.41,0.4025,1,1,Q,110.782744
sortedness,0.41,0.4025,1,2,Q,108.121036
sortedness,0.41,0.4025,1,3,Q,110.266867
sortedness,0.41,0.4025,1,1,M,114.451879
sortedness,0.41,0.4025,1,2,M,111.457269
sortedness,0.41,0.4025,1,3,M,110.703469
sortedness,0.41,0.4025,1,1,H,112.17152
sortedness,0.41,0.4025,1,2,H,103.905942
sortedness,0.41,0.4025,1,3,H,112.549033
sortedness,0.41,0.4025,1,1,R,108.612621
sortedness,0.41,0.4025,1,2,R,118.524764
sortedness,0.41,0.4025,1,3,R,114.594867
sortedness,0.41,0.406,2,1,I,135.898698
sortedness,0.41,0.406,2,2,I,127.151784
sortedness,0.41,0.406,2,3,I,125.892257
sortedness,0.41,0.406,2,1,Q,125.875528
sortedness,0.41,0.406,2,2,Q,116.227991
sortedness,0.41,0.406,2,3,Q,112.535235
sortedness,0.41,0.406,2,1,M,107.742597
sortedness,0.41,0.406,2,2,M,112.182307
sortedness,0.41,0.406,2,3,M,111.132973
sortedness,0.41,0.406,2,1,H,109.912489
sortedness,0.41,0.406,2,2,H,110.439785
sortedness,0.41,0.406,2,3,H,108.534617
sortedness,0.41,0.406,2,1,R,107.494901
sortedness,0.41,0.406,2,2,R,111.238252
sortedness,0.41,0.406,2,3,R,111.54555
sortedness,0.41,0.418,3,1,I,122.101945
sortedness,0.41,0.418,3,2,I,124.745173
sortedness,0.41,0.418,3,3,I,125.487503
sortedness,0.41,0.418,3,1,Q,102.064472
sortedness,0.41,0.418,3,2,Q,111.680273
sortedness,0.41,0.418,3,3,Q,110.952029
sortedness,0.41,0.418,3,1,M,124.100456
sortedness,0.41,0.418,3,2,M,109.780643
sortedness,0.41,0.418,3,3,M,108.215926
sortedness,0.41,0.418,3,1,H,109.147849
sortedness,0.41,0.418,3,2,H,110.827675
sortedness,0.41,0.418,3,3,H,110.7782
sortedness,0.41,0.418,3,1,R,113.484756
sortedness,0.41,0.418,3,2,R,113.290453
sortedness,0.41,0.418,3,3,R,119.707287
sortedness,0.41,0.40075,4,1,I,132.407814
sortedness,0.41,0.40075,4,2,I,135.774612
sortedness,0.41,0.40075,4,3,I,128.577994
sortedness,0.41,0.40075,4,1,Q,110.932307
sortedness,0.41,0.40075,4,2,Q,115.555556
sortedness,0.41,0.40075,4,3,Q,114.614585
sortedness,0.41,0.40075,4,1,M,117.470327
sortedness,0.41,0.40075,4,2,M,122.70841
sortedness,0.41,0.40075,4,3,M,118.973764
sortedness,0.41,0.40075,4,1,H,112.352404
sortedness,0.41,0.40075,4,2,H,116.142727
sortedness,0.41,0.40075,4,3,H,118.393857
sortedness,0.41,0.40075,4,1,R,115.986752
sortedness,0.41,0.40075,4,2,R,116.638339
sortedness,0.41,0.40075,4,3,R,110.159134
sortedness,0.41,0.41175,5,1,I,122.454558
sortedness,0.41,0.41175,5,2,I,122.946482
sortedness,0.41,0.41175,5,3,I,128.74995
sortedness,0.41,0.41175,5,1,Q,108.989176
sortedness,0.41,0.41175,5,2,Q,115.190199
sortedness,0.41,0.41175,5,3,Q,110.466538
sortedness,0.41,0.41175,5,1,M,112.000247
sortedness,0.41,0.41175,5,2,M,109.535415
sortedness,0.41,0.41175,5,3,M,113.543113
sortedness,0.41,0.41175,5,1,H,120.843282
sortedness,0.41,0.41175,5,2,H,122.404449
sortedness,0.41,0.41175,5,3,H,122.416575
sortedness,0.41,0.41175,5,1,R,123.300283
sortedness,0.41,0.41175,5,2,R,114.778977
sortedness,0.41,0.41175,5,3,R,112.397122
sortedness,0.41,0.4125,6,1,I,138.882942
sortedness,0.41,0.4125,6,2,I,142.011857
sortedness,0.41,0.4125,6,3,I,127.936737
sortedness,0.41,0.4125,6,1,Q,129.853833
sortedness,0.41,0.4125,6,2,Q,114.06335
sortedness,0.41,0.4125,6,3,Q,118.559073
sortedness,0.41,0.4125,6,1,M,117.280805
sortedness,0.41,0.4125,6,2,M,126.746544
sortedness,0.41,0.4125,6,3,M,122.058378
sortedness,0.41,0.4125,6,1,H,120.456636
sortedness,0.41,0.4125,6,2,H,121.494987
sortedness,0.41,0.4125,6,3,H,115.619244
sortedness,0.41,0.4125,6,1,R,113.128592
sortedness,0.41,0.4125,6,2,R,111.694905
sortedness,0.41,0.4125,6,3,R,109.886452
sortedness,0.41,0.4085,7,1,I,128.587576
sortedness,0.41,0.4085,7,2,I,122.318475
sortedness,0.41,0.4085,7,3,I,124.658232
sortedness,0.41,0.4085,7,1,Q,112.140778
sortedness,0.41,0.4085,7,2,Q,111.318818
sortedness,0.41,0.4085,7,3,Q,111.871393
sortedness,0.41,0.4085,7,1,M,108.306848
sortedness,0.41,0.4085,7,2,M,111.356081
sortedness,0.41,0.4085,7,3,M,112.333559
sortedness,0.41,0.4085,7,1,H,118.897571
sortedness,0.41,0.4085,7,2,H,112.864721
sortedness,0.41,0.4085,7,3,H,116.714749
sortedness,0.41,0.4085,7,1,R,123.074113
sortedness,0.41,0.4085,7,2,R,124.374464
sortedness,0.41,0.4085,7,3,R,113.144089
sortedness,0.41,0.3925,8,1,I,126.620765
sortedness,0.41,0.3925,8,2,I,136.288133
sortedness,0.41,0.3925,8,3,I,132.625883
sortedness,0.41,0.3925,8,1,Q,101.586672
sortedness,0.41,0.3925,8,2,Q,110.365755
sortedness,0.41,0.3925,8,3,Q,111.809839
sortedness,0.41,0.3925,8,1,M,110.010576
sortedness,0.41,0.3925,8,2,M,113.987944
sortedness,0.41,0.3925,8,3,M,109.750258
sortedness,0.41,0.3925,8,1,H,114.594856
sortedness,0.41,0.3925,8,2,H,113.10413
sortedness,0.41,0.3925,8,3,H,112.567342
sortedness,0.41,0.3925,8,1,R,119.829982
sortedness,0.41,0.3925,8,2,R,111.37249
sortedness,0.41,0.3925,8,3,R,118.140962
sortedness,0.42,0.421,1,1,I,154.826066
sortedness,0.42,0.421,1,2,I,133.754917
sortedness,0.42,0.421,1,3,I,131.172238
sortedness,0.42,0.421,1,1,Q,127.219142
sortedness,0.42,0.421,1,2,Q,114.515524
sortedness,0.42,0.421,1,3,Q,115.431594
sortedness,0.42,0.421,1,1,M,112.221126
sortedness,0.42,0.421,1,2,M,111.241527
sortedness,0.42,0.421,1,3,M,126.026418
sortedness,0.42,0.421,1,1,H,117.576401
sortedness,0.42,0.421,1,2,H,115.265414
sortedness,0.42,0.421,1,3,H,108.787924
sortedness,0.42,0.421,1,1,R,114.353299
sortedness,0.42,0.421,1,2,R,123.474879
sortedness,0.42,0.421,1,3,R,108.89053
sortedness,0.42,0.41525,2,1,I,123.106231
sortedness,0.42,0.41525,2,2,I,129.665357
sortedness,0.42,0.41525,2,3,I,123.910592
sortedness,0.42,0.41525,2,1,Q,105.304144
sortedness,0.42,0.41525,2,2,Q,114.69504
sortedness,0.42,0.41525,2,3,Q,101.89969
sortedness,0.42,0.41525,2,1,M,110.31328
sortedness,0.42,0.41525,2,2,M,109.395656
sortedness,0.42,0.41525,2,3,M,111.194161
sortedness,0.42,0.41525,2,1,H,111.254342
sortedness,0.42,0.41525,2,2,H,116.977626
sortedness,0.42,0.41525,2,3,H,111.714985
sortedness,0.42,0.41525,2,1,R,119.374209
sortedness,0.42,0.41525,2,2,R,117.770244
sortedness,0.42,0.41525,2,3,R,115.077814
sortedness,0.42,0.41725,3,1,I,126.260426
sortedness,0.42,0.41725,3,2,I,131.58474
sortedness,0.42,0.41725,3,3,I,127.662121
sortedness,0.42,0.41725,3,1,Q,115.000179
sortedness,0.42,0.41725,3,2,Q,105.400495
sortedness,0.42,0.41725,3,3,Q,109.645655
sortedness,0.42,0.41725,3,1,M,117.131778
sortedness,0.42,0.41725,3,2,M,113.357155
sortedness,0.42,0.41725,3,3,M,116.082189
sortedness,0.42,0.41725,3,1,H,117.079902
sortedness,0.42,0.41725,3,2,H,119.348585
sortedness,0.42,0.41725,3,3,H,111.447547
sortedness,0.42,0.41725,3,1,R,123.014422
sortedness,0.42,0.41725,3,2,R,117.762068
sortedness,0.42,0.41725,3,3,R,115.311411
sortedness,0.42,0.41025,4,1,I,130.447072
sortedness,0.42,0.41025,4,2,I,133.97441
sortedness,0.42,0.41025,4,3,I,135.194045
sortedness,0.42,0.41025,4,1,Q,99.99766
sortedness,0.42,0.41025,4,2,Q,103.52009
sortedness,0.42,0.41025,4,3,Q,110.715481
sortedness,0.42,0.41025,4,1,M,112.285355
sortedness,0.42,0.41025,4,2,M,105.681289
sortedness,0.42,0.41025,4,3,M,109.329871
sortedness,0.42,0.41025,4,1,H,112.302334
sortedness,0.42,0.41025,4,2,H,110.117813
sortedness,0.42,0.41025,4,3,H,114.657057
sortedness,0.42,0.41025,4,1,R,108.173514
sortedness,0.42,0.41025,4,2,R,113.654706
sortedness,0.42,0.41025,4,3,R,104.424645
sortedness,0.42,0.4195,5,1,I,130.304079
sortedness,0.42,0.4195,5,2,I,138.123685
sortedness,0.42,0.4195,5,3,I,123.784509
sortedness,0.42,0.4195,5,1,Q,113.100158
sortedness,0.42,0.4195,5,2,Q,109.846563
sortedness,0.42,0.4195,5,3,Q,113.827447
sortedness,0.42,0.4195,5,1,M,118.908585
sortedness,0.42,0.4195,5,2,M,110.217543
sortedness,0.42,0.4195,5,3,M,104.726315
sortedness,0.42,0.4195,5,1,H,115.950407
sortedness,0.42,0.4195,5,2,H,110.426232
sortedness,0.42,0.4195,5,3,H,118.108997
sortedness,0.42,0.4195,5,1,R,117.698579
sortedness,0.42,0.4195,5,2,R,117.424359
sortedness,0.42,0.4195,5,3,R,119.69745
sortedness,0.42,0.4335,6,1,I,129.17787
sortedness,0.42,0.4335,6,2,I,135.188233
sortedness,0.42,0.4335,6,3,I,148.199236
sortedness,0.42,0.4335,6,1,Q,113.712088
sortedness,0.42,0.4335,6,2,Q,112.401198
sortedness,0.42,0.4335,6,3,Q,110.088852
sortedness,0.42,0.4335,6,1,M,114.004124
sortedness,0.42,0.4335,6,2,M,120.003271
sortedness,0.42,0.4335,6,3,M,118.078645
sortedness,0.42,0.4335,6,1,H,112.00367
sortedness,0.42,0.4335,6,2,H,123.645415
sortedness,0.42,0.4335,6,3,H,117.344846
sortedness,0.42,0.4335,6,1,R,113.784842
sortedness,0.42,0.4335,6,2,R,115.334269
sortedness,0.42,0.4335,6,3,R,113.261918
sortedness,0.42,0.4095,7,1,I,128.165006
sortedness,0.42,0.4095,7,2,I,126.081466
sortedness,0.42,0.4095,7,3,I,123.664349
sortedness,0.42,0.4095,7,1,Q,101.294043
sortedness,0.42,0.4095,7,2,Q,114.284617
sortedness,0.42,0.4095,7,3,Q,109.302782
sortedness,0.42,0.4095,7,1,M,115.134494
sortedness,0.42,0.4095,7,2,M,109.102011
sortedness,0.42,0.4095,7,3,M,113.697951
sortedness,0.42,0.4095,7,1,H,111.296485
sortedness,0.42,0.4095,7,2,H,115.000004
sortedness,0.42,0.4095,7,3,H,102.752126
sortedness,0.42,0.4095,7,1,R,107.079588
sortedness,0.42,0.4095,7,2,R,113.666612
sortedness,0.42,0.4095,7,3,R,111.684728
sortedness,0.42,0.4055,8,1,I,125.855288
sortedness,0.42,0.4055,8,2,I,122.450165
sortedness,0.42,0.4055,8,3,I,122.043026
sortedness,0.42,0.4055,8,1,Q,112.786278
sortedness,0.42,0.4055,8,2,Q,110.078273
sortedness,0.42,0.4055,8,3,Q,112.429637
sortedness,0.42,0.4055,8,1,M,109.394215
sortedness,0.42,0.4055,8,2,M,101.007882
sortedness,0.42,0.4055,8,3,M,109.340455
sortedness,0.42,0.4055,8,1,H,112.364675
sortedness,0.42,0.4055,8,2,H,97.576807
sortedness,0.42,0.4055,8,3,H,114.765496
sortedness,0.42,0.4055,8,1,R,114.803446
sortedness,0.42,0.4055,8,2,R,114.295144
sortedness,0.42,0.4055,8,3,R,121.374485
sortedness,0.43,0.43225,1,1,I,131.367056
sortedness,0.43,0.43225,1,2,I,126.547765
sortedness,0.43,0.43225,1,3,I,131.419521
sortedness,0.43,0.43225,1,1,Q,108.941349
sortedness,0.43,0.43225,1,2,Q,115.339601
sortedness,0.43,0.43225,1,3,Q,112.322481
sortedness,0.43,0.43225,1,1,M,110.619331
sortedness,0.43,0.43225,1,2,M,121.613424
sortedness,0.43,0.43225,1,3,M,131.799241
sortedness,0.43,0.43225,1,1,H,120.317248
sortedness,0.43,0.43225,1,2,H,125.29739
sortedness,0.43,0.43225,1,3,H,112.834673
sortedness,0.43,0.43225,1,1,R,103.407993
sortedness,0.43,0.43225,1,2,R,114.024772
sortedness,0.43,0.43225,1,3,R,112.108141
sortedness,0.43,0.41875,2,1,I,128.244165
sortedness,0.43,0.41875,2,2,I,129.089536
sortedness,0.43,0.41875,2,3,I,131.990361
sortedness,0.43,0.41875,2,1,Q,121.280107
sortedness,0.43,0.41875,2,2,Q,112.996801
sortedness,0.43,0.41875,2,3,Q,110.471641
sortedness,0.43,0.41875,2,1,M,116.886379
sortedness,0.43,0.41875,2,2,M,112.422015
sortedness,0.43,0.41875,2,3,M,113.011229
sortedness,0.43,0.41875,2,1,H,113.560178
sortedness,0.43,0.41875,2,2,H,116.010623
sortedness,0.43,0.41875,2,3,H,113.442573
sortedness,0.43,0.41875,2,1,R,109.894394
sortedness,0.43,0.41875,2,2,R,111.069604
sortedness,0.43,0.41875,2,3,R,110.125527
sortedness,0.43,0.42575,3,1,I,128.311918
sortedness,0.43,0.42575,3,2,I,130.283263
sortedness,0.43,0.42575,3,3,I,128.752069
sortedness,0.43,0.42575,3,1,Q,114.681489
sortedness,0.43,0.42575,3,2,Q,108.970043
sortedness,0.43,0.42575,3,3,Q,110.595805
sortedness,0.43,0.42575,3,1,M,111.099987
sortedness,0.43,0.42575,3,2,M,108.747398
sortedness,0.43,0.42575,3,3,M,118.592541
sortedness,0.43,0.42575,3,1,H,113.861707
sortedness,0.43,0.42575,3,2,H,118.446551
sortedness,0.43,0.42575,3,3,H,116.114254
sortedness,0.43,0.42575,3,1,R,114.827877
sortedness,0.43,0.42575,3,2,R,114.407844
sortedness,0.43,0.42575,3,3,R,111.065242
sortedness,0.43,0.4345,4,1,I,121.88268
sortedness,0.43,0.4345,4,2,I,126.507595
sortedness,0.43,0.4345,4,3,I,129.495441
sortedness,0.43,0.4345,4,1,Q,119.803107
sortedness,0.43,0.4345,4,2,Q,108.334886
sortedness,0.43,0.4345,4,3,Q,115.936824
sortedness,0.43,0.4345,4,1,M,132.616966
sortedness,0.43,0.4345,4,2,M,117.069031
sortedness,0.43,0.4345,4,3,M,127.776551
sortedness,0.43,0.4345,4,1,H,123.287627
sortedness,0.43,0.4345,4,2,H,111.121686
sortedness,0.43,0.4345,4,3,H,114.347068
sortedness,0.43,0.4345,4,1,R,113.950002
sortedness,0.43,0.4345,4,2,R,114.351374
sortedness,0.43,0.4345,4,3,R,114.362143
sortedness,0.43,0.42975,5,1,I,128.313755
sortedness,0.43,0.42975,5,2,I,137.844666
sortedness,0.43,0.42975,5,3,I,132.115064
sortedness,0.43,0.42975,5,1,Q,113.45384
sortedness,0.43,0.42975,5,2,Q,126.483114
sortedness,0.43,0.42975,5,3,Q,112.691949
sortedness,0.43,0.42975,5,1,M,108.857574
sortedness,0.43,0.42975,5,2,M,112.855826
sortedness,0.43,0.42975,5,3,M,114.942187
sortedness,0.43,0.42975,5,1,H,121.941683
sortedness,0.43,0.42975,5,2,H,124.231786
sortedness,0.43,0.42975,5,3,H,119.443758
sortedness,0.43,0.42975,5,1,R,122.182646
sortedness,0.43,0.42975,5,2,R,113.668351
sortedness,0.43,0.42975,5,3,R,113.356275
sortedness,0.43,0.4285,6,1,I,133.518158
sortedness,0.43,0.4285,6,2,I,126.998374
sortedness,0.43,0.4285,6,3,I,125.444187
sortedness,0.43,0.4285,6,1,Q,113.458293
sortedness,0.43,0.4285,6,2,Q,110.174544
sortedness,0.43,0.4285,6,3,Q,111.747917
sortedness,0.43,0.4285,6,1,M,117.482717
sortedness,0.43,0.4285,6,2,M,116.615823
sortedness,0.43,0.4285,6,3,M,109.953097
sortedness,0.43,0.4285,6,1,H,114.432745
sortedness,0.43,0.4285,6,2,H,119.13475
sortedness,0.43,0.4285,6,3,H,114.688249
sortedness,0.43,0.4285,6,1,R,115.558785
sortedness,0.43,0.4285,6,2,R,114.232182
sortedness,0.43,0.4285,6,3,R,110.000373
sortedness,0.43,0.43325,7,1,I,131.26389
sortedness,0.43,0.43325,7,2,I,127.055986
sortedness,0.43,0.43325,7,3,I,144.73202
sortedness,0.43,0.43325,7,1,Q,116.014683
sortedness,0.43,0.43325,7,2,Q,115.303209
sortedness,0.43,0.43325,7,3,Q,112.232252
sortedness,0.43,0.43325,7,1,M,115.025957
sortedness,0.43,0.43325,7,2,M,113.778748
sortedness,0.43,0.43325,7,3,M,113.616306
sortedness,0.43,0.43325,7,1,H,111.167053
sortedness,0.43,0.43325,7,2,H,113.101892
sortedness,0.43,0.43325,7,3,H,114.598917
sortedness,0.43,0.43325,7,1,R,117.287635
sortedness,0.43,0.43325,7,2,R,113.04801
sortedness,0.43,0.43325,7,3,R,113.275111
sortedness,0.43,0.4255,8,1,I,128.256695
sortedness,0.43,0.4255,8,2,I,127.221566
sortedness,0.43,0.4255,8,3,I,128.803493
sortedness,0.43,0.4255,8,1,Q,109.895221
sortedness,0.43,0.4255,8,2,Q,107.708553
sortedness,0.43,0.4255,8,3,Q,111.051393
sortedness,0.43,0.4255,8,1,M,111.984272
sortedness,0.43,0.4255,8,2,M,110.057247
sortedness,0.43,0.4255,8,3,M,112.374062
sortedness,0.43,0.4255,8,1,H,110.50013
sortedness,0.43,0.4255,8,2,H,111.330679
sortedness,0.43,0.4255,8,3,H,111.341561
sortedness,0.43,0.4255,8,1,R,111.505609
sortedness,0.43,0.4255,8,2,R,110.006793
sortedness,0.43,0.4255,8,3,R,100.474055
sortedness,0.44,0.442,1,1,I,130.751509
sortedness,0.44,0.442,1,2,I,128.93352
sortedness,0.44,0.442,1,3,I,124.311273
sortedness,0.44,0.442,1,1,Q,112.951717
sortedness,0.44,0.442,1,2,Q,110.521767
sortedness,0.44,0.442,1,3,Q,112.38145
sortedness,0.44,0.442,1,1,M,113.419493
sortedness,0.44,0.442,1,2,M,115.080555
sortedness,0.44,0.442,1,3,M,114.902575
sortedness,0.44,0.442,1,1,H,111.17916
sortedness,0.44,0.442,1,2,H,116.465745
sortedness,0.44,0.442,1,3,H,111.606149
sortedness,0.44,0.442,1,1,R,114.727957
sortedness,0.44,0.442,1,2,R,114.346419
sortedness,0.44,0.442,1,3,R,116.250143
sortedness,0.44,0.44675,2,1,I,142.430945
sortedness,0.44,0.44675,2,2,I,130.031598
sortedness,0.44,0.44675,2,3,I,128.272216
sortedness,0.44,0.44675,2,1,Q,120.79295
sortedness,0.44,0.44675,2,2,Q,131.2565
sortedness,0.44,0.44675,2,3,Q,129.823632
sortedness,0.44,0.44675,2,1,M,115.384093
sortedness,0.44,0.44675,2,2,M,134.036079
sortedness,0.44,0.44675,2,3,M,117.758729
sortedness,0.44,0.44675,2,1,H,122.010383
sortedness,0.44,0.44675,2,2,H,117.763592
sortedness,0.44,0.44675,2,3,H,116.005857
sortedness,0.44,0.44675,2,1,R,113.093928
sortedness,0.44,0.44675,2,2,R,110.582389
sortedness,0.44,0.44675,2,3,R,122.169903
sortedness,0.44,0.44375,3,1,I,130.990939
sortedness,0.44,0.44375,3,2,I,123.544334
sortedness,0.44,0.44375,3,3,I,139.042359
sortedness,0.44,0.44375,3,1,Q,107.034929
sortedness,0.44,0.44375,3,2,Q,111.174443
sortedness,0.44,0.44375,3,3,Q,111.440386
sortedness,0.44,0.44375,3,1,M,116.89023
sortedness,0.44,0.44375,3,2,M,110.953896
sortedness,0.44,0.44375,3,3,M,110.318311
sortedness,0.44,0.44375,3,1,H,114.030187
sortedness,0.44,0.44375,3,2,H,110.513103
sortedness,0.44,0.44375,3,3,H,112.67757
sortedness,0.44,0.44375,3,1,R,119.820879
sortedness,0.44,0.44375,3,2,R,115.485489
sortedness,0.44,0.44375,3,3,R,123.285898
sortedness,0.44,0.434,4,1,I,118.655835
sortedness,0.44,0.434,4,2,I,136.018603
sortedness,0.44,0.434,4,3,I,130.617989
sortedness,0.44,0.434,4,1,Q,118.680857
sortedness,0.44,0.434,4,2,Q,124.311233
sortedness,0.44,0.434,4,3,Q,120.208144
sortedness,0.44,0.434,4,1,M,113.218066
sortedness,0.44,0.434,4,2,M,100.717494
sortedness,0.44,0.434,4,3,M,111.545218
sortedness,0.44,0.434,4,1,H,110.680548
sortedness,0.44,0.434,4,2,H,111.604512
sortedness,0.44,0.434,4,3,H,109.015485
sortedness,0.44,0.434,4,1,R,124.025857
sortedness,0.44,0.434,4,2,R,142.841375
sortedness,0.44,0.434,4,3,R,110.095789
sortedness,0.44,0.438,5,1,I,126.053633
sortedness,0.44,0.438,5,2,I,125.195762
sortedness,0.44,0.438,5,3,I,123.954978
sortedness,0.44,0.438,5,1,Q,117.357026
sortedness,0.44,0.438,5,2,Q,120.413518
sortedness,0.44,0.438,5,3,Q,120.417312
sortedness,0.44,0.438,5,1,M,118.980546
sortedness,0.44,0.438,5,2,M,114.961115
sortedness,0.44,0.438,5,3,M,121.085925
sortedness,0.44,0.438,5,1,H,119.140643
sortedness,0.44,0.438,5,2,H,108.903082
sortedness,0.44,0.438,5,3,H,110.726139
sortedness,0.44,0.438,5,1,R,108.870666
sortedness,0.44,0.438,5,2,R,110.192822
sortedness,0.44,0.438,5,3,R,110.733991
sortedness,0.44,0.444,6,1,I,122.951577
sortedness,0.44,0.444,6,2,I,126.612921
sortedness,0.44,0.444,6,3,I,110.668895
sortedness,0.44,0.444,6,1,Q,115.274244
sortedness,0.44,0.444,6,2,Q,117.563336
sortedness,0.44,0.444,6,3,Q,113.285343
sortedness,0.44,0.444,6,1,M,103.104208
sortedness,0.44,0.444,6,2,M,111.253285
sortedness,0.44,0.444,6,3,M,108.754706
sortedness,0.44,0.444,6,1,H,116.673152
sortedness,0.44,0.444,6,2,H,111.879713
sortedness,0.44,0.444,6,3,H,108.653598
sortedness,0.44,0.444,6,1,R,110.480915
sortedness,0.44,0.444,6,2,R,109.400401
sortedness,0.44,0.444,6,3,R,117.803046
sortedness,0.44,0.4515,7,1,I,126.857611
sortedness,0.44,0.4515,7,2,I,124.706699
sortedness,0.44,0.4515,7,3,I,125.105067
sortedness,0.44,0.4515,7,1,Q,111.658202
sortedness,0.44,0.4515,7,2,Q,112.125008
sortedness,0.44,0.4515,7,3,Q,111.480961
sortedness,0.44,0.4515,7,1,M,111.844278
sortedness,0.44,0.4515,7,2,M,110.417972
sortedness,0.44,0.4515,7,3,M,109.078172
sortedness,0.44,0.4515,7,1,H,112.263937
sortedness,0.44,0.4515,7,2,H,124.673754
sortedness,0.44,0.4515,7,3,H,111.508342
sortedness,0.44,0.4515,7,1,R,113.508202
sortedness,0.44,0.4515,7,2,R,113.928568
sortedness,0.44,0.4515,7,3,R,112.020802
sortedness,0.44,0.4275,8,1,I,127.36674
sortedness,0.44,0.4275,8,2,I,126.835989
sortedness,0.44,0.4275,8,3,I,125.885315
sortedness,0.44,0.4275,8,1,Q,112.060186
sortedness,0.44,0.4275,8,2,Q,110.659097
sortedness,0.44,0.4275,8,3,Q,113.700843
sortedness,0.44,0.4275,8,1,M,115.17325
sortedness,0.44,0.4275,8,2,M,114.888102
sortedness,0.44,0.4275,8,3,M,110.760937
sortedness,0.44,0.4275,8,1,H,118.162229
sortedness,0.44,0.4275,8,2,H,111.645748
sortedness,0.44,0.4275,8,3,H,120.616274
sortedness,0.44,0.4275,8,1,R,111.195018
sortedness,0.44,0.4275,8,2,R,109.761637
sortedness,0.44,0.4275,8,3,R,110.227307
sortedness,0.45,0.464,1,1,I,135.368835
sortedness,0.45,0.464,1,2,I,111.727712
sortedness,0.45,0.464,1,3,I,123.160833
sortedness,0.45,0.464,1,1,Q,107.452482
sortedness,0.45,0.464,1,2,Q,113.410107
sortedness,0.45,0.464,1,3,Q,117.537319
sortedness,0.45,0.464,1,1,M,109.639144
sortedness,0.45,0.464,1,2,M,107.341761
sortedness,0.45,0.464,1,3,M,110.250768
sortedness,0.45,0.464,1,1,H,112.847374
sortedness,0.45,0.464,1,2,H,112.66335
sortedness,0.45,0.464,1,3,H,112.266653
sortedness,0.45,0.464,1,1,R,100.198627
sortedness,0.45,0.464,1,2,R,113.356884
sortedness,0.45,0.464,1,3,R,111.320962
sortedness,0.45,0.45525,2,1,I,130.240428
sortedness,0.45,0.45525,2,2,I,121.978385
sortedness,0.45,0.45525,2,3,I,121.279139
sortedness,0.45,0.45525,2,1,Q,112.82039
sortedness,0.45,0.45525,2,2,Q,110.40566
sortedness,0.45,0.45525,2,3,Q,102.494564
sortedness,0.45,0.45525,2,1,M,108.882847
sortedness,0.45,0.45525,2,2,M,112.204107
sortedness,0.45,0.45525,2,3,M,128.37816
sortedness,0.45,0.45525,2,1,H,117.931626
sortedness,0.45,0.45525,2,2,H,117.062607
sortedness,0.45,0.45525,2,3,H,112.118635
sortedness,0.45,0.45525,2,1,R,110.852474
sortedness,0.45,0.45525,2,2,R,111.6065
sortedness,0.45,0.45525,2,3,R,111.238191
sortedness,0.45,0.45825,3,1,I,124.466543
sortedness,0.45,0.45825,3,2,I,120.233631
sortedness,0.45,0.45825,3,3,I,123.358002
sortedness,0.45,0.45825,3,1,Q,112.908196
sortedness,0.45,0.45825,3,2,Q,110.842863
sortedness,0.45,0.45825,3,3,Q,109.354685
sortedness,0.45,0.45825,3,1,M,117.357605
sortedness,0.45,0.45825,3,2,M,109.030996
sortedness,0.45,0.45825,3,3,M,112.094193
sortedness,0.45,0.45825,3,1,H,109.252393
sortedness,0.45,0.45825,3,2,H,108.155335
sortedness,0.45,0.45825,3,3,H,107.550663
sortedness,0.45,0.45825,3,1,R,108.138043
sortedness,0.45,0.45825,3,2,R,115.253687
sortedness,0.45,0.45825,3,3,R,110.495473
sortedness,0.45,0.44175,4,1,I,125.18281
sortedness,0.45,0.44175,4,2,I,124.882936
sortedness,0.45,0.44175,4,3,I,123.383771
sortedness,0.45,0.44175,4,1,Q,111.390756
sortedness,0.45,0.44175,4,2,Q,113.049076
sortedness,0.45,0.44175,4,3,Q,115.135366
sortedness,0.45,0.44175,4,1,M,109.50556
sortedness,0.45,0.44175,4,2,M,101.004631
sortedness,0.45,0.44175,4,3,M,112.295428
sortedness,0.45,0.44175,4,1,H,113.166212
sortedness,0.45,0.44175,4,2,H,111.183467
sortedness,0.45,0.44175,4,3,H,112.908023
sortedness,0.45,0.44175,4,1,R,114.82904
sortedness,0.45,0.44175,4,2,R,115.219631
sortedness,0.45,0.44175,4,3,R,110.661996
sortedness,0.45,0.43525,5,1,I,128.668117
sortedness,0.45,0.43525,5,2,I,126.075988
sortedness,0.45,0.43525,5,3,I,127.053966
sortedness,0.45,0.43525,5,1,Q,113.910112
sortedness,0.45,0.43525,5,2,Q,106.587193
sortedness,0.45,0.43525,5,3,Q,107.654966
sortedness,0.45,0.43525,5,1,M,115.241448
sortedness,0.45,0.43525,5,2,M,112.22433
sortedness,0.45,0.43525,5,3,M,115.128339
sortedness,0.45,0.43525,5,1,H,116.226505
sortedness,0.45,0.43525,5,2,H,108.673896
sortedness,0.45,0.43525,5,3,H,101.352242
sortedness,0.45,0.43525,5,1,R,110.326411
sortedness,0.45,0.43525,5,2,R,109.848318
sortedness,0.45,0.43525,5,3,R,117.037316
sortedness,0.45,0.4575,6,1,I,124.777467
sortedness,0.45,0.4575,6,2,I,121.138783
sortedness,0.45,0.4575,6,3,I,126.086722
sortedness,0.45,0.4575,6,1,Q,108.732558
sortedness,0.45,0.4575,6,2,Q,104.873743
sortedness,0.45,0.4575,6,3,Q,109.602625
sortedness,0.45,0.4575,6,1,M,108.3442
sortedness,0.45,0.4575,6,2,M,108.862316
sortedness,0.45,0.4575,6,3,M,116.16532
sortedness,0.45,0.4575,6,1,H,99.181695
sortedness,0.45,0.4575,6,2,H,107.516602
sortedness,0.45,0.4575,6,3,H,98.405885
sortedness,0.45,0.4575,6,1,R,108.650351
sortedness,0.45,0.4575,6,2,R,113.906526
sortedness,0.45,0.4575,6,3,R,108.335794
sortedness,0.45,0.45775,7,1,I,124.670417
sortedness,0.45,0.45775,7,2,I,128.795588
sortedness,0.45,0.45775,7,3,I,126.234524
sortedness,0.45,0.45775,7,1,Q,114.063263
sortedness,0.45,0.45775,7,2,Q,99.125062
sortedness,0.45,0.45775,7,3,Q,113.865467
sortedness,0.45,0.45775,7,1,M,110.779695
sortedness,0.45,0.45775,7,2,M,115.478623
sortedness,0.45,0.45775,7,3,M,109.944523
sortedness,0.45,0.45775,7,1,H,103.49075
sortedness,0.45,0.45775,7,2,H,114.224194
sortedness,0.45,0.45775,7,3,H,100.034826
sortedness,0.45,0.45775,7,1,R,112.066277
sortedness,0.45,0.45775,7,2,R,112.964223
sortedness,0.45,0.45775,7,3,R,119.764743
sortedness,0.45,0.4525,8,1,I,129.431693
sortedness,0.45,0.4525,8,2,I,125.436637
sortedness,0.45,0.4525,8,3,I,125.621987
sortedness,0.45,0.4525,8,1,Q,110.658814
sortedness,0.45,0.4525,8,2,Q,109.381842
sortedness,0.45,0.4525,8,3,Q,123.179092
sortedness,0.45,0.4525,8,1,M,119.297585
sortedness,0.45,0.4525,8,2,M,113.542994
sortedness,0.45,0.4525,8,3,M,114.957436
sortedness,0.45,0.4525,8,1,H,109.112737
sortedness,0.45,0.4525,8,2,H,114.283291
sortedness,0.45,0.4525,8,3,H,112.495423
sortedness,0.45,0.4525,8,1,R,124.756919
sortedness,0.45,0.4525,8,2,R,113.242475
sortedness,0.45,0.4525,8,3,R,120.139284
sortedness,0.46,0.47,1,1,I,123.220764
sortedness,0.46,0.47,1,2,I,125.499575
sortedness,0.46,0.47,1,3,I,120.479177
sortedness,0.46,0.47,1,1,Q,112.414408
sortedness,0.46,0.47,1,2,Q,124.817773
sortedness,0.46,0.47,1,3,Q,115.079329
sortedness,0.46,0.47,1,1,M,110.498312
sortedness,0.46,0.47,1,2,M,112.149606
sortedness,0.46,0.47,1,3,M,110.911511
sortedness,0.46,0.47,1,1,H,111.466605
sortedness,0.46,0.47,1,2,H,109.568583
sortedness,0.46,0.47,1,3,H,126.516478
sortedness,0.46,0.47,1,1,R,119.997134
sortedness,0.46,0.47,1,2,R,118.829492
sortedness,0.46,0.47,1,3,R,120.259308
sortedness,0.46,0.46125,2,1,I,127.061207
sortedness,0.46,0.46125,2,2,I,131.388316
sortedness,0.46,0.46125,2,3,I,114.605448
sortedness,0.46,0.46125,2,1,Q,116.298724
sortedness,0.46,0.46125,2,2,Q,113.269946
sortedness,0.46,0.46125,2,3,Q,105.814382
sortedness,0.46,0.46125,2,1,M,117.586454
sortedness,0.46,0.46125,2,2,M,113.442715
sortedness,0.46,0.46125,2,3,M,112.822106
sortedness,0.46,0.46125,2,1,H,117.817119
sortedness,0.46,0.46125,2,2,H,115.224249
sortedness,0.46,0.46125,2,3,H,111.243187
sortedness,0.46,0.46125,2,1,R,115.616238
sortedness,0.46,0.46125,2,2,R,125.665352
sortedness,0.46,0.46125,2,3,R,115.456395
sortedness,0.46,0.4565,3,1,I,119.563974
sortedness,0.46,0.4565,3,2,I,136.922062
sortedness,0.46,0.4565,3,3,I,136.073113
sortedness,0.46,0.4565,3,1,Q,123.121197
sortedness,0.46,0.4565,3,2,Q,112.985475
sortedness,0.46,0.4565,3,3,Q,114.93474
sortedness,0.46,0.4565,3,1,M,113.388319
sortedness,0.46,0.4565,3,2,M,113.704956
sortedness,0.46,0.4565,3,3,M,113.361938
sortedness,0.46,0.4565,3,1,H,118.460993
sortedness,0.46,0.4565,3,2,H,127.605004
sortedness,0.46,0.4565,3,3,H,120.129509
sortedness,0.46,0.4565,3,1,R,112.650588
sortedness,0.46,0.4565,3,2,R,113.638182
sortedness,0.46,0.4565,3,3,R,122.779449
sortedness,0.46,0.45425,4,1,I,122.594734
sortedness,0.46,0.45425,4,2,I,124.335831
sortedness,0.46,0.45425,4,3,I,133.130328
sortedness,0.46,0.45425,4,1,Q,112.686953
sortedness,0.46,0.45425,4,2,Q,109.167724
sortedness,0.46,0.45425,4,3,Q,122.698239
sortedness,0.46,0.45425,4,1,M,113.795643
sortedness,0.46,0.45425,4,2,M,115.259239
sortedness,0.46,0.45425,4,3,M,111.247458
sortedness,0.46,0.45425,4,1,H,111.907768
sortedness,0.46,0.45425,4,2,H,109.553422
sortedness,0.46,0.45425,4,3,H,120.891633
sortedness,0.46,0.45425,4,1,R,112.19559
sortedness,0.46,0.45425,4,2,R,118.615856
sortedness,0.46,0.45425,4,3,R,117.043557
sortedness,0.46,0.46425,5,1,I,132.576795
sortedness,0.46,0.46425,5,2,I,125.656299
sortedness,0.46,0.46425,5,3,I,129.835867
sortedness,0.46,0.46425,5,1,Q,113.149151
sortedness,0.46,0.46425,5,2,Q,118.430806
sortedness,0.46,0.46425,5,3,Q,113.372631
sortedness,0.46,0.46425,5,1,M,109.785656
sortedness,0.46,0.46425,5,2,M,111.544525
sortedness,0.46,0.46425,5,3,M,111.0
sortedness,0.46,0.46425,5,1,H,118.586202
sortedness,0.46,0.46425,5,2,H,115.479531
sortedness,0.46,0.46425,5,3,H,111.927275
sortedness,0.46,0.46425,5,1,R,102.511295
sortedness,0.46,0.46425,5,2,R,110.57789
sortedness,0.46,0.46425,5,3,R,114.202754
sortedness,0.46,0.4685,6,1,I,129.617991
sortedness,0.46,0.4685,6,2,I,126.81754
sortedness,0.46,0.4685,6,3,I,124.621844
sortedness,0.46,0.4685,6,1,Q,100.530382
sortedness,0.46,0.4685,6,2,Q,114.142057
sortedness,0.46,0.4685,6,3,Q,111.641495
sortedness,0.46,0.4685,6,1,M,113.299577
sortedness,0.46,0.4685,6,2,M,115.222955
sortedness,0.46,0.4685,6,3,M,111.686348
sortedness,0.46,0.4685,6,1,H,109.203179
sortedness,0.46,0.4685,6,2,H,112.032048
sortedness,0.46,0.4685,6,3,H,112.167571
sortedness,0.46,0.4685,6,1,R,110.326605
sortedness,0.46,0.4685,6,2,R,108.042128
sortedness,0.46,0.4685,6,3,R,100.628888
sortedness,0.46,0.46175,7,1,I,115.71762
sortedness,0.46,0.46175,7,2,I,123.887856
sortedness,0.46,0.46175,7,3,I,124.981503
sortedness,0.46,0.46175,7,1,Q,114.64067
sortedness,0.46,0.46175,7,2,Q,119.367856
sortedness,0.46,0.46175,7,3,Q,115.053101
sortedness,0.46,0.46175,7,1,M,116.562866
sortedness,0.46,0.46175,7,2,M,112.860565
sortedness,0.46,0.46175,7,3,M,114.280073
sortedness,0.46,0.46175,7,1,H,112.917031
sortedness,0.46,0.46175,7,2,H,112.877152
sortedness,0.46,0.46175,7,3,H,110.476512
sortedness,0.46,0.46175,7,1,R,113.953695
sortedness,0.46,0.46175,7,2,R,110.413989
sortedness,0.46,0.46175,7,3,R,110.457463
sortedness,0.46,0.4575,8,1,I,123.270568
sortedness,0.46,0.4575,8,2,I,129.215996
sortedness,0.46,0.4575,8,3,I,128.710079
sortedness,0.46,0.4575,8,1,Q,102.711453
sortedness,0.46,0.4575,8,2,Q,114.682307
sortedness,0.46,0.4575,8,3,Q,110.547871
sortedness,0.46,0.4575,8,1,M,113.820679
sortedness,0.46,0.4575,8,2,M,113.910683
sortedness,0.46,0.4575,8,3,M,118.424012
sortedness,0.46,0.4575,8,1,H,111.674441
sortedness,0.46,0.4575,8,2,H,115.327951
sortedness,0.46,0.4575,8,3,H,115.802675
sortedness,0.46,0.4575,8,1,R,114.705898
sortedness,0.46,0.4575,8,2,R,119.179395
sortedness,0.46,0.4575,8,3,R,127.452912
sortedness,0.47,0.4705,1,1,I,128.870534
sortedness,0.47,0.4705,1,2,I,126.875397
sortedness,0.47,0.4705,1,3,I,128.281884
sortedness,0.47,0.4705,1,1,Q,113.741086
sortedness,0.47,0.4705,1,2,Q,112.561132
sortedness,0.47,0.4705,1,3,Q,111.107861
sortedness,0.47,0.4705,1,1,M,109.399065
sortedness,0.47,0.4705,1,2,M,109.522891
sortedness,0.47,0.4705,1,3,M,114.63191
sortedness,0.47,0.4705,1,1,H,111.844936
sortedness,0.47,0.4705,1,2,H,103.64301
sortedness,0.47,0.4705,1,3,H,109.956715
sortedness,0.47,0.4705,1,1,R,108.090462
sortedness,0.47,0.4705,1,2,R,110.61661
sortedness,0.47,0.4705,1,3,R,112.920577
sortedness,0.47,0.475,2,1,I,124.878276
sortedness,0.47,0.475,2,2,I,115.628899
sortedness,0.47,0.475,2,3,I,128.548886
sortedness,0.47,0.475,2,1,Q,112.172272
sortedness,0.47,0.475,2,2,Q,103.626896
sortedness,0.47,0.475,2,3,Q,111.144709
sortedness,0.47,0.475,2,1,M,109.263308
sortedness,0.47,0.475,2,2,M,113.064783
sortedness,0.47,0.475,2,3,M,114.81714
sortedness,0.47,0.475,2,1,H,111.474569
sortedness,0.47,0.475,2,2,H,113.241796
sortedness,0.47,0.475,2,3,H,111.977138
sortedness,0.47,0.475,2,1,R,111.345444
sortedness,0.47,0.475,2,2,R,176.574338
sortedness,0.47,0.475,2,3,R,129.655153
sortedness,0.47,0.46375,3,1,I,126.28615
sortedness,0.47,0.46375,3,2,I,133.544847
sortedness,0.47,0.46375,3,3,I,124.343889
sortedness,0.47,0.46375,3,1,Q,115.841661
sortedness,0.47,0.46375,3,2,Q,110.312552
sortedness,0.47,0.46375,3,3,Q,114.813917
sortedness,0.47,0.46375,3,1,M,109.360998
sortedness,0.47,0.46375,3,2,M,110.27093
sortedness,0.47,0.46375,3,3,M,114.330917
sortedness,0.47,0.46375,3,1,H,111.32755
sortedness,0.47,0.46375,3,2,H,115.447375
sortedness,0.47,0.46375,3,3,H,117.738037
sortedness,0.47,0.46375,3,1,R,112.693406
sortedness,0.47,0.46375,3,2,R,110.064002
sortedness,0.47,0.46375,3,3,R,101.188174
sortedness,0.47,0.461,4,1,I,127.402108
sortedness,0.47,0.461,4,2,I,127.404956
sortedness,0.47,0.461,4,3,I,130.344046
sortedness,0.47,0.461,4,1,Q,110.733963
sortedness,0.47,0.461,4,2,Q,111.321119
sortedness,0.47,0.461,4,3,Q,111.205433
sortedness,0.47,0.461,4,1,M,111.028927
sortedness,0.47,0.461,4,2,M,111.565068
sortedness,0.47,0.461,4,3,M,114.20115
sortedness,0.47,0.461,4,1,H,118.341302
sortedness,0.47,0.461,4,2,H,110.737341
sortedness,0.47,0.461,4,3,H,117.595022
sortedness,0.47,0.461,4,1,R,112.016229
sortedness,0.47,0.461,4,2,R,115.362631
sortedness,0.47,0.461,4,3,R,115.176128
sortedness,0.47,0.464,5,1,I,126.175421
sortedness,0.47,0.464,5,2,I,137.09684
sortedness,0.47,0.464,5,3,I,136.753684
sortedness,0.47,0.464,5,1,Q,122.690811
sortedness,0.47,0.464,5,2,Q,116.063037
sortedness,0.47,0.464,5,3,Q,111.272611
sortedness,0.47,0.464,5,1,M,108.536677
sortedness,0.47,0.464,5,2,M,106.972262
sortedness,0.47,0.464,5,3,M,118.176
sortedness,0.47,0.464,5,1,H,127.094569
sortedness,0.47,0.464,5,2,H,118.274351
sortedness,0.47,0.464,5,3,H,113.268278
sortedness,0.47,0.464,5,1,R,110.335906
sortedness,0.47,0.464,5,2,R,114.854898
sortedness,0.47,0.464,5,3,R,109.302135
sortedness,0.47,0.4865,6,1,I,129.072451
sortedness,0.47,0.4865,6,2,I,133.107573
sortedness,0.47,0.4865,6,3,I,127.657865
sortedness,0.47,0.4865,6,1,Q,111.024898
sortedness,0.47,0.4865,6,2,Q,118.113424
sortedness,0.47,0.4865,6,3,Q,117.454972
sortedness,0.47,0.4865,6,1,M,123.508113
sortedness,0.47,0.4865,6,2,M,109.921956
sortedness,0.47,0.4865,6,3,M,134.081636
sortedness,0.47,0.4865,6,1,H,120.385297
sortedness,0.47,0.4865,6,2,H,114.641586
sortedness,0.47,0.4865,6,3,H,113.142745
sortedness,0.47,0.4865,6,1,R,124.127166
sortedness,0.47,0.4865,6,2,R,115.225106
sortedness,0.47,0.4865,6,3,R,111.592836
sortedness,0.47,0.47375,7,1,I,115.011327
sortedness,0.47,0.47375,7,2,I,124.88356
sortedness,0.47,0.47375,7,3,I,127.877009
sortedness,0.47,0.47375,7,1,Q,117.610836
sortedness,0.47,0.47375,7,2,Q,109.704733
sortedness,0.47,0.47375,7,3,Q,111.701134
sortedness,0.47,0.47375,7,1,M,112.271061
sortedness,0.47,0.47375,7,2,M,111.293489
sortedness,0.47,0.47375,7,3,M,111.800555
sortedness,0.47,0.47375,7,1,H,107.768529
sortedness,0.47,0.47375,7,2,H,113.890026
sortedness,0.47,0.47375,7,3,H,108.945712
sortedness,0.47,0.47375,7,1,R,110.114592
sortedness,0.47,0.47375,7,2,R,111.598609
sortedness,0.47,0.47375,7,3,R,114.45875
sortedness,0.47,0.473,8,1,I,133.502373
sortedness,0.47,0.473,8,2,I,129.720464
sortedness,0.47,0.473,8,3,I,121.830195
sortedness,0.47,0.473,8,1,Q,111.935115
sortedness,0.47,0.473,8,2,Q,112.745933
sortedness,0.47,0.473,8,3,Q,113.687447
sortedness,0.47,0.473,8,1,M,102.550841
sortedness,0.47,0.473,8,2,M,116.80218
sortedness,0.47,0.473,8,3,M,113.669728
sortedness,0.47,0.473,8,1,H,119.196874
sortedness,0.47,0.473,8,2,H,112.056677
sortedness,0.47,0.473,8,3,H,108.409245
sortedness,0.47,0.473,8,1,R,106.673522
sortedness,0.47,0.473,8,2,R,108.323387
sortedness,0.47,0.473,8,3,R,109.030665
sortedness,0.47,0.471,9,1,I,122.976259
sortedness,0.47,0.471,9,2,I,121.050856
sortedness,0.47,0.471,9,3,I,122.687607
sortedness,0.47,0.471,9,1,Q,110.958942
sortedness,0.47,0.471,9,2,Q,108.129728
sortedness,0.47,0.471,9,3,Q,123.222064
sortedness,0.47,0.471,9,1,M,114.24299
sortedness,0.47,0.471,9,2,M,100.903755
sortedness,0.47,0.471,9,3,M,116.628238
sortedness,0.47,0.471,9,1,H,110.784145
sortedness,0.47,0.471,9,2,H,109.372986
sortedness,0.47,0.471,9,3,H,120.912047
sortedness,0.47,0.471,9,1,R,108.828492
sortedness,0.47,0.471,9,2,R,107.426762
sortedness,0.47,0.471,9,3,R,114.438694
sortedness,0.47,0.46175,10,1,I,116.376618
sortedness,0.47,0.46175,10,2,I,139.33025
sortedness,0.47,0.46175,10,3,I,126.142846
sortedness,0.47,0.46175,10,1,Q,114.373694
sortedness,0.47,0.46175,10,2,Q,115.626892
sortedness,0.47,0.46175,10,3,Q,118.375561
sortedness,0.47,0.46175,10,1,M,119.815757
sortedness,0.47,0.46175,10,2,M,112.996311
sortedness,0.47,0.46175,10,3,M,115.985726
sortedness,0.47,0.46175,10,1,H,114.000971
sortedness,0.47,0.46175,10,2,H,100.285035
sortedness,0.47,0.46175,10,3,H,115.869238
sortedness,0.47,0.46175,10,1,R,117.559765
sortedness,0.47,0.46175,10,2,R,117.409227
sortedness,0.47,0.46175,10,3,R,114.270096
sortedness,0.48,0.48775,1,1,I,134.885739
sortedness,0.48,0.48775,1,2,I,126.486288
sortedness,0.48,0.48775,1,3,I,128.316061
sortedness,0.48,0.48775,1,1,Q,108.739895
sortedness,0.48,0.48775,1,2,Q,112.604059
sortedness,0.48,0.48775,1,3,Q,114.013776
sortedness,0.48,0.48775,1,1,M,115.118053
sortedness,0.48,0.48775,1,2,M,111.744129
sortedness,0.48,0.48775,1,3,M,113.847205
sortedness,0.48,0.48775,1,1,H,113.893745
sortedness,0.48,0.48775,1,2,H,117.37684
sortedness,0.48,0.48775,1,3,H,119.252304
sortedness,0.48,0.48775,1,1,R,120.836161
sortedness,0.48,0.48775,1,2,R,121.223395
sortedness,0.48,0.48775,1,3,R,112.257219
sortedness,0.48,0.47975,2,1,I,123.72665
sortedness,0.48,0.47975,2,2,I,123.250583
sortedness,0.48,0.47975,2,3,I,125.403488
sortedness,0.48,0.47975,2,1,Q,125.116105
sortedness,0.48,0.47975,2,2,Q,111.205169
sortedness,0.48,0.47975,2,3,Q,117.821342
sortedness,0.48,0.47975,2,1,M,115.617248
sortedness,0.48,0.47975,2,2,M,119.759087
sortedness,0.48,0.47975,2,3,M,107.29678
sortedness,0.48,0.47975,2,1,H,114.023697
sortedness,0.48,0.47975,2,2,H,119.366207
sortedness,0.48,0.47975,2,3,H,113.541685
sortedness,0.48,0.47975,2,1,R,104.018831
sortedness,0.48,0.47975,2,2,R,118.153191
sortedness,0.48,0.47975,2,3,R,114.705932
sortedness,0.48,0.479,3,1,I,132.55126
sortedness,0.48,0.479,3,2,I,139.119023
sortedness,0.48,0.479,3,3,I,138.058643
sortedness,0.48,0.479,3,1,Q,111.500964
sortedness,0.48,0.479,3,2,Q,115.341732
sortedness,0.48,0.479,3,3,Q,110.778803
sortedness,0.48,0.479,3,1,M,112.7521
sortedness,0.48,0.479,3,2,M,111.795569
sortedness,0.48,0.479,3,3,M,113.038007
sortedness,0.48,0.479,3,1,H,111.127849
sortedness,0.48,0.479,3,2,H,101.98147
sortedness,0.48,0.479,3,3,H,109.55998
sortedness,0.48,0.479,3,1,R,97.612103
sortedness,0.48,0.479,3,2,R,107.47417
sortedness,0.48,0.479,3,3,R,125.772783
sortedness,0.48,0.469,4,1,I,128.207348
sortedness,0.48,0.469,4,2,I,137.47293
sortedness,0.48,0.469,4,3,I,122.211676
sortedness,0.48,0.469,4,1,Q,112.750939
sortedness,0.48,0.469,4,2,Q,116.767107
sortedness,0.48,0.469,4,3,Q,116.33705
sortedness,0.48,0.469,4,1,M,112.718975
sortedness,0.48,0.469,4,2,M,122.043628
sortedness,0.48,0.469,4,3,M,118.824679
sortedness,0.48,0.469,4,1,H,115.678557
sortedness,0.48,0.469,4,2,H,119.688129
sortedness,0.48,0.469,4,3,H,113.218776
sortedness,0.48,0.469,4,1,R,115.042941
sortedness,0.48,0.469,4,2,R,112.170631
sortedness,0.48,0.469,4,3,R,121.533019
sortedness,0.48,0.49175,5,1,I,154.490731
sortedness,0.48,0.49175,5,2,I,129.38605
sortedness,0.48,0.49175,5,3,I,127.666201
sortedness,0.48,0.49175,5,1,Q,117.139693
sortedness,0.48,0.49175,5,2,Q,111.633884
sortedness,0.48,0.49175,5,3,Q,116.928598
sortedness,0.48,0.49175,5,1,M,109.771294
sortedness,0.48,0.49175,5,2,M,111.045027
sortedness,0.48,0.49175,5,3,M,110.543048
sortedness,0.48,0.49175,5,1,H,112.995435
sortedness,0.48,0.49175,5,2,H,118.916045
sortedness,0.48,0.49175,5,3,H,115.788566
sortedness,0.48,0.49175,5,1,R,111.379657
sortedness,0.48,0.49175,5,2,R,111.631874
sortedness,0.48,0.49175,5,3,R,109.545315
sortedness,0.48,0.491,6,1,I,123.161061
sortedness,0.48,0.491,6,2,I,128.536568
sortedness,0.48,0.491,6,3,I,125.630796
sortedness,0.48,0.491,6,1,Q,134.174015
sortedness,0.48,0.491,6,2,Q,121.168025
sortedness,0.48,0.491,6,3,Q,121.676732
sortedness,0.48,0.491,6,1,M,112.186086
sortedness,0.48,0.491,6,2,M,110.151127
sortedness,0.48,0.491,6,3,M,113.782138
sortedness,0.48,0.491,6,1,H,113.079581
sortedness,0.48,0.491,6,2,H,113.959591
sortedness,0.48,0.491,6,3,H,110.010034
sortedness,0.48,0.491,6,1,R,113.012702
sortedness,0.48,0.491,6,2,R,110.184573
sortedness,0.48,0.491,6,3,R,110.607605
sortedness,0.48,0.481,7,1,I,129.137135
sortedness,0.48,0.481,7,2,I,126.979728
sortedness,0.48,0.481,7,3,I,129.030555
sortedness,0.48,0.481,7,1,Q,118.18122
sortedness,0.48,0.481,7,2,Q,110.234077
sortedness,0.48,0.481,7,3,Q,113.262198
sortedness,0.48,0.481,7,1,M,115.079032
sortedness,0.48,0.481,7,2,M,121.300713
sortedness,0.48,0.481,7,3,M,114.275096
sortedness,0.48,0.481,7,1,H,123.291395
sortedness,0.48,0.481,7,2,H,123.44809
sortedness,0.48,0.481,7,3,H,118.058005
sortedness,0.48,0.481,7,1,R,136.21977
sortedness,0.48,0.481,7,2,R,124.433544
sortedness,0.48,0.481,7,3,R,124.174451
sortedness,0.48,0.4715,8,1,I,127.401336
sortedness,0.48,0.4715,8,2,I,136.999172
sortedness,0.48,0.4715,8,3,I,125.218458
sortedness,0.48,0.4715,8,1,Q,116.046944
sortedness,0.48,0.4715,8,2,Q,122.438772
sortedness,0.48,0.4715,8,3,Q,121.884755
sortedness,0.48,0.4715,8,1,M,113.052481
sortedness,0.48,0.4715,8,2,M,114.504099
sortedness,0.48,0.4715,8,3,M,113.895177
sortedness,0.48,0.4715,8,1,H,111.956488
sortedness,0.48,0.4715,8,2,H,122.362114
sortedness,0.48,0.4715,8,3,H,114.720132
sortedness,0.48,0.4715,8,1,R,113.109278
sortedness,0.48,0.4715,8,2,R,112.918681
sortedness,0.48,0.4715,8,3,R,125.342459
sortedness,0.49,0.48725,1,1,I,123.808284
sortedness,0.49,0.48725,1,2,I,129.075347
sortedness,0.49,0.48725,1,3,I,127.587831
sortedness,0.49,0.48725,1,1,Q,112.797858
sortedness,0.49,0.48725,1,2,Q,124.378525
sortedness,0.49,0.48725,1,3,Q,113.703804
sortedness,0.49,0.48725,1,1,M,110.975368
sortedness,0.49,0.48725,1,2,M,100.763598
sortedness,0.49,0.48725,1,3,M,118.079794
sortedness,0.49,0.48725,1,1,H,114.860756
sortedness,0.49,0.48725,1,2,H,112.62846
sortedness,0.49,0.48725,1,3,H,119.25752
sortedness,0.49,0.48725,1,1,R,113.398237
sortedness,0.49,0.48725,1,2,R,104.930194
sortedness,0.49,0.48725,1,3,R,128.490495
sortedness,0.49,0.4825,2,1,I,131.192774
sortedness,0.49,0.4825,2,2,I,126.0334
sortedness,0.49,0.4825,2,3,I,130.737106
sortedness,0.49,0.4825,2,1,Q,111.914399
sortedness,0.49,0.4825,2,2,Q,110.02274
sortedness,0.49,0.4825,2,3,Q,111.076258
sortedness,0.49,0.4825,2,1,M,112.914809
sortedness,0.49,0.4825,2,2,M,116.222105
sortedness,0.49,0.4825,2,3,M,115.1707
sortedness,0.49,0.4825,2,1,H,123.208954
sortedness,0.49,0.4825,2,2,H,118.44338
sortedness,0.49,0.4825,2,3,H,123.945571
sortedness,0.49,0.4825,2,1,R,110.5691
sortedness,0.49,0.4825,2,2,R,110.224339
sortedness,0.49,0.4825,2,3,R,113.064293
sortedness,0.49,0.4885,3,1,I,128.578319
sortedness,0.49,0.4885,3,2,I,129.92523
sortedness,0.49,0.4885,3,3,I,127.797486
sortedness,0.49,0.4885,3,1,Q,111.073547
sortedness,0.49,0.4885,3,2,Q,114.894288
sortedness,0.49,0.4885,3,3,Q,111.952403
sortedness,0.49,0.4885,3,1,M,114.762452
sortedness,0.49,0.4885,3,2,M,120.138247
sortedness,0.49,0.4885,3,3,M,116.077649
sortedness,0.49,0.4885,3,1,H,118.92
sortedness,0.49,0.4885,3,2,H,111.81906
sortedness,0.49,0.4885,3,3,H,113.331846
sortedness,0.49,0.4885,3,1,R,113.47154
sortedness,0.49,0.4885,3,2,R,110.596006
sortedness,0.49,0.4885,3,3,R,114.402012
sortedness,0.49,0.494,4,1,I,124.669529
sortedness,0.49,0.494,4,2,I,126.910425
sortedness,0.49,0.494,4,3,I,127.51114
sortedness,0.49,0.494,4,1,Q,108.014741
sortedness,0.49,0.494,4,2,Q,112.759716
sortedness,0.49,0.494,4,3,Q,112.152832
sortedness,0.49,0.494,4,1,M,115.963548
sortedness,0.49,0.494,4,2,M,118.710786
sortedness,0.49,0.494,4,3,M,121.111427
sortedness,0.49,0.494,4,1,H,126.357581
sortedness,0.49,0.494,4,2,H,119.695324
sortedness,0.49,0.494,4,3,H,122.530818
sortedness,0.49,0.494,4,1,R,120.857913
sortedness,0.49,0.494,4,2,R,113.636523
sortedness,0.49,0.494,4,3,R,112.457696
sortedness,0.49,0.4835,5,1,I,129.74388
sortedness,0.49,0.4835,5,2,I,132.590614
sortedness,0.49,0.4835,5,3,I,134.559513
sortedness,0.49,0.4835,5,1,Q,105.966901
sortedness,0.49,0.4835,5,2,Q,109.127847
sortedness,0.49,0.4835,5,3,Q,111.398997
sortedness,0.49,0.4835,5,1,M,127.125612
sortedness,0.49,0.4835,5,2,M,104.537222
sortedness,0.49,0.4835,5,3,M,117.835461
sortedness,0.49,0.4835,5,1,H,110.355727
sortedness,0.49,0.4835,5,2,H,112.63676
sortedness,0.49,0.4835,5,3,H,112.977468
sortedness,0.49,0.4835,5,1,R,110.903306
sortedness,0.49,0.4835,5,2,R,107.861905
sortedness,0.49,0.4835,5,3,R,120.149476
sortedness,0.49,0.47825,6,1,I,124.617702
sortedness,0.49,0.47825,6,2,I,117.038722
sortedness,0.49,0.47825,6,3,I,126.395508
sortedness,0.49,0.47825,6,1,Q,113.36042
sortedness,0.49,0.47825,6,2,Q,113.836776
sortedness,0.49,0.47825,6,3,Q,115.120037
sortedness,0.49,0.47825,6,1,M,113.140527
sortedness,0.49,0.47825,6,2,M,117.345897
sortedness,0.49,0.47825,6,3,M,120.863672
sortedness,0.49,0.47825,6,1,H,118.903756
sortedness,0.49,0.47825,6,2,H,114.983716
sortedness,0.49,0.47825,6,3,H,112.22876
sortedness,0.49,0.47825,6,1,R,122.238011
sortedness,0.49,0.47825,6,2,R,126.943104
sortedness,0.49,0.47825,6,3,R,118.025968
sortedness,0.49,0.5065,7,1,I,117.367991
sortedness,0.49,0.5065,7,2,I,117.624775
sortedness,0.49,0.5065,7,3,I,122.354659
sortedness,0.49,0.5065,7,1,Q,109.144988
sortedness,0.49,0.5065,7,2,Q,111.341715
sortedness,0.49,0.5065,7,3,Q,114.514153
sortedness,0.49,0.5065,7,1,M,115.99098
sortedness,0.49,0.5065,7,2,M,114.854344
sortedness,0.49,0.5065,7,3,M,120.210041
sortedness,0.49,0.5065,7,1,H,113.714279
sortedness,0.49,0.5065,7,2,H,113.332413
sortedness,0.49,0.5065,7,3,H,100.345794
sortedness,0.49,0.5065,7,1,R,101.552674
sortedness,0.49,0.5065,7,2,R,110.565181
sortedness,0.49,0.5065,7,3,R,118.120464
sortedness,0.49,0.48125,8,1,I,131.963468
sortedness,0.49,0.48125,8,2,I,141.705137
sortedness,0.49,0.48125,8,3,I,131.99849
sortedness,0.49,0.48125,8,1,Q,115.455748
sortedness,0.49,0.48125,8,2,Q,120.217253
sortedness,0.49,0.48125,8,3,Q,111.502461
sortedness,0.49,0.48125,8,1,M,112.067069
sortedness,0.49,0.48125,8,2,M,119.815777
sortedness,0.49,0.48125,8,3,M,111.096453
sortedness,0.49,0.48125,8,1,H,116.153573
sortedness,0.49,0.48125,8,2,H,108.402554
sortedness,0.49,0.48125,8,3,H,111.353649
sortedness,0.49,0.48125,8,1,R,109.493896
sortedness,0.49,0.48125,8,2,R,104.573363
sortedness,0.49,0.48125,8,3,R,114.001913
sortedness,0.5,0.49825,1,1,I,124.319619
sortedness,0.5,0.49825,1,2,I,121.058681
sortedness,0.5,0.49825,1,3,I,123.992648
sortedness,0.5,0.49825,1,1,Q,111.896177
sortedness,0.5,0.49825,1,2,Q,108.252302
sortedness,0.5,0.49825,1,3,Q,110.082665
sortedness,0.5,0.49825,1,1,M,114.10073
sortedness,0.5,0.49825,1,2,M,110.707768
sortedness,0.5,0.49825,1,3,M,112.244917
sortedness,0.5,0.49825,1,1,H,111.429674
sortedness,0.5,0.49825,1,2,H,113.070245
sortedness,0.5,0.49825,1,3,H,111.405643
sortedness,0.5,0.49825,1,1,R,113.338891
sortedness,0.5,0.49825,1,2,R,107.848517
sortedness,0.5,0.49825,1,3,R,109.983532
sortedness,0.5,0.4995,2,1,I,119.311222
sortedness,0.5,0.4995,2,2,I,117.713759
sortedness,0.5,0.4995,2,3,I,118.035966
sortedness,0.5,0.4995,2,1,Q,110.296573
sortedness,0.5,0.4995,2,2,Q,111.640563
sortedness,0.5,0.4995,2,3,Q,111.807203
sortedness,0.5,0.4995,2,1,M,112.634044
sortedness,0.5,0.4995,2,2,M,120.862773
sortedness,0.5,0.4995,2,3,M,122.06562
sortedness,0.5,0.4995,2,1,H,114.82244
sortedness,0.5,0.4995,2,2,H,112.401352
sortedness,0.5,0.4995,2,3,H,117.422122
sortedness,0.5,0.4995,2,1,R,110.642113
sortedness,0.5,0.4995,2,2,R,113.782212
sortedness,0.5,0.4995,2,3,R,111.545951
sortedness,0.5,0.50275,3,1,I,117.810123
sortedness,0.5,0.50275,3,2,I,123.860703
sortedness,0.5,0.50275,3,3,I,132.709081
sortedness,0.5,0.50275,3,1,Q,143.664455
sortedness,0.5,0.50275,3,2,Q,119.105426
sortedness,0.5,0.50275,3,3,Q,128.086532
sortedness,0.5,0.50275,3,1,M,109.565622
sortedness,0.5,0.50275,3,2,M,112.805511
sortedness,0.5,0.50275,3,3,M,109.347548
sortedness,0.5,0.50275,3,1,H,126.973995
sortedness,0.5,0.50275,3,2,H,117.201508
sortedness,0.5,0.50275,3,3,H,111.124638
sortedness,0.5,0.50275,3,1,R,117.098293
sortedness,0.5,0.50275,3,2,R,112.737568
sortedness,0.5,0.50275,3,3,R,126.345395
sortedness,0.5,0.49625,4,1,I,121.517012
sortedness,0.5,0.49625,4,2,I,117.9272
sortedness,0.5,0.49625,4,3,I,117.92927
sortedness,0.5,0.49625,4,1,Q,108.875127
sortedness,0.5,0.49625,4,2,Q,114.000441
sortedness,0.5,0.49625,4,3,Q,112.043044
sortedness,0.5,0.49625,4,1,M,113.64005
sortedness,0.5,0.49625,4,2,M,120.059175
sortedness,0.5,0.49625,4,3,M,99.671636
sortedness,0.5,0.49625,4,1,H,114.634423
sortedness,0.5,0.49625,4,2,H,109.878461
sortedness,0.5,0.49625,4,3,H,112.758298
sortedness,0.5,0.49625,4,1,R,105.275559
sortedness,0.5,0.49625,4,2,R,109.156228
sortedness,0.5,0.49625,4,3,R,116.367452
sortedness,0.5,0.49425,5,1,I,124.578794
sortedness,0.5,0.49425,5,2,I,121.278052
sortedness,0.5,0.49425,5,3,I,123.674187
sortedness,0.5,0.49425,5,1,Q,114.165044
sortedness,0.5,0.49425,5,2,Q,113.49527
sortedness,0.5,0.49425,5,3,Q,114.389086
sortedness,0.5,0.49425,5,1,M,114.052847
sortedness,0.5,0.49425,5,2,M,117.523541
sortedness,0.5,0.49425,5,3,M,112.133582
sortedness,0.5,0.49425,5,1,H,124.63456
sortedness,0.5,0.49425,5,2,H,112.102929
sortedness,0.5,0.49425,5,3,H,109.380974
sortedness,0.5,0.49425,5,1,R,116.322961
sortedness,0.5,0.49425,5,2,R,119.547755
sortedness,0.5,0.49425,5,3,R,116.066243
sortedness,0.5,0.49925,6,1,I,134.343029
sortedness,0.5,0.49925,6,2,I,120.057922
sortedness,0.5,0.49925,6,3,I,107.764066
sortedness,0.5,0.49925,6,1,Q,109.970342
sortedness,0.5,0.49925,6,2,Q,111.872127
sortedness,0.5,0.49925,6,3,Q,109.641674
sortedness,0.5,0.49925,6,1,M,112.481777
sortedness,0.5,0.49925,6,2,M,114.629303
sortedness,0.5,0.49925,6,3,M,116.196614
sortedness,0.5,0.49925,6,1,H,106.075538
sortedness,0.5,0.49925,6,2,H,111.705218
sortedness,0.5,0.49925,6,3,H,113.269494
sortedness,0.5,0.49925,6,1,R,112.050638
sortedness,0.5,0.49925,6,2,R,115.558761
sortedness,0.5,0.49925,6,3,R,117.327891
sortedness,0.5,0.49025,7,1,I,125.458317
sortedness,0.5,0.49025,7,2,I,133.199069
sortedness,0.5,0.49025,7,3,I,128.027891
sortedness,0.5,0.49025,7,1,Q,114.822011
sortedness,0.5,0.49025,7,2,Q,111.511744
sortedness,0.5,0.49025,7,3,Q,116.934331
sortedness,0.5,0.49025,7,1,M,112.461151
sortedness,0.5,0.49025,7,2,M,112.777779
sortedness,0.5,0.49025,7,3,M,112.59995
sortedness,0.5,0.49025,7,1,H,110.320012
sortedness,0.5,0.49025,7,2,H,112.99745
sortedness,0.5,0.49025,7,3,H,114.262979
sortedness,0.5,0.49025,7,1,R,109.204541
sortedness,0.5,0.49025,7,2,R,111.703409
sortedness,0.5,0.49025,7,3,R,115.384829
sortedness,0.5,0.49875,8,1,I,128.050567
sortedness,0.5,0.49875,8,2,I,135.738846
sortedness,0.5,0.49875,8,3,I,126.9679
sortedness,0.5,0.49875,8,1,Q,111.314417
sortedness,0.5,0.49875,8,2,Q,111.291757
sortedness,0.5,0.49875,8,3,Q,116.856442
sortedness,0.5,0.49875,8,1,M,114.518448
sortedness,0.5,0.49875,8,2,M,110.969097
sortedness,0.5,0.49875,8,3,M,113.775575
sortedness,0.5,0.49875,8,1,H,120.364883
sortedness,0.5,0.49875,8,2,H,117.66673
sortedness,0.5,0.49875,8,3,H,120.685388
sortedness,0.5,0.49875,8,1,R,115.282436
sortedness,0.5,0.49875,8,2,R,135.906036
sortedness,0.5,0.49875,8,3,R,109.681403
sortedness,0.51,0.5045,1,1,I,120.302225
sortedness,0.51,0.5045,1,2,I,118.924575
sortedness,0.51,0.5045,1,3,I,126.209767
sortedness,0.51,0.5045,1,1,Q,119.935232
sortedness,0.51,0.5045,1,2,Q,112.662092
sortedness,0.51,0.5045,1,3,Q,103.470767
sortedness,0.51,0.5045,1,1,M,111.713441
sortedness,0.51,0.5045,1,2,M,114.37703
sortedness,0.51,0.5045,1,3,M,113.951567
sortedness,0.51,0.5045,1,1,H,105.342065
sortedness,0.51,0.5045,1,2,H,110.19413
sortedness,0.51,0.5045,1,3,H,115.566679
sortedness,0.51,0.5045,1,1,R,111.876369
sortedness,0.51,0.5045,1,2,R,115.688873
sortedness,0.51,0.5045,1,3,R,115.395589
sortedness,0.51,0.5145,2,1,I,113.846631
sortedness,0.51,0.5145,2,2,I,116.842221
sortedness,0.51,0.5145,2,3,I,119.90854
sortedness,0.51,0.5145,2,1,Q,112.847338
sortedness,0.51,0.5145,2,2,Q,122.868893
sortedness,0.51,0.5145,2,3,Q,110.65949
sortedness,0.51,0.5145,2,1,M,111.43341
sortedness,0.51,0.5145,2,2,M,111.238005
sortedness,0.51,0.5145,2,3,M,110.277476
sortedness,0.51,0.5145,2,1,H,116.64187
sortedness,0.51,0.5145,2,2,H,111.927437
sortedness,0.51,0.5145,2,3,H,116.719671
sortedness,0.51,0.5145,2,1,R,119.090278
sortedness,0.51,0.5145,2,2,R,117.430466
sortedness,0.51,0.5145,2,3,R,116.012148
sortedness,0.51,0.51375,3,1,I,118.899925
sortedness,0.51,0.51375,3,2,I,120.460388
sortedness,0.51,0.51375,3,3,I,119.500355
sortedness,0.51,0.51375,3,1,Q,111.177004
sortedness,0.51,0.51375,3,2,Q,110.064243
sortedness,0.51,0.51375,3,3,Q,111.61461
sortedness,0.51,0.51375,3,1,M,108.642969
sortedness,0.51,0.51375,3,2,M,109.413985
sortedness,0.51,0.51375,3,3,M,115.83711
sortedness,0.51,0.51375,3,1,H,114.153639
sortedness,0.51,0.51375,3,2,H,115.254124
sortedness,0.51,0.51375,3,3,H,121.239164
sortedness,0.51,0.51375,3,1,R,112.817146
sortedness,0.51,0.51375,3,2,R,113.128595
sortedness,0.51,0.51375,3,3,R,110.9555
sortedness,0.51,0.5045,4,1,I,118.234895
sortedness,0.51,0.5045,4,2,I,118.520916
sortedness,0.51,0.5045,4,3,I,119.188548
sortedness,0.51,0.5045,4,1,Q,113.304284
sortedness,0.51,0.5045,4,2,Q,114.930144
sortedness,0.51,0.5045,4,3,Q,113.523705
sortedness,0.51,0.5045,4,1,M,114.231013
sortedness,0.51,0.5045,4,2,M,109.388087
sortedness,0.51,0.5045,4,3,M,112.707263
sortedness,0.51,0.5045,4,1,H,112.511469
sortedness,0.51,0.5045,4,2,H,112.195627
sortedness,0.51,0.5045,4,3,H,113.447537
sortedness,0.51,0.5045,4,1,R,117.008947
sortedness,0.51,0.5045,4,2,R,113.526196
sortedness,0.51,0.5045,4,3,R,113.833294
sortedness,0.51,0.518,5,1,I,122.173184
sortedness,0.51,0.518,5,2,I,118.000347
sortedness,0.51,0.518,5,3,I,115.062268
sortedness,0.51,0.518,5,1,Q,107.13125
sortedness,0.51,0.518,5,2,Q,108.613311
sortedness,0.51,0.518,5,3,Q,109.132818
sortedness,0.51,0.518,5,1,M,113.950446
sortedness,0.51,0.518,5,2,M,107.820861
sortedness,0.51,0.518,5,3,M,109.885025
sortedness,0.51,0.518,5,1,H,111.211164
sortedness,0.51,0.518,5,2,H,110.11388
sortedness,0.51,0.518,5,3,H,112.155288
sortedness,0.51,0.518,5,1,R,110.859999
sortedness,0.51,0.518,5,2,R,106.603012
sortedness,0.51,0.518,5,3,R,105.821565
sortedness,0.51,0.5115,6,1,I,120.03879
sortedness,0.51,0.5115,6,2,I,116.084337
sortedness,0.51,0.5115,6,3,I,116.183917
sortedness,0.51,0.5115,6,1,Q,99.912477
sortedness,0.51,0.5115,6,2,Q,111.949059
sortedness,0.51,0.5115,6,3,Q,114.999274
sortedness,0.51,0.5115,6,1,M,110.639305
sortedness,0.51,0.5115,6,2,M,117.119282
sortedness,0.51,0.5115,6,3,M,111.185163
sortedness,0.51,0.5115,6,1,H,116.765812
sortedness,0.51,0.5115,6,2,H,117.530822
sortedness,0.51,0.5115,6,3,H,118.269421
sortedness,0.51,0.5115,6,1,R,112.073206
sortedness,0.51,0.5115,6,2,R,101.663688
sortedness,0.51,0.5115,6,3,R,111.278212
sortedness,0.51,0.51825,7,1,I,112.276992
sortedness,0.51,0.51825,7,2,I,102.331771
sortedness,0.51,0.51825,7,3,I,103.594354
sortedness,0.51,0.51825,7,1,Q,110.194996
sortedness,0.51,0.51825,7,2,Q,107.784272
sortedness,0.51,0.51825,7,3,Q,108.658545
sortedness,0.51,0.51825,7,1,M,100.11209
sortedness,0.51,0.51825,7,2,M,113.9817
sortedness,0.51,0.51825,7,3,M,108.986772
sortedness,0.51,0.51825,7,1,H,108.466038
sortedness,0.51,0.51825,7,2,H,106.157546
sortedness,0.51,0.51825,7,3,H,108.785398
sortedness,0.51,0.51825,7,1,R,111.849646
sortedness,0.51,0.51825,7,2,R,107.75712
sortedness,0.51,0.51825,7,3,R,111.139393
sortedness,0.51,0.5035,8,1,I,124.857865
sortedness,0.51,0.5035,8,2,I,120.405766
sortedness,0.51,0.5035,8,3,I,117.27539
sortedness,0.51,0.5035,8,1,Q,112.754551
sortedness,0.51,0.5035,8,2,Q,117.697735
sortedness,0.51,0.5035,8,3,Q,111.247701
sortedness,0.51,0.5035,8,1,M,111.527028
sortedness,0.51,0.5035,8,2,M,111.87342
sortedness,0.51,0.5035,8,3,M,114.133555
sortedness,0.51,0.5035,8,1,H,111.389854
sortedness,0.51,0.5035,8,2,H,100.771317
sortedness,0.51,0.5035,8,3,H,110.960809
sortedness,0.51,0.5035,8,1,R,116.792828
sortedness,0.51,0.5035,8,2,R,113.12826
sortedness,0.51,0.5035,8,3,R,106.762202
sortedness,0.52,0.519,1,1,I,115.645893
sortedness,0.52,0.519,1,2,I,115.589592
sortedness,0.52,0.519,1,3,I,113.838021
sortedness,0.52,0.519,1,1,Q,114.3299
sortedness,0.52,0.519,1,2,Q,108.688676
sortedness,0.52,0.519,1,3,Q,107.413933
sortedness,0.52,0.519,1,1,M,116.066819
sortedness,0.52,0.519,1,2,M,120.414794
sortedness,0.52,0.519,1,3,M,104.49797
sortedness,0.52,0.519,1,1,H,111.03026
sortedness,0.52,0.519,1,2,H,124.797808
sortedness,0.52,0.519,1,3,H,114.252994
sortedness,0.52,0.519,1,1,R,98.243564
sortedness,0.52,0.519,1,2,R,107.578922
sortedness,0.52,0.519,1,3,R,113.111426
sortedness,0.52,0.51025,2,1,I,118.332854
sortedness,0.52,0.51025,2,2,I,116.68719
sortedness,0.52,0.51025,2,3,I,114.428842
sortedness,0.52,0.51025,2,1,Q,113.358714
sortedness,0.52,0.51025,2,2,Q,111.748082
sortedness,0.52,0.51025,2,3,Q,111.53286
sortedness,0.52,0.51025,2,1,M,109.663128
sortedness,0.52,0.51025,2,2,M,115.307633
sortedness,0.52,0.51025,2,3,M,111.082314
sortedness,0.52,0.51025,2,1,H,113.144115
sortedness,0.52,0.51025,2,2,H,110.966011
sortedness,0.52,0.51025,2,3,H,109.859955
sortedness,0.52,0.51025,2,1,R,113.589859
sortedness,0.52,0.51025,2,2,R,111.336072
sortedness,0.52,0.51025,2,3,R,118.451425
sortedness,0.52,0.518,3,1,I,115.281876
sortedness,0.52,0.518,3,2,I,112.599237
sortedness,0.52,0.518,3,3,I,116.012762
sortedness,0.52,0.518,3,1,Q,109.423885
sortedness,0.52,0.518,3,2,Q,114.844367
sortedness,0.52,0.518,3,3,Q,108.492931
sortedness,0.52,0.518,3,1,M,108.910687
sortedness,0.52,0.518,3,2,M,114.130228
sortedness,0.52,0.518,3,3,M,116.176035
sortedness,0.52,0.518,3,1,H,108.889597
sortedness,0.52,0.518,3,2,H,111.550867
sortedness,0.52,0.518,3,3,H,109.248062
sortedness,0.52,0.518,3,1,R,107.842416
sortedness,0.52,0.518,3,2,R,111.129659
sortedness,0.52,0.518,3,3,R,116.644331
sortedness,0.52,0.52375,4,1,I,114.771606
sortedness,0.52,0.52375,4,2,I,114.487579
sortedness,0.52,0.52375,4,3,I,113.071294
sortedness,0.52,0.52375,4,1,Q,113.540834
sortedness,0.52,0.52375,4,2,Q,114.743898
sortedness,0.52,0.52375,4,3,Q,118.980551
sortedness,0.52,0.52375,4,1,M,144.235248
sortedness,0.52,0.52375,4,2,M,113.232215
sortedness,0.52,0.52375,4,3,M,111.557689
sortedness,0.52,0.52375,4,1,H,128.112231
sortedness,0.52,0.52375,4,2,H,117.793208
sortedness,0.52,0.52375,4,3,H,116.67857
sortedness,0.52,0.52375,4,1,R,111.224052
sortedness,0.52,0.52375,4,2,R,114.132637
sortedness,0.52,0.52375,4,3,R,115.002725
sortedness,0.52,0.50575,5,1,I,123.173282
sortedness,0.52,0.50575,5,2,I,120.81728
sortedness,0.52,0.50575,5,3,I,118.866681
sortedness,0.52,0.50575,5,1,Q,111.10552
sortedness,0.52,0.50575,5,2,Q,115.800703
sortedness,0.52,0.50575,5,3,Q,111.184356
sortedness,0.52,0.50575,5,1,M,109.47965
sortedness,0.52,0.50575,5,2,M,114.058506
sortedness,0.52,0.50575,5,3,M,110.610385
sortedness,0.52,0.50575,5,1,H,114.300608
sortedness,0.52,0.50575,5,2,H,114.425951
sortedness,0.52,0.50575,5,3,H,113.521271
sortedness,0.52,0.50575,5,1,R,109.390318
sortedness,0.52,0.50575,5,2,R,103.256949
sortedness,0.52,0.50575,5,3,R,112.567997
sortedness,0.52,0.50825,6,1,I,113.92117
sortedness,0.52,0.50825,6,2,I,114.933536
sortedness,0.52,0.50825,6,3,I,117.375718
sortedness,0.52,0.50825,6,1,Q,117.039672
sortedness,0.52,0.50825,6,2,Q,117.294826
sortedness,0.52,0.50825,6,3,Q,116.67101
sortedness,0.52,0.50825,6,1,M,122.471336
sortedness,0.52,0.50825,6,2,M,106.702463
sortedness,0.52,0.50825,6,3,M,114.42061
sortedness,0.52,0.50825,6,1,H,108.782691
sortedness,0.52,0.50825,6,2,H,111.827531
sortedness,0.52,0.50825,6,3,H,117.241082
sortedness,0.52,0.50825,6,1,R,107.869881
sortedness,0.52,0.50825,6,2,R,98.355177
sortedness,0.52,0.50825,6,3,R,106.871021
sortedness,0.52,0.5175,7,1,I,118.05956
sortedness,0.52,0.5175,7,2,I,114.486014
sortedness,0.52,0.5175,7,3,I,113.068345
sortedness,0.52,0.5175,7,1,Q,109.786754
sortedness,0.52,0.5175,7,2,Q,115.030045
sortedness,0.52,0.5175,7,3,Q,108.692584
sortedness,0.52,0.5175,7,1,M,107.913356
sortedness,0.52,0.5175,7,2,M,109.867779
sortedness,0.52,0.5175,7,3,M,123.934607
sortedness,0.52,0.5175,7,1,H,115.673413
sortedness,0.52,0.5175,7,2,H,107.339125
sortedness,0.52,0.5175,7,3,H,109.808293
sortedness,0.52,0.5175,7,1,R,107.379417
sortedness,0.52,0.5175,7,2,R,110.314325
sortedness,0.52,0.5175,7,3,R,113.22219
sortedness,0.52,0.51975,8,1,I,125.771428
sortedness,0.52,0.51975,8,2,I,122.295401
sortedness,0.52,0.51975,8,3,I,120.254098
sortedness,0.52,0.51975,8,1,Q,110.326055
sortedness,0.52,0.51975,8,2,Q,110.637939
sortedness,0.52,0.51975,8,3,Q,107.354202
sortedness,0.52,0.51975,8,1,M,107.767144
sortedness,0.52,0.51975,8,2,M,110.330555
sortedness,0.52,0.51975,8,3,M,109.17767
sortedness,0.52,0.51975,8,1,H,101.545989
sortedness,0.52,0.51975,8,2,H,115.123878
sortedness,0.52,0.51975,8,3,H,112.447276
sortedness,0.52,0.51975,8,1,R,109.405912
sortedness,0.52,0.51975,8,2,R,111.542295
sortedness,0.52,0.51975,8,3,R,107.850436
sortedness,0.53,0.5285,1,1,I,130.523394
sortedness,0.53,0.5285,1,2,I,119.350227
sortedness,0.53,0.5285,1,3,I,120.911559
sortedness,0.53,0.5285,1,1,Q,111.437751
sortedness,0.53,0.5285,1,2,Q,109.73477
sortedness,0.53,0.5285,1,3,Q,108.201159
sortedness,0.53,0.5285,1,1,M,111.556427
sortedness,0.53,0.5285,1,2,M,120.937777
sortedness,0.53,0.5285,1,3,M,125.721982
sortedness,0.53,0.5285,1,1,H,109.754091
sortedness,0.53,0.5285,1,2,H,108.886589
sortedness,0.53,0.5285,1,3,H,116.392296
sortedness,0.53,0.5285,1,1,R,111.507877
sortedness,0.53,0.5285,1,2,R,112.256764
sortedness,0.53,0.5285,1,3,R,119.600365
sortedness,0.53,0.5355,2,1,I,117.317348
sortedness,0.53,0.5355,2,2,I,122.943196
sortedness,0.53,0.5355,2,3,I,131.946648
sortedness,0.53,0.5355,2,1,Q,114.068409
sortedness,0.53,0.5355,2,2,Q,109.612701
sortedness,0.53,0.5355,2,3,Q,121.063687
sortedness,0.53,0.5355,2,1,M,102.234776
sortedness,0.53,0.5355,2,2,M,124.945564
sortedness,0.53,0.5355,2,3,M,114.675381
sortedness,0.53,0.5355,2,1,H,104.998913
sortedness,0.53,0.5355,2,2,H,107.262492
sortedness,0.53,0.5355,2,3,H,109.03245
sortedness,0.53,0.5355,2,1,R,116.086485
sortedness,0.53,0.5355,2,2,R,111.930399
sortedness,0.53,0.5355,2,3,R,112.72462
sortedness,0.53,0.52275,3,1,I,123.799094
sortedness,0.53,0.52275,3,2,I,114.377353
sortedness,0.53,0.52275,3,3,I,112.491753
sortedness,0.53,0.52275,3,1,Q,111.241438
sortedness,0.53,0.52275,3,2,Q,116.892759
sortedness,0.53,0.52275,3,3,Q,111.262402
sortedness,0.53,0.52275,3,1,M,110.168681
sortedness,0.53,0.52275,3,2,M,110.66753
sortedness,0.53,0.52275,3,3,M,108.70515
sortedness,0.53,0.52275,3,1,H,111.97812
sortedness,0.53,0.52275,3,2,H,117.10977
sortedness,0.53,0.52275,3,3,H,117.417425
sortedness,0.53,0.52275,3,1,R,126.880827
sortedness,0.53,0.52275,3,2,R,114.996254
sortedness,0.53,0.52275,3,3,R,111.086201
sortedness,0.53,0.53925,4,1,I,119.288595
sortedness,0.53,0.53925,4,2,I,111.18802
sortedness,0.53,0.53925,4,3,I,123.178605
sortedness,0.53,0.53925,4,1,Q,111.538557
sortedness,0.53,0.53925,4,2,Q,109.887042
sortedness,0.53,0.53925,4,3,Q,116.537575
sortedness,0.53,0.53925,4,1,M,114.549329
sortedness,0.53,0.53925,4,2,M,120.178662
sortedness,0.53,0.53925,4,3,M,122.843618
sortedness,0.53,0.53925,4,1,H,115.785333
sortedness,0.53,0.53925,4,2,H,112.841422
sortedness,0.53,0.53925,4,3,H,118.627122
sortedness,0.53,0.53925,4,1,R,112.388716
sortedness,0.53,0.53925,4,2,R,112.152019
sortedness,0.53,0.53925,4,3,R,112.915847
sortedness,0.53,0.529,5,1,I,119.818273
sortedness,0.53,0.529,5,2,I,117.105361
sortedness,0.53,0.529,5,3,I,123.543156
sortedness,0.53,0.529,5,1,Q,114.679554
sortedness,0.53,0.529,5,2,Q,137.073049
sortedness,0.53,0.529,5,3,Q,110.892287
sortedness,0.53,0.529,5,1,M,110.861618
sortedness,0.53,0.529,5,2,M,108.440096
sortedness,0.53,0.529,5,3,M,116.566368
sortedness,0.53,0.529,5,1,H,109.516664
sortedness,0.53,0.529,5,2,H,111.360467
sortedness,0.53,0.529,5,3,H,108.89186
sortedness,0.53,0.529,5,1,R,107.60034
sortedness,0.53,0.529,5,2,R,114.165983
sortedness,0.53,0.529,5,3,R,111.603897
sortedness,0.53,0.534,6,1,I,112.294734
sortedness,0.53,0.534,6,2,I,112.7664
sortedness,0.53,0.534,6,3,I,110.290852
sortedness,0.53,0.534,6,1,Q,111.210953
sortedness,0.53,0.534,6,2,Q,108.880051
sortedness,0.53,0.534,6,3,Q,113.570104
sortedness,0.53,0.534,6,1,M,110.315
sortedness,0.53,0.534,6,2,M,98.389473
sortedness,0.53,0.534,6,3,M,114.392055
sortedness,0.53,0.534,6,1,H,107.954634
sortedness,0.53,0.534,6,2,H,119.170262
sortedness,0.53,0.534,6,3,H,121.349097
sortedness,0.53,0.534,6,1,R,117.598152
sortedness,0.53,0.534,6,2,R,111.64958
sortedness,0.53,0.534,6,3,R,123.383564
sortedness,0.53,0.539,7,1,I,116.570421
sortedness,0.53,0.539,7,2,I,123.667398
sortedness,0.53,0.539,7,3,I,122.751133
sortedness,0.53,0.539,7,1,Q,122.204592
sortedness,0.53,0.539,7,2,Q,121.954012
sortedness,0.53,0.539,7,3,Q,118.564351
sortedness,0.53,0.539,7,1,M,116.072416
sortedness,0.53,0.539,7,2,M,114.786763
sortedness,0.53,0.539,7,3,M,107.516166
sortedness,0.53,0.539,7,1,H,118.276519
sortedness,0.53,0.539,7,2,H,112.621907
sortedness,0.53,0.539,7,3,H,123.239704
sortedness,0.53,0.539,7,1,R,110.977473
sortedness,0.53,0.539,7,2,R,101.864301
sortedness,0.53,0.539,7,3,R,109.237568
sortedness,0.53,0.532,8,1,I,115.424621
sortedness,0.53,0.532,8,2,I,112.144481
sortedness,0.53,0.532,8,3,I,114.61169
sortedness,0.53,0.532,8,1,Q,121.467688
sortedness,0.53,0.532,8,2,Q,106.695324
sortedness,0.53,0.532,8,3,Q,108.214022
sortedness,0.53,0.532,8,1,M,115.071481
sortedness,0.53,0.532,8,2,M,110.664688
sortedness,0.53,0.532,8,3,M,108.91643
sortedness,0.53,0.532,8,1,H,108.93914
sortedness,0.53,0.532,8,2,H,112.549223
sortedness,0.53,0.532,8,3,H,110.120637
sortedness,0.53,0.532,8,1,R,116.67383
sortedness,0.53,0.532,8,2,R,113.370403
sortedness,0.53,0.532,8,3,R,109.996585
sortedness,0.54,0.542,1,1,I,110.66454
sortedness,0.54,0.542,1,2,I,117.050307
sortedness,0.54,0.542,1,3,I,114.185217
sortedness,0.54,0.542,1,1,Q,110.58986
sortedness,0.54,0.542,1,2,Q,112.180881
sortedness,0.54,0.542,1,3,Q,109.714815
sortedness,0.54,0.542,1,1,M,109.989417
sortedness,0.54,0.542,1,2,M,113.935581
sortedness,0.54,0.542,1,3,M,109.409133
sortedness,0.54,0.542,1,1,H,113.243956
sortedness,0.54,0.542,1,2,H,120.668562
sortedness,0.54,0.542,1,3,H,108.182293
sortedness,0.54,0.542,1,1,R,109.787472
sortedness,0.54,0.542,1,2,R,109.180669
sortedness,0.54,0.542,1,3,R,115.204813
sortedness,0.54,0.54375,2,1,I,116.344779
sortedness,0.54,0.54375,2,2,I,111.493126
sortedness,0.54,0.54375,2,3,I,111.95083
sortedness,0.54,0.54375,2,1,Q,114.010487
sortedness,0.54,0.54375,2,2,Q,110.894131
sortedness,0.54,0.54375,2,3,Q,98.05156
sortedness,0.54,0.54375,2,1,M,112.47878
sortedness,0.54,0.54375,2,2,M,109.832201
sortedness,0.54,0.54375,2,3,M,111.139666
sortedness,0.54,0.54375,2,1,H,99.516118
sortedness,0.54,0.54375,2,2,H,113.47482
sortedness,0.54,0.54375,2,3,H,103.957623
sortedness,0.54,0.54375,2,1,R,112.745554
sortedness,0.54,0.54375,2,2,R,118.603346
sortedness,0.54,0.54375,2,3,R,115.733031
sortedness,0.54,0.54225,3,1,I,123.073662
sortedness,0.54,0.54225,3,2,I,110.812737
sortedness,0.54,0.54225,3,3,I,112.069393
sortedness,0.54,0.54225,3,1,Q,119.093562
sortedness,0.54,0.54225,3,2,Q,113.476049
sortedness,0.54,0.54225,3,3,Q,115.934592
sortedness,0.54,0.54225,3,1,M,113.138451
sortedness,0.54,0.54225,3,2,M,108.713442
sortedness,0.54,0.54225,3,3,M,110.051125
sortedness,0.54,0.54225,3,1,H,113.857176
sortedness,0.54,0.54225,3,2,H,109.82397
sortedness,0.54,0.54225,3,3,H,111.555924
sortedness,0.54,0.54225,3,1,R,107.891073
sortedness,0.54,0.54225,3,2,R,108.102526
sortedness,0.54,0.54225,3,3,R,109.262096
sortedness,0.54,0.553,4,1,I,118.262391
sortedness,0.54,0.553,4,2,I,116.120866
sortedness,0.54,0.553,4,3,I,117.310167
sortedness,0.54,0.553,4,1,Q,112.369164
sortedness,0.54,0.553,4,2,Q,108.008876
sortedness,0.54,0.553,4,3,Q,111.108263
sortedness,0.54,0.553,4,1,M,118.762062
sortedness,0.54,0.553,4,2,M,113.67048
sortedness,0.54,0.553,4,3,M,110.022622
sortedness,0.54,0.553,4,1,H,114.685306
sortedness,0.54,0.553,4,2,H,119.540293
sortedness,0.54,0.553,4,3,H,120.138278
sortedness,0.54,0.553,4,1,R,119.00658
sortedness,0.54,0.553,4,2,R,108.505012
sortedness,0.54,0.553,4,3,R,121.888977
sortedness,0.54,0.5395,5,1,I,122.645511
sortedness,0.54,0.5395,5,2,I,113.484216
sortedness,0.54,0.5395,5,3,I,114.849061
sortedness,0.54,0.5395,5,1,Q,108.663337
sortedness,0.54,0.5395,5,2,Q,112.468304
sortedness,0.54,0.5395,5,3,Q,107.639189
sortedness,0.54,0.5395,5,1,M,97.926769
sortedness,0.54,0.5395,5,2,M,108.900752
sortedness,0.54,0.5395,5,3,M,116.920709
sortedness,0.54,0.5395,5,1,H,110.701798
sortedness,0.54,0.5395,5,2,H,115.309684
sortedness,0.54,0.5395,5,3,H,109.628961
sortedness,0.54,0.5395,5,1,R,146.730803
sortedness,0.54,0.5395,5,2,R,134.991935
sortedness,0.54,0.5395,5,3,R,114.638723
sortedness,0.54,0.54075,6,1,I,109.277139
sortedness,0.54,0.54075,6,2,I,120.213084
sortedness,0.54,0.54075,6,3,I,110.516376
sortedness,0.54,0.54075,6,1,Q,106.007023
sortedness,0.54,0.54075,6,2,Q,113.203352
sortedness,0.54,0.54075,6,3,Q,112.302028
sortedness,0.54,0.54075,6,1,M,105.704026
sortedness,0.54,0.54075,6,2,M,108.63659
sortedness,0.54,0.54075,6,3,M,107.142865
sortedness,0.54,0.54075,6,1,H,111.030022
sortedness,0.54,0.54075,6,2,H,110.565188
sortedness,0.54,0.54075,6,3,H,106.354706
sortedness,0.54,0.54075,6,1,R,111.376241
sortedness,0.54,0.54075,6,2,R,110.699002
sortedness,0.54,0.54075,6,3,R,111.048529
sortedness,0.54,0.553,7,1,I,108.574928
sortedness,0.54,0.553,7,2,I,113.004746
sortedness,0.54,0.553,7,3,I,115.425681
sortedness,0.54,0.553,7,1,Q,112.397381
sortedness,0.54,0.553,7,2,Q,114.22035
sortedness,0.54,0.553,7,3,Q,112.52332
sortedness,0.54,0.553,7,1,M,113.28396
sortedness,0.54,0.553,7,2,M,111.828182
sortedness,0.54,0.553,7,3,M,120.551963
sortedness,0.54,0.553,7,1,H,120.222486
sortedness,0.54,0.553,7,2,H,116.35307
sortedness,0.54,0.553,7,3,H,121.346228
sortedness,0.54,0.553,7,1,R,113.939288
sortedness,0.54,0.553,7,2,R,106.357297
sortedness,0.54,0.553,7,3,R,117.870926
sortedness,0.54,0.53775,8,1,I,127.597033
sortedness,0.54,0.53775,8,2,I,127.181575
sortedness,0.54,0.53775,8,3,I,113.480009
sortedness,0.54,0.53775,8,1,Q,112.434098
sortedness,0.54,0.53775,8,2,Q,119.316554
sortedness,0.54,0.53775,8,3,Q,110.902422
sortedness,0.54,0.53775,8,1,M,116.930037
sortedness,0.54,0.53775,8,2,M,108.800259
sortedness,0.54,0.53775,8,3,M,111.705449
sortedness,0.54,0.53775,8,1,H,111.84256
sortedness,0.54,0.53775,8,2,H,116.945203
sortedness,0.54,0.53775,8,3,H,113.912039
sortedness,0.54,0.53775,8,1,R,122.923444
sortedness,0.54,0.53775,8,2,R,120.993337
sortedness,0.54,0.53775,8,3,R,114.833947
sortedness,0.55,0.55375,1,1,I,136.487573
sortedness,0.55,0.55375,1,2,I,115.200968
sortedness,0.55,0.55375,1,3,I,113.674851
sortedness,0.55,0.55375,1,1,Q,107.273869
sortedness,0.55,0.55375,1,2,Q,115.193654
sortedness,0.55,0.55375,1,3,Q,114.244428
sortedness,0.55,0.55375,1,1,M,114.67481
sortedness,0.55,0.55375,1,2,M,117.322403
sortedness,0.55,0.55375,1,3,M,122.118714
sortedness,0.55,0.55375,1,1,H,110.649358
sortedness,0.55,0.55375,1,2,H,111.281644
sortedness,0.55,0.55375,1,3,H,114.869426
sortedness,0.55,0.55375,1,1,R,113.392947
sortedness,0.55,0.55375,1,2,R,115.11775
sortedness,0.55,0.55375,1,3,R,112.958127
sortedness,0.55,0.55425,2,1,I,113.419838
sortedness,0.55,0.55425,2,2,I,112.767817
sortedness,0.55,0.55425,2,3,I,112.074444
sortedness,0.55,0.55425,2,1,Q,114.78039
sortedness,0.55,0.55425,2,2,Q,108.751683
sortedness,0.55,0.55425,2,3,Q,125.974827
sortedness,0.55,0.55425,2,1,M,113.809877
sortedness,0.55,0.55425,2,2,M,108.481128
sortedness,0.55,0.55425,2,3,M,104.184311
sortedness,0.55,0.55425,2,1,H,97.611031
sortedness,0.55,0.55425,2,2,H,120.293636
sortedness,0.55,0.55425,2,3,H,110.722864
sortedness,0.55,0.55425,2,1,R,113.688784
sortedness,0.55,0.55425,2,2,R,117.654535
sortedness,0.55,0.55425,2,3,R,114.232801
sortedness,0.55,0.565,3,1,I,112.582231
sortedness,0.55,0.565,3,2,I,112.15687
sortedness,0.55,0.565,3,3,I,113.572371
sortedness,0.55,0.565,3,1,Q,111.463715
sortedness,0.55,0.565,3,2,Q,126.038396
sortedness,0.55,0.565,3,3,Q,109.067489
sortedness,0.55,0.565,3,1,M,113.252361
sortedness,0.55,0.565,3,2,M,114.000433
sortedness,0.55,0.565,3,3,M,115.338828
sortedness,0.55,0.565,3,1,H,115.430345
sortedness,0.55,0.565,3,2,H,117.49892
sortedness,0.55,0.565,3,3,H,114.119326
sortedness,0.55,0.565,3,1,R,117.824125
sortedness,0.55,0.565,3,2,R,122.868332
sortedness,0.55,0.565,3,3,R,117.234841
sortedness,0.55,0.54975,4,1,I,114.895977
sortedness,0.55,0.54975,4,2,I,125.982907
sortedness,0.55,0.54975,4,3,I,119.594146
sortedness,0.55,0.54975,4,1,Q,118.53537
sortedness,0.55,0.54975,4,2,Q,116.670498
sortedness,0.55,0.54975,4,3,Q,119.131979
sortedness,0.55,0.54975,4,1,M,118.803356
sortedness,0.55,0.54975,4,2,M,113.929126
sortedness,0.55,0.54975,4,3,M,118.979514
sortedness,0.55,0.54975,4,1,H,116.480345
sortedness,0.55,0.54975,4,2,H,111.279564
sortedness,0.55,0.54975,4,3,H,118.534615
sortedness,0.55,0.54975,4,1,R,111.80442
sortedness,0.55,0.54975,4,2,R,104.537235
sortedness,0.55,0.54975,4,3,R,112.28512
sortedness,0.55,0.5455,5,1,I,111.601322
sortedness,0.55,0.5455,5,2,I,111.867764
sortedness,0.55,0.5455,5,3,I,111.396479
sortedness,0.55,0.5455,5,1,Q,113.314123
sortedness,0.55,0.5455,5,2,Q,121.157624
sortedness,0.55,0.5455,5,3,Q,112.685977
sortedness,0.55,0.5455,5,1,M,102.46981
sortedness,0.55,0.5455,5,2,M,111.241504
sortedness,0.55,0.5455,5,3,M,113.821447
sortedness,0.55,0.5455,5,1,H,117.937382
sortedness,0.55,0.5455,5,2,H,123.706194
sortedness,0.55,0.5455,5,3,H,110.844295
sortedness,0.55,0.5455,5,1,R,110.99722
sortedness,0.55,0.5455,5,2,R,109.361201
sortedness,0.55,0.5455,5,3,R,108.001705
sortedness,0.55,0.554,6,1,I,109.976833
sortedness,0.55,0.554,6,2,I,113.114476
sortedness,0.55,0.554,6,3,I,113.711992
sortedness,0.55,0.554,6,1,Q,114.231386
sortedness,0.55,0.554,6,2,Q,111.941776
sortedness,0.55,0.554,6,3,Q,109.037423
sortedness,0.55,0.554,6,1,M,114.144268
sortedness,0.55,0.554,6,2,M,115.143767
sortedness,0.55,0.554,6,3,M,113.743812
sortedness,0.55,0.554,6,1,H,112.333747
sortedness,0.55,0.554,6,2,H,111.941552
sortedness,0.55,0.554,6,3,H,117.840818
sortedness,0.55,0.554,6,1,R,119.167331
sortedness,0.55,0.554,6,2,R,113.087909
sortedness,0.55,0.554,6,3,R,99.690484
sortedness,0.55,0.5495,7,1,I,119.317959
sortedness,0.55,0.5495,7,2,I,114.573058
sortedness,0.55,0.5495,7,3,I,114.760375
sortedness,0.55,0.5495,7,1,Q,110.99213
sortedness,0.55,0.5495,7,2,Q,114.315725
sortedness,0.55,0.5495,7,3,Q,113.9146
sortedness,0.55,0.5495,7,1,M,112.194639
sortedness,0.55,0.5495,7,2,M,111.565732
sortedness,0.55,0.5495,7,3,M,116.078012
sortedness,0.55,0.5495,7,1,H,115.881396
sortedness,0.55,0.5495,7,2,H,111.149056
sortedness,0.55,0.5495,7,3,H,114.5679
sortedness,0.55,0.5495,7,1,R,111.637017
sortedness,0.55,0.5495,7,2,R,111.872081
sortedness,0.55,0.5495,7,3,R,111.643148
sortedness,0.55,0.55625,8,1,I,115.121759
sortedness,0.55,0.55625,8,2,I,114.777947
sortedness,0.55,0.55625,8,3,I,101.861871
sortedness,0.55,0.55625,8,1,Q,112.54044
sortedness,0.55,0.55625,8,2,Q,113.234359
sortedness,0.55,0.55625,8,3,Q,116.207397
sortedness,0.55,0.55625,8,1,M,114.495941
sortedness,0.55,0.55625,8,2,M,116.326877
sortedness,0.55,0.55625,8,3,M,107.099029
sortedness,0.55,0.55625,8,1,H,109.837088
sortedness,0.55,0.55625,8,2,H,114.799224
sortedness,0.55,0.55625,8,3,H,113.377233
sortedness,0.55,0.55625,8,1,R,115.523522
sortedness,0.55,0.55625,8,2,R,110.40014
sortedness,0.55,0.55625,8,3,R,114.957671
sortedness,0.56,0.562,1,1,I,117.641522
sortedness,0.56,0.562,1,2,I,117.079439
sortedness,0.56,0.562,1,3,I,118.922672
sortedness,0.56,0.562,1,1,Q,112.9516
sortedness,0.56,0.562,1,2,Q,111.132237
sortedness,0.56,0.562,1,3,Q,117.158438
sortedness,0.56,0.562,1,1,M,112.350991
sortedness,0.56,0.562,1,2,M,112.902992
sortedness,0.56,0.562,1,3,M,109.31537
sortedness,0.56,0.562,1,1,H,110.530912
sortedness,0.56,0.562,1,2,H,111.974973
sortedness,0.56,0.562,1,3,H,117.318524
sortedness,0.56,0.562,1,1,R,117.269523
sortedness,0.56,0.562,1,2,R,118.731713
sortedness,0.56,0.562,1,3,R,118.041226
sortedness,0.56,0.55425,2,1,I,128.770332
sortedness,0.56,0.55425,2,2,I,118.558129
sortedness,0.56,0.55425,2,3,I,118.168526
sortedness,0.56,0.55425,2,1,Q,116.933397
sortedness,0.56,0.55425,2,2,Q,119.615552
sortedness,0.56,0.55425,2,3,Q,109.265403
sortedness,0.56,0.55425,2,1,M,108.814959
sortedness,0.56,0.55425,2,2,M,110.599152
sortedness,0.56,0.55425,2,3,M,115.377747
sortedness,0.56,0.55425,2,1,H,110.943901
sortedness,0.56,0.55425,2,2,H,112.235625
sortedness,0.56,0.55425,2,3,H,118.718982
sortedness,0.56,0.55425,2,1,R,117.563402
sortedness,0.56,0.55425,2,2,R,111.472299
sortedness,0.56,0.55425,2,3,R,123.568243
sortedness,0.56,0.562,3,1,I,114.333469
sortedness,0.56,0.562,3,2,I,101.140279
sortedness,0.56,0.562,3,3,I,109.808057
sortedness,0.56,0.562,3,1,Q,111.739743
sortedness,0.56,0.562,3,2,Q,110.847013
sortedness,0.56,0.562,3,3,Q,117.95645
sortedness,0.56,0.562,3,1,M,111.625588
sortedness,0.56,0.562,3,2,M,118.712973
sortedness,0.56,0.562,3,3,M,112.319557
sortedness,0.56,0.562,3,1,H,115.103773
sortedness,0.56,0.562,3,2,H,114.743101
sortedness,0.56,0.562,3,3,H,113.907433
sortedness,0.56,0.562,3,1,R,111.083432
sortedness,0.56,0.562,3,2,R,111.429265
sortedness,0.56,0.562,3,3,R,115.287032
sortedness,0.56,0.56875,4,1,I,121.631171
sortedness,0.56,0.56875,4,2,I,114.032716
sortedness,0.56,0.56875,4,3,I,111.075784
sortedness,0.56,0.56875,4,1,Q,114.464077
sortedness,0.56,0.56875,4,2,Q,122.455073
sortedness,0.56,0.56875,4,3,Q,121.116636
sortedness,0.56,0.56875,4,1,M,112.059871
sortedness,0.56,0.56875,4,2,M,112.289838
sortedness,0.56,0.56875,4,3,M,110.021766
sortedness,0.56,0.56875,4,1,H,125.186446
sortedness,0.56,0.56875,4,2,H,111.279525
sortedness,0.56,0.56875,4,3,H,132.235806
sortedness,0.56,0.56875,4,1,R,111.417281
sortedness,0.56,0.56875,4,2,R,110.961902
sortedness,0.56,0.56875,4,3,R,119.518138
sortedness,0.56,0.56025,5,1,I,121.744895
sortedness,0.56,0.56025,5,2,I,121.049797
sortedness,0.56,0.56025,5,3,I,120.123242
sortedness,0.56,0.56025,5,1,Q,116.565261
sortedness,0.56,0.56025,5,2,Q,114.07165
sortedness,0.56,0.56025,5,3,Q,114.853708
sortedness,0.56,0.56025,5,1,M,115.83996
sortedness,0.56,0.56025,5,2,M,118.10446
sortedness,0.56,0.56025,5,3,M,111.84817
sortedness,0.56,0.56025,5,1,H,120.636413
sortedness,0.56,0.56025,5,2,H,115.140008
sortedness,0.56,0.56025,5,3,H,127.950775
sortedness,0.56,0.56025,5,1,R,112.642822
sortedness,0.56,0.56025,5,2,R,108.796824
sortedness,0.56,0.56025,5,3,R,117.361502
sortedness,0.56,0.56475,6,1,I,126.902127
sortedness,0.56,0.56475,6,2,I,107.227759
sortedness,0.56,0.56475,6,3,I,112.09261
sortedness,0.56,0.56475,6,1,Q,113.265556
sortedness,0.56,0.56475,6,2,Q,112.145466
sortedness,0.56,0.56475,6,3,Q,118.936541
sortedness,0.56,0.56475,6,1,M,112.917141
sortedness,0.56,0.56475,6,2,M,110.17401
sortedness,0.56,0.56475,6,3,M,110.704942
sortedness,0.56,0.56475,6,1,H,105.538599
sortedness,0.56,0.56475,6,2,H,110.867559
sortedness,0.56,0.56475,6,3,H,121.407536
sortedness,0.56,0.56475,6,1,R,123.412977
sortedness,0.56,0.56475,6,2,R,114.452481
sortedness,0.56,0.56475,6,3,R,114.600429
sortedness,0.56,0.57775,7,1,I,111.199893
sortedness,0.56,0.57775,7,2,I,116.092129
sortedness,0.56,0.57775,7,3,I,106.033789
sortedness,0.56,0.57775,7,1,Q,133.517236
sortedness,0.56,0.57775,7,2,Q,116.52229
sortedness,0.56,0.57775,7,3,Q,111.968243
sortedness,0.56,0.57775,7,1,M,117.807517
sortedness,0.56,0.57775,7,2,M,136.740013
sortedness,0.56,0.57775,7,3,M,119.694295
sortedness,0.56,0.57775,7,1,H,109.242731
sortedness,0.56,0.57775,7,2,H,118.429749
sortedness,0.56,0.57775,7,3,H,113.273297
sortedness,0.56,0.57775,7,1,R,114.817306
sortedness,0.56,0.57775,7,2,R,122.087061
sortedness,0.56,0.57775,7,3,R,117.021214
sortedness,0.56,0.56675,8,1,I,115.123454
sortedness,0.56,0.56675,8,2,I,127.358911
sortedness,0.56,0.56675,8,3,I,131.891945
sortedness,0.56,0.56675,8,1,Q,119.563057
sortedness,0.56,0.56675,8,2,Q,123.340531
sortedness,0.56,0.56675,8,3,Q,116.433583
sortedness,0.56,0.56675,8,1,M,117.238898
sortedness,0.56,0.56675,8,2,M,111.377925
sortedness,0.56,0.56675,8,3,M,111.069603
sortedness,0.56,0.56675,8,1,H,101.40592
sortedness,0.56,0.56675,8,2,H,116.817378
sortedness,0.56,0.56675,8,3,H,114.391435
sortedness,0.56,0.56675,8,1,R,116.135376
sortedness,0.56,0.56675,8,2,R,115.519548
sortedness,0.56,0.56675,8,3,R,122.563646
sortedness,0.57,0.5615,1,1,I,122.411747
sortedness,0.57,0.5615,1,2,I,114.152755
sortedness,0.57,0.5615,1,3,I,118.00212
sortedness,0.57,0.5615,1,1,Q,121.387648
sortedness,0.57,0.5615,1,2,Q,120.730736
sortedness,0.57,0.5615,1,3,Q,109.676842
sortedness,0.57,0.5615,1,1,M,120.920728
sortedness,0.57,0.5615,1,2,M,113.761106
sortedness,0.57,0.5615,1,3,M,110.086429
sortedness,0.57,0.5615,1,1,H,112.305901
sortedness,0.57,0.5615,1,2,H,115.47798
sortedness,0.57,0.5615,1,3,H,113.112375
sortedness,0.57,0.5615,1,1,R,115.950787
sortedness,0.57,0.5615,1,2,R,116.790472
sortedness,0.57,0.5615,1,3,R,104.322123
sortedness,0.57,0.5785,2,1,I,105.558305
sortedness,0.57,0.5785,2,2,I,111.197958
sortedness,0.57,0.5785,2,3,I,118.605491
sortedness,0.57,0.5785,2,1,Q,115.731955
sortedness,0.57,0.5785,2,2,Q,113.556517
sortedness,0.57,0.5785,2,3,Q,126.815193
sortedness,0.57,0.5785,2,1,M,113.199465
sortedness,0.57,0.5785,2,2,M,110.553273
sortedness,0.57,0.5785,2,3,M,117.528462
sortedness,0.57,0.5785,2,1,H,111.555637
sortedness,0.57,0.5785,2,2,H,114.267594
sortedness,0.57,0.5785,2,3,H,124.850241
sortedness,0.57,0.5785,2,1,R,115.491057
sortedness,0.57,0.5785,2,2,R,110.807505
sortedness,0.57,0.5785,2,3,R,115.632513
sortedness,0.57,0.562,3,1,I,115.968759
sortedness,0.57,0.562,3,2,I,111.00092
sortedness,0.57,0.562,3,3,I,109.885223
sortedness,0.57,0.562,3,1,Q,110.425741
sortedness,0.57,0.562,3,2,Q,109.266898
sortedness,0.57,0.562,3,3,Q,109.201237
sortedness,0.57,0.562,3,1,M,108.735926
sortedness,0.57,0.562,3,2,M,109.849634
sortedness,0.57,0.562,3,3,M,118.21974
sortedness,0.57,0.562,3,1,H,110.827125
sortedness,0.57,0.562,3,2,H,115.175567
sortedness,0.57,0.562,3,3,H,112.032877
sortedness,0.57,0.562,3,1,R,110.27442
sortedness,0.57,0.562,3,2,R,113.973849
sortedness,0.57,0.562,3,3,R,115.593644
sortedness,0.57,0.575,4,1,I,118.194604
sortedness,0.57,0.575,4,2,I,116.151582
sortedness,0.57,0.575,4,3,I,114.019834
sortedness,0.57,0.575,4,1,Q,117.555344
sortedness,0.57,0.575,4,2,Q,115.575488
sortedness,0.57,0.575,4,3,Q,115.808564
sortedness,0.57,0.575,4,1,M,111.126976
sortedness,0.57,0.575,4,2,M,105.868309
sortedness,0.57,0.575,4,3,M,112.080013
sortedness,0.57,0.575,4,1,H,112.71108
sortedness,0.57,0.575,4,2,H,117.279727
sortedness,0.57,0.575,4,3,H,121.070016
sortedness,0.57,0.575,4,1,R,111.694738
sortedness,0.57,0.575,4,2,R,126.391837
sortedness,0.57,0.575,4,3,R,114.225626
sortedness,0.57,0.57025,5,1,I,118.557419
sortedness,0.57,0.57025,5,2,I,113.226431
sortedness,0.57,0.57025,5,3,I,105.705475
sortedness,0.57,0.57025,5,1,Q,122.625574
sortedness,0.57,0.57025,5,2,Q,122.079937
sortedness,0.57,0.57025,5,3,Q,116.764847
sortedness,0.57,0.57025,5,1,M,110.497157
sortedness,0.57,0.57025,5,2,M,118.04066
sortedness,0.57,0.57025,5,3,M,123.146418
sortedness,0.57,0.57025,5,1,H,112.5963
sortedness,0.57,0.57025,5,2,H,113.093078
sortedness,0.57,0.57025,5,3,H,117.376765
sortedness,0.57,0.57025,5,1,R,116.863868
sortedness,0.57,0.57025,5,2,R,118.095369
sortedness,0.57,0.57025,5,3,R,113.187185
sortedness,0.57,0.56325,6,1,I,120.323643
sortedness,0.57,0.56325,6,2,I,116.199475
sortedness,0.57,0.56325,6,3,I,120.368424
sortedness,0.57,0.56325,6,1,Q,113.856943
sortedness,0.57,0.56325,6,2,Q,104.497407
sortedness,0.57,0.56325,6,3,Q,113.203817
sortedness,0.57,0.56325,6,1,M,110.737192
sortedness,0.57,0.56325,6,2,M,101.657744
sortedness,0.57,0.56325,6,3,M,110.30114
sortedness,0.57,0.56325,6,1,H,106.880508
sortedness,0.57,0.56325,6,2,H,112.854484
sortedness,0.57,0.56325,6,3,H,115.083201
sortedness,0.57,0.56325,6,1,R,112.403222
sortedness,0.57,0.56325,6,2,R,110.190941
sortedness,0.57,0.56325,6,3,R,110.343504
sortedness,0.57,0.57475,7,1,I,116.058953
sortedness,0.57,0.57475,7,2,I,109.545873
sortedness,0.57,0.57475,7,3,I,110.000257
sortedness,0.57,0.57475,7,1,Q,111.698534
sortedness,0.57,0.57475,7,2,Q,113.094065
sortedness,0.57,0.57475,7,3,Q,111.973858
sortedness,0.57,0.57475,7,1,M,121.100073
sortedness,0.57,0.57475,7,2,M,110.698362
sortedness,0.57,0.57475,7,3,M,109.735793
sortedness,0.57,0.57475,7,1,H,119.222215
sortedness,0.57,0.57475,7,2,H,113.099482
sortedness,0.57,0.57475,7,3,H,113.047925
sortedness,0.57,0.57475,7,1,R,111.140749
sortedness,0.57,0.57475,7,2,R,113.553804
sortedness,0.57,0.57475,7,3,R,109.721135
sortedness,0.57,0.5715,8,1,I,109.856856
sortedness,0.57,0.5715,8,2,I,111.436238
sortedness,0.57,0.5715,8,3,I,127.111756
sortedness,0.57,0.5715,8,1,Q,113.335491
sortedness,0.57,0.5715,8,2,Q,108.858118
sortedness,0.57,0.5715,8,3,Q,110.735595
sortedness,0.57,0.5715,8,1,M,112.362768
sortedness,0.57,0.5715,8,2,M,116.651824
sortedness,0.57,0.5715,8,3,M,111.112371
sortedness,0.57,0.5715,8,1,H,108.984806
sortedness,0.57,0.5715,8,2,H,110.248978
sortedness,0.57,0.5715,8,3,H,112.172442
sortedness,0.57,0.5715,8,1,R,109.154254
sortedness,0.57,0.5715,8,2,R,108.789213
sortedness,0.57,0.5715,8,3,R,111.812383
sortedness,0.58,0.57375,1,1,I,110.42325
sortedness,0.58,0.57375,1,2,I,109.182713
sortedness,0.58,0.57375,1,3,I,113.961884
sortedness,0.58,0.57375,1,1,Q,109.215099
sortedness,0.58,0.57375,1,2,Q,112.938571
sortedness,0.58,0.57375,1,3,Q,112.171718
sortedness,0.58,0.57375,1,1,M,118.886039
sortedness,0.58,0.57375,1,2,M,105.126588
sortedness,0.58,0.57375,1,3,M,110.907421
sortedness,0.58,0.57375,1,1,H,103.074305
sortedness,0.58,0.57375,1,2,H,110.372576
sortedness,0.58,0.57375,1,3,H,109.121778
sortedness,0.58,0.57375,1,1,R,108.988069
sortedness,0.58,0.57375,1,2,R,107.912505
sortedness,0.58,0.57375,1,3,R,113.517278
sortedness,0.58,0.5765,2,1,I,116.845068
sortedness,0.58,0.5765,2,2,I,110.946224
sortedness,0.58,0.5765,2,3,I,115.867213
sortedness,0.58,0.5765,2,1,Q,107.856438
sortedness,0.58,0.5765,2,2,Q,115.719661
sortedness,0.58,0.5765,2,3,Q,111.39409
sortedness,0.58,0.5765,2,1,M,107.178656
sortedness,0.58,0.5765,2,2,M,111.167305
sortedness,0.58,0.5765,2,3,M,114.867436
sortedness,0.58,0.5765,2,1,H,110.272157
sortedness,0.58,0.5765,2,2,H,110.095918
sortedness,0.58,0.5765,2,3,H,112.803917
sortedness,0.58,0.5765,2,1,R,114.959847
sortedness,0.58,0.5765,2,2,R,112.153974
sortedness,0.58,0.5765,2,3,R,108.737689
sortedness,0.58,0.58925,3,1,I,114.368275
sortedness,0.58,0.58925,3,2,I,114.116918
sortedness,0.58,0.58925,3,3,I,109.872173
sortedness,0.58,0.58925,3,1,Q,107.953559
sortedness,0.58,0.58925,3,2,Q,111.985959
sortedness,0.58,0.58925,3,3,Q,108.550943
sortedness,0.58,0.58925,3,1,M,116.36246
sortedness,0.58,0.58925,3,2,M,107.116487
sortedness,0.58,0.58925,3,3,M,111.961541
sortedness,0.58,0.58925,3,1,H,108.914422
sortedness,0.58,0.58925,3,2,H,110.7742
sortedness,0.58,0.58925,3,3,H,113.976314
sortedness,0.58,0.58925,3,1,R,115.247099
sortedness,0.58,0.58925,3,2,R,109.731081
sortedness,0.58,0.58925,3,3,R,111.055174
sortedness,0.58,0.578,4,1,I,111.392417
sortedness,0.58,0.578,4,2,I,115.383682
sortedness,0.58,0.578,4,3,I,110.25206
sortedness,0.58,0.578,4,1,Q,103.321072
sortedness,0.58,0.578,4,2,Q,126.440061
sortedness,0.58,0.578,4,3,Q,110.618167
sortedness,0.58,0.578,4,1,M,119.018944
sortedness,0.58,0.578,4,2,M,109.194866
sortedness,0.58,0.578,4,3,M,113.692787
sortedness,0.58,0.578,4,1,H,123.678369
sortedness,0.58,0.578,4,2,H,109.726314
sortedness,0.58,0.578,4,3,H,114.518337
sortedness,0.58,0.578,4,1,R,117.655202
sortedness,0.58,0.578,4,2,R,114.599953
sortedness,0.58,0.578,4,3,R,117.568136
sortedness,0.58,0.5875,5,1,I,114.231206
sortedness,0.58,0.5875,5,2,I,114.701264
sortedness,0.58,0.5875,5,3,I,116.909305
sortedness,0.58,0.5875,5,1,Q,110.34561
sortedness,0.58,0.5875,5,2,Q,111.830467
sortedness,0.58,0.5875,5,3,Q,110.851723
sortedness,0.58,0.5875,5,1,M,117.46566
sortedness,0.58,0.5875,5,2,M,113.414116
sortedness,0.58,0.5875,5,3,M,114.170857
sortedness,0.58,0.5875,5,1,H,117.348628
sortedness,0.58,0.5875,5,2,H,110.054555
sortedness,0.58,0.5875,5,3,H,111.548077
sortedness,0.58,0.5875,5,1,R,106.935869
sortedness,0.58,0.5875,5,2,R,111.236844
sortedness,0.58,0.5875,5,3,R,108.069916
sortedness,0.58,0.5645,6,1,I,129.977526
sortedness,0.58,0.5645,6,2,I,114.556069
sortedness,0.58,0.5645,6,3,I,111.375817
sortedness,0.58,0.5645,6,1,Q,112.763593
sortedness,0.58,0.5645,6,2,Q,112.004342
sortedness,0.58,0.5645,6,3,Q,101.316843
sortedness,0.58,0.5645,6,1,M,111.881902
sortedness,0.58,0.5645,6,2,M,110.070203
sortedness,0.58,0.5645,6,3,M,109.841906
sortedness,0.58,0.5645,6,1,H,113.261872
sortedness,0.58,0.5645,6,2,H,114.926924
sortedness,0.58,0.5645,6,3,H,107.098075
sortedness,0.58,0.5645,6,1,R,113.021404
sortedness,0.58,0.5645,6,2,R,108.830959
sortedness,0.58,0.5645,6,3,R,110.973892
sortedness,0.58,0.5805,7,1,I,110.018549
sortedness,0.58,0.5805,7,2,I,111.056407
sortedness,0.58,0.5805,7,3,I,108.240479
sortedness,0.58,0.5805,7,1,Q,118.52144
sortedness,0.58,0.5805,7,2,Q,109.762011
sortedness,0.58,0.5805,7,3,Q,112.684022
sortedness,0.58,0.5805,7,1,M,110.443113
sortedness,0.58,0.5805,7,2,M,107.594751
sortedness,0.58,0.5805,7,3,M,100.527188
sortedness,0.58,0.5805,7,1,H,114.995702
sortedness,0.58,0.5805,7,2,H,107.567943
sortedness,0.58,0.5805,7,3,H,105.319033
sortedness,0.58,0.5805,7,1,R,120.447481
sortedness,0.58,0.5805,7,2,R,110.057362
sortedness,0.58,0.5805,7,3,R,108.766439
sortedness,0.58,0.57625,8,1,I,112.954888
sortedness,0.58,0.57625,8,2,I,111.0358
sortedness,0.58,0.57625,8,3,I,110.176961
sortedness,0.58,0.57625,8,1,Q,109.663811
sortedness,0.58,0.57625,8,2,Q,107.607256
sortedness,0.58,0.57625,8,3,Q,116.015009
sortedness,0.58,0.57625,8,1,M,116.466301
sortedness,0.58,0.57625,8,2,M,113.552866
sortedness,0.58,0.57625,8,3,M,111.602123
sortedness,0.58,0.57625,8,1,H,115.07713
sortedness,0.58,0.57625,8,2,H,109.409778
sortedness,0.58,0.57625,8,3,H,121.750923
sortedness,0.58,0.57625,8,1,R,121.55622
sortedness,0.58,0.57625,8,2,R,98.116796
sortedness,0.58,0.57625,8,3,R,114.398769
sortedness,0.59,0.5895,1,1,I,149.738676
sortedness,0.59,0.5895,1,2,I,112.249286
sortedness,0.59,0.5895,1,3,I,122.118969
sortedness,0.59,0.5895,1,1,Q,128.029375
sortedness,0.59,0.5895,1,2,Q,114.055987
sortedness,0.59,0.5895,1,3,Q,110.509836
sortedness,0.59,0.5895,1,1,M,111.130596
sortedness,0.59,0.5895,1,2,M,110.968475
sortedness,0.59,0.5895,1,3,M,114.544203
sortedness,0.59,0.5895,1,1,H,115.914984
sortedness,0.59,0.5895,1,2,H,114.200405
sortedness,0.59,0.5895,1,3,H,119.123334
sortedness,0.59,0.5895,1,1,R,115.639896
sortedness,0.59,0.5895,1,2,R,113.40204
sortedness,0.59,0.5895,1,3,R,116.561554
sortedness,0.59,0.58675,2,1,I,112.290203
sortedness,0.59,0.58675,2,2,I,112.018033
sortedness,0.59,0.58675,2,3,I,111.050528
sortedness,0.59,0.58675,2,1,Q,109.219396
sortedness,0.59,0.58675,2,2,Q,114.022066
sortedness,0.59,0.58675,2,3,Q,113.315995
sortedness,0.59,0.58675,2,1,M,112.127708
sortedness,0.59,0.58675,2,2,M,108.915975
sortedness,0.59,0.58675,2,3,M,108.385473
sortedness,0.59,0.58675,2,1,H,110.61069
sortedness,0.59,0.58675,2,2,H,113.382
sortedness,0.59,0.58675,2,3,H,112.418716
sortedness,0.59,0.58675,2,1,R,110.153691
sortedness,0.59,0.58675,2,2,R,102.839323
sortedness,0.59,0.58675,2,3,R,110.26554
sortedness,0.59,0.597,3,1,I,112.134581
sortedness,0.59,0.597,3,2,I,109.149918
sortedness,0.59,0.597,3,3,I,108.9211
sortedness,0.59,0.597,3,1,Q,111.293674
sortedness,0.59,0.597,3,2,Q,114.453647
sortedness,0.59,0.597,3,3,Q,109.98936
sortedness,0.59,0.597,3,1,M,112.487731
sortedness,0.59,0.597,3,2,M,118.497714
sortedness,0.59,0.597,3,3,M,110.670974
sortedness,0.59,0.597,3,1,H,112.206653
sortedness,0.59,0.597,3,2,H,120.871189
sortedness,0.59,0.597,3,3,H,110.066074
sortedness,0.59,0.597,3,1,R,114.53584
sortedness,0.59,0.597,3,2,R,134.666662
sortedness,0.59,0.597,3,3,R,113.716531
sortedness,0.59,0.5865,4,1,I,116.106596
sortedness,0.59,0.5865,4,2,I,112.061141
sortedness,0.59,0.5865,4,3,I,112.137091
sortedness,0.59,0.5865,4,1,Q,116.18413
sortedness,0.59,0.5865,4,2,Q,165.415809
sortedness,0.59,0.5865,4,3,Q,109.682645
sortedness,0.59,0.5865,4,1,M,108.614672
sortedness,0.59,0.5865,4,2,M,112.176312
sortedness,0.59,0.5865,4,3,M,111.631819
sortedness,0.59,0.5865,4,1,H,108.344813
sortedness,0.59,0.5865,4,2,H,103.706951
sortedness,0.59,0.5865,4,3,H,115.672833
sortedness,0.59,0.5865,4,1,R,102.309775
sortedness,0.59,0.5865,4,2,R,98.228899
sortedness,0.59,0.5865,4,3,R,111.328368
sortedness,0.59,0.57825,5,1,I,110.266635
sortedness,0.59,0.57825,5,2,I,111.799036
sortedness,0.59,0.57825,5,3,I,117.449947
sortedness,0.59,0.57825,5,1,Q,110.107
sortedness,0.59,0.57825,5,2,Q,110.112873
sortedness,0.59,0.57825,5,3,Q,112.577022
sortedness,0.59,0.57825,5,1,M,112.08658
sortedness,0.59,0.57825,5,2,M,110.621681
sortedness,0.59,0.57825,5,3,M,119.278263
sortedness,0.59,0.57825,5,1,H,110.788949
sortedness,0.59,0.57825,5,2,H,108.345011
sortedness,0.59,0.57825,5,3,H,107.366451
sortedness,0.59,0.57825,5,1,R,113.576822
sortedness,0.59,0.57825,5,2,R,109.177395
sortedness,0.59,0.57825,5,3,R,118.660667
sortedness,0.59,0.60125,6,1,I,112.09096
sortedness,0.59,0.60125,6,2,I,115.108151
sortedness,0.59,0.60125,6,3,I,112.29482
sortedness,0.59,0.60125,6,1,Q,112.798885
sortedness,0.59,0.60125,6,2,Q,111.734599
sortedness,0.59,0.60125,6,3,Q,116.407488
sortedness,0.59,0.60125,6,1,M,110.154018
sortedness,0.59,0.60125,6,2,M,111.48602
sortedness,0.59,0.60125,6,3,M,104.455381
sortedness,0.59,0.60125,6,1,H,114.233575
sortedness,0.59,0.60125,6,2,H,118.665802
sortedness,0.59,0.60125,6,3,H,119.436199
sortedness,0.59,0.60125,6,1,R,135.724093
sortedness,0.59,0.60125,6,2,R,107.346417
sortedness,0.59,0.60125,6,3,R,116.841082
sortedness,0.59,0.59425,7,1,I,121.252724
sortedness,0.59,0.59425,7,2,I,113.332296
sortedness,0.59,0.59425,7,3,I,111.313593
sortedness,0.59,0.59425,7,1,Q,112.179252
sortedness,0.59,0.59425,7,2,Q,112.58198
sortedness,0.59,0.59425,7,3,Q,112.988105
sortedness,0.59,0.59425,7,1,M,124.739448
sortedness,0.59,0.59425,7,2,M,115.451279
sortedness,0.59,0.59425,7,3,M,116.75786
sortedness,0.59,0.59425,7,1,H,116.269968
sortedness,0.59,0.59425,7,2,H,126.542909
sortedness,0.59,0.59425,7,3,H,126.120701
sortedness,0.59,0.59425,7,1,R,110.701033
sortedness,0.59,0.59425,7,2,R,114.59008
sortedness,0.59,0.59425,7,3,R,110.149523
sortedness,0.59,0.58025,8,1,I,114.190022
sortedness,0.59,0.58025,8,2,I,111.003825
sortedness,0.59,0.58025,8,3,I,118.151394
sortedness,0.59,0.58025,8,1,Q,116.784626
sortedness,0.59,0.58025,8,2,Q,109.019625
sortedness,0.59,0.58025,8,3,Q,116.228105
sortedness,0.59,0.58025,8,1,M,123.396156
sortedness,0.59,0.58025,8,2,M,113.927823
sortedness,0.59,0.58025,8,3,M,112.810157
sortedness,0.59,0.58025,8,1,H,108.278842
sortedness,0.59,0.58025,8,2,H,124.204675
sortedness,0.59,0.58025,8,3,H,119.413731
sortedness,0.59,0.58025,8,1,R,118.114006
sortedness,0.59,0.58025,8,2,R,115.632037
sortedness,0.59,0.58025,8,3,R,118.894842
sortedness,0.6,0.59975,1,1,I,110.35644
sortedness,0.6,0.59975,1,2,I,109.372937
sortedness,0.6,0.59975,1,3,I,113.140419
sortedness,0.6,0.59975,1,1,Q,113.69912
sortedness,0.6,0.59975,1,2,Q,117.948723
sortedness,0.6,0.59975,1,3,Q,112.691402
sortedness,0.6,0.59975,1,1,M,113.330653
sortedness,0.6,0.59975,1,2,M,118.719125
sortedness,0.6,0.59975,1,3,M,114.684025
sortedness,0.6,0.59975,1,1,H,121.099556
sortedness,0.6,0.59975,1,2,H,139.752011
sortedness,0.6,0.59975,1,3,H,117.966491
sortedness,0.6,0.59975,1,1,R,115.513959
sortedness,0.6,0.59975,1,2,R,123.740386
sortedness,0.6,0.59975,1,3,R,108.853138
sortedness,0.6,0.59725,2,1,I,122.100946
sortedness,0.6,0.59725,2,2,I,120.761951
sortedness,0.6,0.59725,2,3,I,128.094335
sortedness,0.6,0.59725,2,1,Q,129.788917
sortedness,0.6,0.59725,2,2,Q,114.531573
sortedness,0.6,0.59725,2,3,Q,113.534626
sortedness,0.6,0.59725,2,1,M,113.284798
sortedness,0.6,0.59725,2,2,M,117.99542
sortedness,0.6,0.59725,2,3,M,121.877511
sortedness,0.6,0.59725,2,1,H,119.703739
sortedness,0.6,0.59725,2,2,H,111.747189
sortedness,0.6,0.59725,2,3,H,120.836408
sortedness,0.6,0.59725,2,1,R,120.37778
sortedness,0.6,0.59725,2,2,R,120.396092
sortedness,0.6,0.59725,2,3,R,113.778817
sortedness,0.6,0.59625,3,1,I,121.584655
sortedness,0.6,0.59625,3,2,I,116.588911
sortedness,0.6,0.59625,3,3,I,115.706659
sortedness,0.6,0.59625,3,1,Q,114.91527
sortedness,0.6,0.59625,3,2,Q,114.158235
sortedness,0.6,0.59625,3,3,Q,120.616262
sortedness,0.6,0.59625,3,1,M,112.078087
sortedness,0.6,0.59625,3,2,M,109.188742
sortedness,0.6,0.59625,3,3,M,117.801436
sortedness,0.6,0.59625,3,1,H,133.743902
sortedness,0.6,0.59625,3,2,H,108.733681
sortedness,0.6,0.59625,3,3,H,114.926502
sortedness,0.6,0.59625,3,1,R,115.196251
sortedness,0.6,0.59625,3,2,R,141.151449
sortedness,0.6,0.59625,3,3,R,121.44062
sortedness,0.6,0.5955,4,1,I,115.997621
sortedness,0.6,0.5955,4,2,I,127.757391
sortedness,0.6,0.5955,4,3,I,116.898835
sortedness,0.6,0.5955,4,1,Q,117.962514
sortedness,0.6,0.5955,4,2,Q,111.963945
sortedness,0.6,0.5955,4,3,Q,115.032999
sortedness,0.6,0.5955,4,1,M,116.463294
sortedness,0.6,0.5955,4,2,M,129.480359
sortedness,0.6,0.5955,4,3,M,107.675356
sortedness,0.6,0.5955,4,1,H,120.915629
sortedness,0.6,0.5955,4,2,H,112.571496
sortedness,0.6,0.5955,4,3,H,107.830846
sortedness,0.6,0.5955,4,1,R,109.450734
sortedness,0.6,0.5955,4,2,R,109.670998
sortedness,0.6,0.5955,4,3,R,119.737236
sortedness,0.6,0.59925,5,1,I,120.692424
sortedness,0.6,0.59925,5,2,I,111.772252
sortedness,0.6,0.59925,5,3,I,113.212484
sortedness,0.6,0.59925,5,1,Q,111.249062
sortedness,0.6,0.59925,5,2,Q,118.322873
sortedness,0.6,0.59925,5,3,Q,109.831817
sortedness,0.6,0.59925,5,1,M,111.951504
sortedness,0.6,0.59925,5,2,M,109.726907
sortedness,0.6,0.59925,5,3,M,107.211139
sortedness,0.6,0.59925,5,1,H,111.024655
sortedness,0.6,0.59925,5,2,H,131.400456
sortedness,0.6,0.59925,5,3,H,120.701232
sortedness,0.6,0.59925,5,1,R,121.408278
sortedness,0.6,0.59925,5,2,R,119.320272
sortedness,0.6,0.59925,5,3,R,109.652022
sortedness,0.6,0.6115,6,1,I,110.064094
sortedness,0.6,0.6115,6,2,I,108.964629
sortedness,0.6,0.6115,6,3,I,120.051987
sortedness,0.6,0.6115,6,1,Q,119.095847
sortedness,0.6,0.6115,6,2,Q,113.331217
sortedness,0.6,0.6115,6,3,Q,118.988686
sortedness,0.6,0.6115,6,1,M,117.653939
sortedness,0.6,0.6115,6,2,M,112.033762
sortedness,0.6,0.6115,6,3,M,108.168407
sortedness,0.6,0.6115,6,1,H,110.640367
sortedness,0.6,0.6115,6,2,H,115.969513
sortedness,0.6,0.6115,6,3,H,148.183974
sortedness,0.6,0.6115,6,1,R,121.243948
sortedness,0.6,0.6115,6,2,R,111.948292
sortedness,0.6,0.6115,6,3,R,108.755372
sortedness,0.6,0.60975,7,1,I,106.698288
sortedness,0.6,0.60975,7,2,I,119.947348
sortedness,0.6,0.60975,7,3,I,106.802632
sortedness,0.6,0.60975,7,1,Q,117.341294
sortedness,0.6,0.60975,7,2,Q,109.761962
sortedness,0.6,0.60975,7,3,Q,130.115375
sortedness,0.6,0.60975,7,1,M,109.301491
sortedness,0.6,0.60975,7,2,M,108.295923
sortedness,0.6,0.60975,7,3,M,111.132748
sortedness,0.6,0.60975,7,1,H,106.688246
sortedness,0.6,0.60975,7,2,H,123.701445
sortedness,0.6,0.60975,7,3,H,113.830236
sortedness,0.6,0.60975,7,1,R,110.225655
sortedness,0.6,0.60975,7,2,R,109.799204
sortedness,0.6,0.60975,7,3,R,109.977565
sortedness,0.6,0.594,8,1,I,107.582816
sortedness,0.6,0.594,8,2,I,108.597637
sortedness,0.6,0.594,8,3,I,114.280056
sortedness,0.6,0.594,8,1,Q,109.983266
sortedness,0.6,0.594,8,2,Q,108.50199
sortedness,0.6,0.594,8,3,Q,109.113095
sortedness,0.6,0.594,8,1,M,108.855617
sortedness,0.6,0.594,8,2,M,109.453345
sortedness,0.6,0.594,8,3,M,111.686566
sortedness,0.6,0.594,8,1,H,108.152225
sortedness,0.6,0.594,8,2,H,115.197385
sortedness,0.6,0.594,8,3,H,111.682502
sortedness,0.6,0.594,8,1,R,108.568325
sortedness,0.6,0.594,8,2,R,109.33822
sortedness,0.6,0.594,8,3,R,110.705455
sortedness,0.61,0.61425,1,1,I,117.075146
sortedness,0.61,0.61425,1,2,I,113.91343
sortedness,0.61,0.61425,1,3,I,114.366423
sortedness,0.61,0.61425,1,1,Q,108.405613
sortedness,0.61,0.61425,1,2,Q,110.340087
sortedness,0.61,0.61425,1,3,Q,108.482292
sortedness,0.61,0.61425,1,1,M,108.141152
sortedness,0.61,0.61425,1,2,M,109.956595
sortedness,0.61,0.61425,1,3,M,110.550346
sortedness,0.61,0.61425,1,1,H,103.94913
sortedness,0.61,0.61425,1,2,H,113.167221
sortedness,0.61,0.61425,1,3,H,111.466878
sortedness,0.61,0.61425,1,1,R,101.646604
sortedness,0.61,0.61425,1,2,R,110.295335
sortedness,0.61,0.61425,1,3,R,100.325922
sortedness,0.61,0.607,2,1,I,109.495234
sortedness,0.61,0.607,2,2,I,111.286852
sortedness,0.61,0.607,2,3,I,118.89653
sortedness,0.61,0.607,2,1,Q,122.609944
sortedness,0.61,0.607,2,2,Q,114.092003
sortedness,0.61,0.607,2,3,Q,124.974503
sortedness,0.61,0.607,2,1,M,115.313033
sortedness,0.61,0.607,2,2,M,108.538519
sortedness,0.61,0.607,2,3,M,110.832023
sortedness,0.61,0.607,2,1,H,108.600462
sortedness,0.61,0.607,2,2,H,111.626539
sortedness,0.61,0.607,2,3,H,111.01766
sortedness,0.61,0.607,2,1,R,112.928741
sortedness,0.61,0.607,2,2,R,115.99625
sortedness,0.61,0.607,2,3,R,117.156527
sortedness,0.61,0.60725,3,1,I,113.509821
sortedness,0.61,0.60725,3,2,I,109.86101
sortedness,0.61,0.60725,3,3,I,96.98505
sortedness,0.61,0.60725,3,1,Q,110.533644
sortedness,0.61,0.60725,3,2,Q,111.581424
sortedness,0.61,0.60725,3,3,Q,114.78425
sortedness,0.61,0.60725,3,1,M,109.724263
sortedness,0.61,0.60725,3,2,M,110.371688
sortedness,0.61,0.60725,3,3,M,111.939576
sortedness,0.61,0.60725,3,1,H,112.149751
sortedness,0.61,0.60725,3,2,H,111.08246
sortedness,0.61,0.60725,3,3,H,120.871468
sortedness,0.61,0.60725,3,1,R,109.704063
sortedness,0.61,0.60725,3,2,R,113.971568
sortedness,0.61,0.60725,3,3,R,111.660727
sortedness,0.61,0.615,4,1,I,108.965528
sortedness,0.61,0.615,4,2,I,111.530823
sortedness,0.61,0.615,4,3,I,110.276324
sortedness,0.61,0.615,4,1,Q,113.448653
sortedness,0.61,0.615,4,2,Q,111.777874
sortedness,0.61,0.615,4,3,Q,111.463075
sortedness,0.61,0.615,4,1,M,114.008979
sortedness,0.61,0.615,4,2,M,116.307337
sortedness,0.61,0.615,4,3,M,113.902449
sortedness,0.61,0.615,4,1,H,116.622817
sortedness,0.61,0.615,4,2,H,111.38438
sortedness,0.61,0.615,4,3,H,112.226993
sortedness,0.61,0.615,4,1,R,109.506935
sortedness,0.61,0.615,4,2,R,110.473515
sortedness,0.61,0.615,4,3,R,112.466356
sortedness,0.61,0.61425,5,1,I,109.771561
sortedness,0.61,0.61425,5,2,I,110.353296
sortedness,0.61,0.61425,5,3,I,108.199288
sortedness,0.61,0.61425,5,1,Q,109.874064
sortedness,0.61,0.61425,5,2,Q,125.364056
sortedness,0.61,0.61425,5,3,Q,107.275151
sortedness,0.61,0.61425,5,1,M,106.041846
sortedness,0.61,0.61425,5,2,M,107.837838
sortedness,0.61,0.61425,5,3,M,108.54069
sortedness,0.61,0.61425,5,1,H,109.775097
sortedness,0.61,0.61425,5,2,H,115.658452
sortedness,0.61,0.61425,5,3,H,126.520776
sortedness,0.61,0.61425,5,1,R,115.076201
sortedness,0.61,0.61425,5,2,R,115.3046
sortedness,0.61,0.61425,5,3,R,113.01728
sortedness,0.61,0.60475,6,1,I,111.711084
sortedness,0.61,0.60475,6,2,I,110.857807
sortedness,0.61,0.60475,6,3,I,112.941073
sortedness,0.61,0.60475,6,1,Q,111.936078
sortedness,0.61,0.60475,6,2,Q,112.099268
sortedness,0.61,0.60475,6,3,Q,99.965653
sortedness,0.61,0.60475,6,1,M,116.624873
sortedness,0.61,0.60475,6,2,M,114.024348
sortedness,0.61,0.60475,6,3,M,109.355283
sortedness,0.61,0.60475,6,1,H,109.70533
sortedness,0.61,0.60475,6,2,H,109.731984
sortedness,0.61,0.60475,6,3,H,101.845857
sortedness,0.61,0.60475,6,1,R,111.938764
sortedness,0.61,0.60475,6,2,R,131.046056
sortedness,0.61,0.60475,6,3,R,107.442601
sortedness,0.61,0.6115,7,1,I,136.032543
sortedness,0.61,0.6115,7,2,I,115.700136
sortedness,0.61,0.6115,7,3,I,120.331969
sortedness,0.61,0.6115,7,1,Q,111.802872
sortedness,0.61,0.6115,7,2,Q,114.431876
sortedness,0.61,0.6115,7,3,Q,114.769822
sortedness,0.61,0.6115,7,1,M,111.075534
sortedness,0.61,0.6115,7,2,M,120.290412
sortedness,0.61,0.6115,7,3,M,118.18478
sortedness,0.61,0.6115,7,1,H,121.766609
sortedness,0.61,0.6115,7,2,H,115.174638
sortedness,0.61,0.6115,7,3,H,114.566552
sortedness,0.61,0.6115,7,1,R,108.962873
sortedness,0.61,0.6115,7,2,R,113.5656
sortedness,0.61,0.6115,7,3,R,115.230456
sortedness,0.61,0.59925,8,1,I,111.340701
sortedness,0.61,0.59925,8,2,I,112.959391
sortedness,0.61,0.59925,8,3,I,111.540226
sortedness,0.61,0.59925,8,1,Q,135.799766
sortedness,0.61,0.59925,8,2,Q,115.038404
sortedness,0.61,0.59925,8,3,Q,111.516585
sortedness,0.61,0.59925,8,1,M,113.515654
sortedness,0.61,0.59925,8,2,M,110.213144
sortedness,0.61,0.59925,8,3,M,116.674935
sortedness,0.61,0.59925,8,1,H,128.198034
sortedness,0.61,0.59925,8,2,H,117.343226
sortedness,0.61,0.59925,8,3,H,103.760628
sortedness,0.61,0.59925,8,1,R,113.049171
sortedness,0.61,0.59925,8,2,R,120.280243
sortedness,0.61,0.59925,8,3,R,112.829057
sortedness,0.62,0.6185,1,1,I,115.658964
sortedness,0.62,0.6185,1,2,I,121.228971
sortedness,0.62,0.6185,1,3,I,110.922343
sortedness,0.62,0.6185,1,1,Q,132.924399
sortedness,0.62,0.6185,1,2,Q,113.319713
sortedness,0.62,0.6185,1,3,Q,127.20676
sortedness,0.62,0.6185,1,1,M,118.596784
sortedness,0.62,0.6185,1,2,M,99.475502
sortedness,0.62,0.6185,1,3,M,109.789938
sortedness,0.62,0.6185,1,1,H,110.752496
sortedness,0.62,0.6185,1,2,H,110.670767
sortedness,0.62,0.6185,1,3,H,124.845182
sortedness,0.62,0.6185,1,1,R,100.87375
sortedness,0.62,0.6185,1,2,R,134.257074
sortedness,0.62,0.6185,1,3,R,127.439574
sortedness,0.62,0.6165,2,1,I,131.105227
sortedness,0.62,0.6165,2,2,I,118.146183
sortedness,0.62,0.6165,2,3,I,129.488618
sortedness,0.62,0.6165,2,1,Q,116.311249
sortedness,0.62,0.6165,2,2,Q,122.071866
sortedness,0.62,0.6165,2,3,Q,115.162225
sortedness,0.62,0.6165,2,1,M,119.920444
sortedness,0.62,0.6165,2,2,M,114.441063
sortedness,0.62,0.6165,2,3,M,110.371091
sortedness,0.62,0.6165,2,1,H,110.913833
sortedness,0.62,0.6165,2,2,H,111.474142
sortedness,0.62,0.6165,2,3,H,110.542647
sortedness,0.62,0.6165,2,1,R,115.264883
sortedness,0.62,0.6165,2,2,R,107.604177
sortedness,0.62,0.6165,2,3,R,123.758127
sortedness,0.62,0.62425,3,1,I,119.791628
sortedness,0.62,0.62425,3,2,I,168.877728
sortedness,0.62,0.62425,3,3,I,140.525019
sortedness,0.62,0.62425,3,1,Q,109.516406
sortedness,0.62,0.62425,3,2,Q,113.70133
sortedness,0.62,0.62425,3,3,Q,119.577476
sortedness,0.62,0.62425,3,1,M,108.714011
sortedness,0.62,0.62425,3,2,M,108.249695
sortedness,0.62,0.62425,3,3,M,108.030114
sortedness,0.62,0.62425,3,1,H,125.588669
sortedness,0.62,0.62425,3,2,H,121.947914
sortedness,0.62,0.62425,3,3,H,120.735665
sortedness,0.62,0.62425,3,1,R,109.506022
sortedness,0.62,0.62425,3,2,R,121.586741
sortedness,0.62,0.62425,3,3,R,120.746716
sortedness,0.62,0.6125,4,1,I,117.715103
sortedness,0.62,0.6125,4,2,I,121.965402
sortedness,0.62,0.6125,4,3,I,113.310571
sortedness,0.62,0.6125,4,1,Q,116.458928
sortedness,0.62,0.6125,4,2,Q,109.194806
sortedness,0.62,0.6125,4,3,Q,113.537992
sortedness,0.62,0.6125,4,1,M,101.198863
sortedness,0.62,0.6125,4,2,M,116.222685
sortedness,0.62,0.6125,4,3,M,114.896947
sortedness,0.62,0.6125,4,1,H,114.109044
sortedness,0.62,0.6125,4,2,H,120.598195
sortedness,0.62,0.6125,4,3,H,113.57371
sortedness,0.62,0.6125,4,1,R,112.828142
sortedness,0.62,0.6125,4,2,R,115.69111
sortedness,0.62,0.6125,4,3,R,114.683855
sortedness,0.62,0.624,5,1,I,122.411945
sortedness,0.62,0.624,5,2,I,122.44085
sortedness,0.62,0.624,5,3,I,120.768265
sortedness,0.62,0.624,5,1,Q,138.383916
sortedness,0.62,0.624,5,2,Q,109.747891
sortedness,0.62,0.624,5,3,Q,112.986305
sortedness,0.62,0.624,5,1,M,112.188838
sortedness,0.62,0.624,5,2,M,121.366679
sortedness,0.62,0.624,5,3,M,113.681063
sortedness,0.62,0.624,5,1,H,113.672655
sortedness,0.62,0.624,5,2,H,114.187309
sortedness,0.62,0.624,5,3,H,115.193836
sortedness,0.62,0.624,5,1,R,114.443642
sortedness,0.62,0.624,5,2,R,127.85932
sortedness,0.62,0.624,5,3,R,111.467931
sortedness,0.62,0.60325,6,1,I,112.841893
sortedness,0.62,0.60325,6,2,I,99.578767
sortedness,0.62,0.60325,6,3,I,118.175487
sortedness,0.62,0.60325,6,1,Q,117.708994
sortedness,0.62,0.60325,6,2,Q,115.702428
sortedness,0.62,0.60325,6,3,Q,116.289332
sortedness,0.62,0.60325,6,1,M,121.941972
sortedness,0.62,0.60325,6,2,M,113.442965
sortedness,0.62,0.60325,6,3,M,107.035325
sortedness,0.62,0.60325,6,1,H,126.357065
sortedness,0.62,0.60325,6,2,H,117.137265
sortedness,0.62,0.60325,6,3,H,116.02947
sortedness,0.62,0.60325,6,1,R,111.985283
sortedness,0.62,0.60325,6,2,R,116.816618
sortedness,0.62,0.60325,6,3,R,120.702018
sortedness,0.62,0.6245,7,1,I,111.110213
sortedness,0.62,0.6245,7,2,I,124.068378
sortedness,0.62,0.6245,7,3,I,119.881773
sortedness,0.62,0.6245,7,1,Q,115.780346
sortedness,0.62,0.6245,7,2,Q,112.685796
sortedness,0.62,0.6245,7,3,Q,113.66473
sortedness,0.62,0.6245,7,1,M,109.820662
sortedness,0.62,0.6245,7,2,M,115.29888
sortedness,0.62,0.6245,7,3,M,109.103734
sortedness,0.62,0.6245,7,1,H,110.721396
sortedness,0.62,0.6245,7,2,H,110.620527
sortedness,0.62,0.6245,7,3,H,116.36008
sortedness,0.62,0.6245,7,1,R,110.804383
sortedness,0.62,0.6245,7,2,R,112.45076
sortedness,0.62,0.6245,7,3,R,109.603474
sortedness,0.62,0.63625,8,1,I,121.397721
sortedness,0.62,0.63625,8,2,I,119.470327
sortedness,0.62,0.63625,8,3,I,115.995068
sortedness,0.62,0.63625,8,1,Q,110.874146
sortedness,0.62,0.63625,8,2,Q,113.931132
sortedness,0.62,0.63625,8,3,Q,112.344391
sortedness,0.62,0.63625,8,1,M,120.45515
sortedness,0.62,0.63625,8,2,M,113.589778
sortedness,0.62,0.63625,8,3,M,123.085267
sortedness,0.62,0.63625,8,1,H,115.057032
sortedness,0.62,0.63625,8,2,H,128.495041
sortedness,0.62,0.63625,8,3,H,119.258758
sortedness,0.62,0.63625,8,1,R,112.521497
sortedness,0.62,0.63625,8,2,R,111.058841
sortedness,0.62,0.63625,8,3,R,110.804621
sortedness,0.62,0.61875,9,1,I,112.738526
sortedness,0.62,0.61875,9,2,I,111.207469
sortedness,0.62,0.61875,9,3,I,114.514319
sortedness,0.62,0.61875,9,1,Q,114.878559
sortedness,0.62,0.61875,9,2,Q,113.343907
sortedness,0.62,0.61875,9,3,Q,109.172502
sortedness,0.62,0.61875,9,1,M,111.715046
sortedness,0.62,0.61875,9,2,M,114.645009
sortedness,0.62,0.61875,9,3,M,109.300151
sortedness,0.62,0.61875,9,1,H,110.549164
sortedness,0.62,0.61875,9,2,H,110.424129
sortedness,0.62,0.61875,9,3,H,118.543924
sortedness,0.62,0.61875,9,1,R,98.8819
sortedness,0.62,0.61875,9,2,R,110.09488
sortedness,0.62,0.61875,9,3,R,113.364552
sortedness,0.62,0.62325,10,1,I,111.800487
sortedness,0.62,0.62325,10,2,I,110.078397
sortedness,0.62,0.62325,10,3,I,113.515425
sortedness,0.62,0.62325,10,1,Q,113.733727
sortedness,0.62,0.62325,10,2,Q,116.113694
sortedness,0.62,0.62325,10,3,Q,111.64605
sortedness,0.62,0.62325,10,1,M,112.033047
sortedness,0.62,0.62325,10,2,M,118.191432
sortedness,0.62,0.62325,10,3,M,108.420988
sortedness,0.62,0.62325,10,1,H,101.204231
sortedness,0.62,0.62325,10,2,H,108.491269
sortedness,0.62,0.62325,10,3,H,114.235651
sortedness,0.62,0.62325,10,1,R,109.620774
sortedness,0.62,0.62325,10,2,R,107.744643
sortedness,0.62,0.62325,10,3,R,136.26854
sortedness,0.63,0.6295,1,1,I,113.247444
sortedness,0.63,0.6295,1,2,I,112.290692
sortedness,0.63,0.6295,1,3,I,116.875883
sortedness,0.63,0.6295,1,1,Q,113.787522
sortedness,0.63,0.6295,1,2,Q,98.630867
sortedness,0.63,0.6295,1,3,Q,120.576127
sortedness,0.63,0.6295,1,1,M,116.399932
sortedness,0.63,0.6295,1,2,M,117.871792
sortedness,0.63,0.6295,1,3,M,117.522332
sortedness,0.63,0.6295,1,1,H,125.053485
sortedness,0.63,0.6295,1,2,H,119.477622
sortedness,0.63,0.6295,1,3,H,115.400321
sortedness,0.63,0.6295,1,1,R,116.664908
sortedness,0.63,0.6295,1,2,R,114.219212
sortedness,0.63,0.6295,1,3,R,113.45848
sortedness,0.63,0.63175,2,1,I,112.963126
sortedness,0.63,0.63175,2,2,I,105.931396
sortedness,0.63,0.63175,2,3,I,103.259404
sortedness,0.63,0.63175,2,1,Q,111.3847
sortedness,0.63,0.63175,2,2,Q,114.062049
sortedness,0.63,0.63175,2,3,Q,112.742871
sortedness,0.63,0.63175,2,1,M,114.224802
sortedness,0.63,0.63175,2,2,M,112.238862
sortedness,0.63,0.63175,2,3,M,111.592135
sortedness,0.63,0.63175,2,1,H,116.180434
sortedness,0.63,0.63175,2,2,H,112.535982
sortedness,0.63,0.63175,2,3,H,114.918189
sortedness,0.63,0.63175,2,1,R,117.229226
sortedness,0.63,0.63175,2,2,R,109.941668
sortedness,0.63,0.63175,2,3,R,115.98816
sortedness,0.63,0.62775,3,1,I,109.529359
sortedness,0.63,0.62775,3,2,I,113.543535
sortedness,0.63,0.62775,3,3,I,111.786861
sortedness,0.63,0.62775,3,1,Q,113.251328
sortedness,0.63,0.62775,3,2,Q,101.540213
sortedness,0.63,0.62775,3,3,Q,109.175669
sortedness,0.63,0.62775,3,1,M,108.723623
sortedness,0.63,0.62775,3,2,M,117.004688
sortedness,0.63,0.62775,3,3,M,111.836817
sortedness,0.63,0.62775,3,1,H,117.365279
sortedness,0.63,0.62775,3,2,H,108.766447
sortedness,0.63,0.62775,3,3,H,110.489561
sortedness,0.63,0.62775,3,1,R,113.149075
sortedness,0.63,0.62775,3,2,R,119.960076
sortedness,0.63,0.62775,3,3,R,112.041485
sortedness,0.63,0.6185,4,1,I,112.135827
sortedness,0.63,0.6185,4,2,I,111.251845
sortedness,0.63,0.6185,4,3,I,109.801078
sortedness,0.63,0.6185,4,1,Q,114.358223
sortedness,0.63,0.6185,4,2,Q,109.321042
sortedness,0.63,0.6185,4,3,Q,115.730179
sortedness,0.63,0.6185,4,1,M,116.652271
sortedness,0.63,0.6185,4,2,M,110.900862
sortedness,0.63,0.6185,4,3,M,121.540686
sortedness,0.63,0.6185,4,1,H,113.437871
sortedness,0.63,0.6185,4,2,H,109.83688
sortedness,0.63,0.6185,4,3,H,110.60944
sortedness,0.63,0.6185,4,1,R,117.110754
sortedness,0.63,0.6185,4,2,R,113.673984
sortedness,0.63,0.6185,4,3,R,109.23902
sortedness,0.63,0.6305,5,1,I,111.624976
sortedness,0.63,0.6305,5,2,I,114.661287
sortedness,0.63,0.6305,5,3,I,120.949354
sortedness,0.63,0.6305,5,1,Q,110.125142
sortedness,0.63,0.6305,5,2,Q,111.455715
sortedness,0.63,0.6305,5,3,Q,116.668821
sortedness,0.63,0.6305,5,1,M,111.931665
sortedness,0.63,0.6305,5,2,M,117.126298
sortedness,0.63,0.6305,5,3,M,120.231532
sortedness,0.63,0.6305,5,1,H,111.334663
sortedness,0.63,0.6305,5,2,H,113.447832
sortedness,0.63,0.6305,5,3,H,113.299249
sortedness,0.63,0.6305,5,1,R,115.730999
sortedness,0.63,0.6305,5,2,R,114.213076
sortedness,0.63,0.6305,5,3,R,107.883526
sortedness,0.63,0.62475,6,1,I,117.27033
sortedness,0.63,0.62475,6,2,I,110.243521
sortedness,0.63,0.62475,6,3,I,112.187986
sortedness,0.63,0.62475,6,1,Q,114.998118
sortedness,0.63,0.62475,6,2,Q,109.639101
sortedness,0.63,0.62475,6,3,Q,112.579937
sortedness,0.63,0.62475,6,1,M,111.75693
sortedness,0.63,0.62475,6,2,M,110.121083
sortedness,0.63,0.62475,6,3,M,113.385632
sortedness,0.63,0.62475,6,1,H,110.228751
sortedness,0.63,0.62475,6,2,H,112.87891
sortedness,0.63,0.62475,6,3,H,116.306835
sortedness,0.63,0.62475,6,1,R,111.674724
sortedness,0.63,0.62475,6,2,R,112.110274
sortedness,0.63,0.62475,6,3,R,112.545306
sortedness,0.63,0.6295,7,1,I,98.71067
sortedness,0.63,0.6295,7,2,I,116.907457
sortedness,0.63,0.6295,7,3,I,112.805331
sortedness,0.63,0.6295,7,1,Q,110.131694
sortedness,0.63,0.6295,7,2,Q,98.129612
sortedness,0.63,0.6295,7,3,Q,116.293104
sortedness,0.63,0.6295,7,1,M,113.553657
sortedness,0.63,0.6295,7,2,M,121.805468
sortedness,0.63,0.6295,7,3,M,112.031467
sortedness,0.63,0.6295,7,1,H,114.189568
sortedness,0.63,0.6295,7,2,H,108.36407
sortedness,0.63,0.6295,7,3,H,130.120642
sortedness,0.63,0.6295,7,1,R,114.852165
sortedness,0.63,0.6295,7,2,R,123.00308
sortedness,0.63,0.6295,7,3,R,114.506203
sortedness,0.63,0.6315,8,1,I,120.22989
sortedness,0.63,0.6315,8,2,I,111.61455
sortedness,0.63,0.6315,8,3,I,114.735259
sortedness,0.63,0.6315,8,1,Q,109.725809
sortedness,0.63,0.6315,8,2,Q,110.375375
sortedness,0.63,0.6315,8,3,Q,117.48217
sortedness,0.63,0.6315,8,1,M,117.758453
sortedness,0.63,0.6315,8,2,M,108.750388
sortedness,0.63,0.6315,8,3,M,112.275774
sortedness,0.63,0.6315,8,1,H,121.795583
sortedness,0.63,0.6315,8,2,H,114.97334
sortedness,0.63,0.6315,8,3,H,110.855919
sortedness,0.63,0.6315,8,1,R,116.089901
sortedness,0.63,0.6315,8,2,R,113.314233
sortedness,0.63,0.6315,8,3,R,111.723009
sortedness,0.64,0.63525,1,1,I,109.381231
sortedness,0.64,0.63525,1,2,I,103.88709
sortedness,0.64,0.63525,1,3,I,117.034317
sortedness,0.64,0.63525,1,1,Q,120.062811
sortedness,0.64,0.63525,1,2,Q,114.543939
sortedness,0.64,0.63525,1,3,Q,110.988308
sortedness,0.64,0.63525,1,1,M,112.290289
sortedness,0.64,0.63525,1,2,M,114.433822
sortedness,0.64,0.63525,1,3,M,111.216567
sortedness,0.64,0.63525,1,1,H,111.55275
sortedness,0.64,0.63525,1,2,H,113.507715
sortedness,0.64,0.63525,1,3,H,114.292731
sortedness,0.64,0.63525,1,1,R,124.78115
sortedness,0.64,0.63525,1,2,R,128.487613
sortedness,0.64,0.63525,1,3,R,126.309288
sortedness,0.64,0.637,2,1,I,120.947479
sortedness,0.64,0.637,2,2,I,124.833677
sortedness,0.64,0.637,2,3,I,119.167314
sortedness,0.64,0.637,2,1,Q,112.59924
sortedness,0.64,0.637,2,2,Q,113.390502
sortedness,0.64,0.637,2,3,Q,116.448218
sortedness,0.64,0.637,2,1,M,120.481547
sortedness,0.64,0.637,2,2,M,112.062294
sortedness,0.64,0.637,2,3,M,117.092489
sortedness,0.64,0.637,2,1,H,110.968738
sortedness,0.64,0.637,2,2,H,110.689697
sortedness,0.64,0.637,2,3,H,115.79287
sortedness,0.64,0.637,2,1,R,118.581867
sortedness,0.64,0.637,2,2,R,109.726857
sortedness,0.64,0.637,2,3,R,110.493063
sortedness,0.64,0.648,3,1,I,122.737734
sortedness,0.64,0.648,3,2,I,110.144471
sortedness,0.64,0.648,3,3,I,119.148184
sortedness,0.64,0.648,3,1,Q,111.361659
sortedness,0.64,0.648,3,2,Q,109.140242
sortedness,0.64,0.648,3,3,Q,115.677748
sortedness,0.64,0.648,3,1,M,108.308584
sortedness,0.64,0.648,3,2,M,109.94565
sortedness,0.64,0.648,3,3,M,105.541862
sortedness,0.64,0.648,3,1,H,111.587541
sortedness,0.64,0.648,3,2,H,109.065922
sortedness,0.64,0.648,3,3,H,116.624803
sortedness,0.64,0.648,3,1,R,109.294317
sortedness,0.64,0.648,3,2,R,113.507532
sortedness,0.64,0.648,3,3,R,111.091653
sortedness,0.64,0.639,4,1,I,108.027605
sortedness,0.64,0.639,4,2,I,113.974434
sortedness,0.64,0.639,4,3,I,114.078124
sortedness,0.64,0.639,4,1,Q,109.448195
sortedness,0.64,0.639,4,2,Q,106.925037
sortedness,0.64,0.639,4,3,Q,110.078626
sortedness,0.64,0.639,4,1,M,110.149327
sortedness,0.64,0.639,4,2,M,115.145462
sortedness,0.64,0.639,4,3,M,118.941974
sortedness,0.64,0.639,4,1,H,111.428214
sortedness,0.64,0.639,4,2,H,109.426661
sortedness,0.64,0.639,4,3,H,99.749117
sortedness,0.64,0.639,4,1,R,113.144073
sortedness,0.64,0.639,4,2,R,106.752989
sortedness,0.64,0.639,4,3,R,114.201888
sortedness,0.64,0.65225,5,1,I,114.397524
sortedness,0.64,0.65225,5,2,I,113.106028
sortedness,0.64,0.65225,5,3,I,112.602113
sortedness,0.64,0.65225,5,1,Q,125.82935
sortedness,0.64,0.65225,5,2,Q,121.506778
sortedness,0.64,0.65225,5,3,Q,113.257527
sortedness,0.64,0.65225,5,1,M,113.009199
sortedness,0.64,0.65225,5,2,M,110.668717
sortedness,0.64,0.65225,5,3,M,108.583862
sortedness,0.64,0.65225,5,1,H,107.979892
sortedness,0.64,0.65225,5,2,H,100.03754
sortedness,0.64,0.65225,5,3,H,109.63408
sortedness,0.64,0.65225,5,1,R,113.419649
sortedness,0.64,0.65225,5,2,R,109.549891
sortedness,0.64,0.65225,5,3,R,110.591184
sortedness,0.64,0.6255,6,1,I,112.431515
sortedness,0.64,0.6255,6,2,I,111.865282
sortedness,0.64,0.6255,6,3,I,111.738368
sortedness,0.64,0.6255,6,1,Q,111.91034
sortedness,0.64,0.6255,6,2,Q,101.514303
sortedness,0.64,0.6255,6,3,Q,110.404581
sortedness,0.64,0.6255,6,1,M,114.914589
sortedness,0.64,0.6255,6,2,M,115.036022
sortedness,0.64,0.6255,6,3,M,102.201397
sortedness,0.64,0.6255,6,1,H,108.3273
sortedness,0.64,0.6255,6,2,H,120.796585
sortedness,0.64,0.6255,6,3,H,108.424333
sortedness,0.64,0.6255,6,1,R,117.857645
sortedness,0.64,0.6255,6,2,R,112.100314
sortedness,0.64,0.6255,6,3,R,110.984936
sortedness,0.64,0.64725,7,1,I,107.735257
sortedness,0.64,0.64725,7,2,I,108.122199
sortedness,0.64,0.64725,7,3,I,111.129809
sortedness,0.64,0.64725,7,1,Q,111.694616
sortedness,0.64,0.64725,7,2,Q,111.823296
sortedness,0.64,0.64725,7,3,Q,106.922068
sortedness,0.64,0.64725,7,1,M,110.36727
sortedness,0.64,0.64725,7,2,M,116.32589
sortedness,0.64,0.64725,7,3,M,111.433471
sortedness,0.64,0.64725,7,1,H,114.200289
sortedness,0.64,0.64725,7,2,H,113.903553
sortedness,0.64,0.64725,7,3,H,109.4115
sortedness,0.64,0.64725,7,1,R,108.935161
sortedness,0.64,0.64725,7,2,R,113.290393
sortedness,0.64,0.64725,7,3,R,108.138168
sortedness,0.64,0.62875,8,1,I,109.253167
sortedness,0.64,0.62875,8,2,I,113.690523
sortedness,0.64,0.62875,8,3,I,112.420022
sortedness,0.64,0.62875,8,1,Q,115.240864
sortedness,0.64,0.62875,8,2,Q,115.436697
sortedness,0.64,0.62875,8,3,Q,106.41102
sortedness,0.64,0.62875,8,1,M,110.011811
sortedness,0.64,0.62875,8,2,M,115.958698
sortedness,0.64,0.62875,8,3,M,109.776483
sortedness,0.64,0.62875,8,1,H,106.719625
sortedness,0.64,0.62875,8,2,H,114.620713
sortedness,0.64,0.62875,8,3,H,110.471729
sortedness,0.64,0.62875,8,1,R,100.2908
sortedness,0.64,0.62875,8,2,R,110.471064
sortedness,0.64,0.62875,8,3,R,106.531206
sortedness,0.65,0.63125,1,1,I,110.874951
sortedness,0.65,0.63125,1,2,I,111.377057
sortedness,0.65,0.63125,1,3,I,108.314916
sortedness,0.65,0.63125,1,1,Q,99.843877
sortedness,0.65,0.63125,1,2,Q,108.714577
sortedness,0.65,0.63125,1,3,Q,117.690897
sortedness,0.65,0.63125,1,1,M,112.746743
sortedness,0.65,0.63125,1,2,M,109.28221
sortedness,0.65,0.63125,1,3,M,107.806298
sortedness,0.65,0.63125,1,1,H,114.570153
sortedness,0.65,0.63125,1,2,H,111.85082
sortedness,0.65,0.63125,1,3,H,117.852173
sortedness,0.65,0.63125,1,1,R,110.365592
sortedness,0.65,0.63125,1,2,R,115.263998
sortedness,0.65,0.63125,1,3,R,109.797793
sortedness,0.65,0.64675,2,1,I,114.057689
sortedness,0.65,0.64675,2,2,I,113.107021
sortedness,0.65,0.64675,2,3,I,107.17656
sortedness,0.65,0.64675,2,1,Q,110.620197
sortedness,0.65,0.64675,2,2,Q,111.865317
sortedness,0.65,0.64675,2,3,Q,115.491533
sortedness,0.65,0.64675,2,1,M,110.079537
sortedness,0.65,0.64675,2,2,M,116.158578
sortedness,0.65,0.64675,2,3,M,114.584476
sortedness,0.65,0.64675,2,1,H,116.355255
sortedness,0.65,0.64675,2,2,H,111.508059
sortedness,0.65,0.64675,2,3,H,111.240494
sortedness,0.65,0.64675,2,1,R,111.545101
sortedness,0.65,0.64675,2,2,R,109.459758
sortedness,0.65,0.64675,2,3,R,109.86344
sortedness,0.65,0.6535,3,1,I,100.526918
sortedness,0.65,0.6535,3,2,I,111.171808
sortedness,0.65,0.6535,3,3,I,111.721632
sortedness,0.65,0.6535,3,1,Q,114.358641
sortedness,0.65,0.6535,3,2,Q,128.115483
sortedness,0.65,0.6535,3,3,Q,112.452668
sortedness,0.65,0.6535,3,1,M,118.521892
sortedness,0.65,0.6535,3,2,M,109.916891
sortedness,0.65,0.6535,3,3,M,108.175816
sortedness,0.65,0.6535,3,1,H,113.691062
sortedness,0.65,0.6535,3,2,H,118.16451
sortedness,0.65,0.6535,3,3,H,111.089545
sortedness,0.65,0.6535,3,1,R,112.49312
sortedness,0.65,0.6535,3,2,R,116.136987
sortedness,0.65,0.6535,3,3,R,103.104934
sortedness,0.65,0.6485,4,1,I,111.500596
sortedness,0.65,0.6485,4,2,I,111.827511
sortedness,0.65,0.6485,4,3,I,110.330031
sortedness,0.65,0.6485,4,1,Q,107.368353
sortedness,0.65,0.6485,4,2,Q,112.443011
sortedness,0.65,0.6485,4,3,Q,114.109486
sortedness,0.65,0.6485,4,1,M,109.971388
sortedness,0.65,0.6485,4,2,M,111.622982
sortedness,0.65,0.6485,4,3,M,109.159587
sortedness,0.65,0.6485,4,1,H,110.031705
sortedness,0.65,0.6485,4,2,H,114.626337
sortedness,0.65,0.6485,4,3,H,110.569596
sortedness,0.65,0.6485,4,1,R,112.890883
sortedness,0.65,0.6485,4,2,R,112.785305
sortedness,0.65,0.6485,4,3,R,121.995353
sortedness,0.65,0.6415,5,1,I,108.578784
sortedness,0.65,0.6415,5,2,I,111.496201
sortedness,0.65,0.6415,5,3,I,109.740158
sortedness,0.65,0.6415,5,1,Q,108.456799
sortedness,0.65,0.6415,5,2,Q,108.548684
sortedness,0.65,0.6415,5,3,Q,111.951095
sortedness,0.65,0.6415,5,1,M,111.586441
sortedness,0.65,0.6415,5,2,M,110.971749
sortedness,0.65,0.6415,5,3,M,118.836955
sortedness,0.65,0.6415,5,1,H,110.213875
sortedness,0.65,0.6415,5,2,H,107.76771
sortedness,0.65,0.6415,5,3,H,113.862472
sortedness,0.65,0.6415,5,1,R,110.161166
sortedness,0.65,0.6415,5,2,R,108.80275
sortedness,0.65,0.6415,5,3,R,111.211625
sortedness,0.65,0.6445,6,1,I,109.772583
sortedness,0.65,0.6445,6,2,I,114.638439
sortedness,0.65,0.6445,6,3,I,100.938335
sortedness,0.65,0.6445,6,1,Q,108.155617
sortedness,0.65,0.6445,6,2,Q,120.556536
sortedness,0.65,0.6445,6,3,Q,111.012194
sortedness,0.65,0.6445,6,1,M,111.655585
sortedness,0.65,0.6445,6,2,M,109.575327
sortedness,0.65,0.6445,6,3,M,110.608219
sortedness,0.65,0.6445,6,1,H,111.255761
sortedness,0.65,0.6445,6,2,H,111.119109
sortedness,0.65,0.6445,6,3,H,110.239663
sortedness,0.65,0.6445,6,1,R,111.834479
sortedness,0.65,0.6445,6,2,R,109.309753
sortedness,0.65,0.6445,6,3,R,111.445762
sortedness,0.65,0.63925,7,1,I,111.844737
sortedness,0.65,0.63925,7,2,I,110.899203
sortedness,0.65,0.63925,7,3,I,112.087137
sortedness,0.65,0.63925,7,1,Q,111.846775
sortedness,0.65,0.63925,7,2,Q,113.812131
sortedness,0.65,0.63925,7,3,Q,108.815105
sortedness,0.65,0.63925,7,1,M,107.275731
sortedness,0.65,0.63925,7,2,M,108.628999
sortedness,0.65,0.63925,7,3,M,110.999676
sortedness,0.65,0.63925,7,1,H,109.139502
sortedness,0.65,0.63925,7,2,H,110.271041
sortedness,0.65,0.63925,7,3,H,112.205192
sortedness,0.65,0.63925,7,1,R,109.537726
sortedness,0.65,0.63925,7,2,R,110.767547
sortedness,0.65,0.63925,7,3,R,108.904976
sortedness,0.65,0.657,8,1,I,103.006632
sortedness,0.65,0.657,8,2,I,109.939487
sortedness,0.65,0.657,8,3,I,111.480071
sortedness,0.65,0.657,8,1,Q,112.278427
sortedness,0.65,0.657,8,2,Q,116.032973
sortedness,0.65,0.657,8,3,Q,113.404095
sortedness,0.65,0.657,8,1,M,119.900222
sortedness,0.65,0.657,8,2,M,116.142468
sortedness,0.65,0.657,8,3,M,112.750236
sortedness,0.65,0.657,8,1,H,102.501766
sortedness,0.65,0.657,8,2,H,113.669008
sortedness,0.65,0.657,8,3,H,109.274548
sortedness,0.65,0.657,8,1,R,111.267237
sortedness,0.65,0.657,8,2,R,108.76433
sortedness,0.65,0.657,8,3,R,113.216223
sortedness,0.66,0.66025,1,1,I,113.011202
sortedness,0.66,0.66025,1,2,I,103.20335
sortedness,0.66,0.66025,1,3,I,111.755946
sortedness,0.66,0.66025,1,1,Q,123.562657
sortedness,0.66,0.66025,1,2,Q,114.715248
sortedness,0.66,0.66025,1,3,Q,119.066132
sortedness,0.66,0.66025,1,1,M,113.562891
sortedness,0.66,0.66025,1,2,M,108.642066
sortedness,0.66,0.66025,1,3,M,109.137995
sortedness,0.66,0.66025,1,1,H,109.465974
sortedness,0.66,0.66025,1,2,H,110.590321
sortedness,0.66,0.66025,1,3,H,112.435007
sortedness,0.66,0.66025,1,1,R,110.393755
sortedness,0.66,0.66025,1,2,R,112.156642
sortedness,0.66,0.66025,1,3,R,119.110739
sortedness,0.66,0.65825,2,1,I,111.111122
sortedness,0.66,0.65825,2,2,I,112.050643
sortedness,0.66,0.65825,2,3,I,114.523517
sortedness,0.66,0.65825,2,1,Q,120.494883
sortedness,0.66,0.65825,2,2,Q,122.148961
sortedness,0.66,0.65825,2,3,Q,112.908671
sortedness,0.66,0.65825,2,1,M,118.756936
sortedness,0.66,0.65825,2,2,M,123.519858
sortedness,0.66,0.65825,2,3,M,116.578394
sortedness,0.66,0.65825,2,1,H,119.735134
sortedness,0.66,0.65825,2,2,H,119.70216
sortedness,0.66,0.65825,2,3,H,112.417737
sortedness,0.66,0.65825,2,1,R,113.435503
sortedness,0.66,0.65825,2,2,R,114.457046
sortedness,0.66,0.65825,2,3,R,105.709263
sortedness,0.66,0.653,3,1,I,117.345694
sortedness,0.66,0.653,3,2,I,111.309378
sortedness,0.66,0.653,3,3,I,103.845156
sortedness,0.66,0.653,3,1,Q,117.989931
sortedness,0.66,0.653,3,2,Q,109.952585
sortedness,0.66,0.653,3,3,Q,109.059013
sortedness,0.66,0.653,3,1,M,111.262069
sortedness,0.66,0.653,3,2,M,121.021782
sortedness,0.66,0.653,3,3,M,113.650761
sortedness,0.66,0.653,3,1,H,121.797247
sortedness,0.66,0.653,3,2,H,112.501827
sortedness,0.66,0.653,3,3,H,116.967325
sortedness,0.66,0.653,3,1,R,109.004204
sortedness,0.66,0.653,3,2,R,121.026332
sortedness,0.66,0.653,3,3,R,111.649239
sortedness,0.66,0.66825,4,1,I,121.624338
sortedness,0.66,0.66825,4,2,I,107.918273
sortedness,0.66,0.66825,4,3,I,111.594874
sortedness,0.66,0.66825,4,1,Q,117.710386
sortedness,0.66,0.66825,4,2,Q,116.619878
sortedness,0.66,0.66825,4,3,Q,113.545465
sortedness,0.66,0.66825,4,1,M,112.782496
sortedness,0.66,0.66825,4,2,M,113.143596
sortedness,0.66,0.66825,4,3,M,115.497433
sortedness,0.66,0.66825,4,1,H,128.969478
sortedness,0.66,0.66825,4,2,H,115.02773
sortedness,0.66,0.66825,4,3,H,118.067733
sortedness,0.66,0.66825,4,1,R,110.667612
sortedness,0.66,0.66825,4,2,R,120.533223
sortedness,0.66,0.66825,4,3,R,120.664947
sortedness,0.66,0.65225,5,1,I,112.361941
sortedness,0.66,0.65225,5,2,I,121.765763
sortedness,0.66,0.65225,5,3,I,125.339984
sortedness,0.66,0.65225,5,1,Q,108.009541
sortedness,0.66,0.65225,5,2,Q,110.42804
sortedness,0.66,0.65225,5,3,Q,112.480422
sortedness,0.66,0.65225,5,1,M,111.539611
sortedness,0.66,0.65225,5,2,M,111.012261
sortedness,0.66,0.65225,5,3,M,110.440225
sortedness,0.66,0.65225,5,1,H,113.706868
sortedness,0.66,0.65225,5,2,H,114.578264
sortedness,0.66,0.65225,5,3,H,120.002376
sortedness,0.66,0.65225,5,1,R,122.329935
sortedness,0.66,0.65225,5,2,R,110.278468
sortedness,0.66,0.65225,5,3,R,111.12712
sortedness,0.66,0.652,6,1,I,113.814184
sortedness,0.66,0.652,6,2,I,109.805839
sortedness,0.66,0.652,6,3,I,111.604114
sortedness,0.66,0.652,6,1,Q,116.526815
sortedness,0.66,0.652,6,2,Q,114.823997
sortedness,0.66,0.652,6,3,Q,121.441843
sortedness,0.66,0.652,6,1,M,129.50165
sortedness,0.66,0.652,6,2,M,120.247522
sortedness,0.66,0.652,6,3,M,124.295857
sortedness,0.66,0.652,6,1,H,113.033934
sortedness,0.66,0.652,6,2,H,113.499633
sortedness,0.66,0.652,6,3,H,125.086892
sortedness,0.66,0.652,6,1,R,113.834818
sortedness,0.66,0.652,6,2,R,111.873181
sortedness,0.66,0.652,6,3,R,123.657434
sortedness,0.66,0.6675,7,1,I,111.037829
sortedness,0.66,0.6675,7,2,I,126.485825
sortedness,0.66,0.6675,7,3,I,111.972241
sortedness,0.66,0.6675,7,1,Q,107.517538
sortedness,0.66,0.6675,7,2,Q,109.370853
sortedness,0.66,0.6675,7,3,Q,115.428115
sortedness,0.66,0.6675,7,1,M,111.34571
sortedness,0.66,0.6675,7,2,M,107.141768
sortedness,0.66,0.6675,7,3,M,110.495245
sortedness,0.66,0.6675,7,1,H,112.503788
sortedness,0.66,0.6675,7,2,H,117.631097
sortedness,0.66,0.6675,7,3,H,116.262905
sortedness,0.66,0.6675,7,1,R,116.065662
sortedness,0.66,0.6675,7,2,R,110.19368
sortedness,0.66,0.6675,7,3,R,117.030837
sortedness,0.66,0.67,8,1,I,114.671526
sortedness,0.66,0.67,8,2,I,112.498756
sortedness,0.66,0.67,8,3,I,114.563465
sortedness,0.66,0.67,8,1,Q,112.088049
sortedness,0.66,0.67,8,2,Q,106.075898
sortedness,0.66,0.67,8,3,Q,101.873023
sortedness,0.66,0.67,8,1,M,116.478063
sortedness,0.66,0.67,8,2,M,118.861484
sortedness,0.66,0.67,8,3,M,113.071788
sortedness,0.66,0.67,8,1,H,116.542093
sortedness,0.66,0.67,8,2,H,109.41754
sortedness,0.66,0.67,8,3,H,119.67757
sortedness,0.66,0.67,8,1,R,113.617528
sortedness,0.66,0.67,8,2,R,111.732541
sortedness,0.66,0.67,8,3,R,119.616554
sortedness,0.67,0.66275,1,1,I,104.086161
sortedness,0.67,0.66275,1,2,I,112.929517
sortedness,0.67,0.66275,1,3,I,115.164595
sortedness,0.67,0.66275,1,1,Q,103.4138
sortedness,0.67,0.66275,1,2,Q,117.189216
sortedness,0.67,0.66275,1,3,Q,115.514506
sortedness,0.67,0.66275,1,1,M,113.535237
sortedness,0.67,0.66275,1,2,M,110.513534
sortedness,0.67,0.66275,1,3,M,111.978407
sortedness,0.67,0.66275,1,1,H,113.450101
sortedness,0.67,0.66275,1,2,H,113.659327
sortedness,0.67,0.66275,1,3,H,110.943122
sortedness,0.67,0.66275,1,1,R,111.989575
sortedness,0.67,0.66275,1,2,R,125.114679
sortedness,0.67,0.66275,1,3,R,106.721797
sortedness,0.67,0.67975,2,1,I,111.293563
sortedness,0.67,0.67975,2,2,I,107.836709
sortedness,0.67,0.67975,2,3,I,110.983257
sortedness,0.67,0.67975,2,1,Q,113.74442
sortedness,0.67,0.67975,2,2,Q,110.792793
sortedness,0.67,0.67975,2,3,Q,109.586555
sortedness,0.67,0.67975,2,1,M,109.36704
sortedness,0.67,0.67975,2,2,M,114.305836
sortedness,0.67,0.67975,2,3,M,114.090389
sortedness,0.67,0.67975,2,1,H,112.383771
sortedness,0.67,0.67975,2,2,H,115.763208
sortedness,0.67,0.67975,2,3,H,120.870151
sortedness,0.67,0.67975,2,1,R,122.16463
sortedness,0.67,0.67975,2,2,R,118.896458
sortedness,0.67,0.67975,2,3,R,116.08887
sortedness,0.67,0.6705,3,1,I,110.008829
sortedness,0.67,0.6705,3,2,I,117.921689
sortedness,0.67,0.6705,3,3,I,113.953384
sortedness,0.67,0.6705,3,1,Q,113.411467
sortedness,0.67,0.6705,3,2,Q,108.151753
sortedness,0.67,0.6705,3,3,Q,114.001642
sortedness,0.67,0.6705,3,1,M,125.75131
sortedness,0.67,0.6705,3,2,M,114.689268
sortedness,0.67,0.6705,3,3,M,111.77267
sortedness,0.67,0.6705,3,1,H,110.571552
sortedness,0.67,0.6705,3,2,H,118.183632
sortedness,0.67,0.6705,3,3,H,118.835768
sortedness,0.67,0.6705,3,1,R,120.668531
sortedness,0.67,0.6705,3,2,R,123.929272
sortedness,0.67,0.6705,3,3,R,106.559082
sortedness,0.67,0.66875,4,1,I,116.079186
sortedness,0.67,0.66875,4,2,I,115.9762
sortedness,0.67,0.66875,4,3,I,113.454768
sortedness,0.67,0.66875,4,1,Q,117.199824
sortedness,0.67,0.66875,4,2,Q,107.011319
sortedness,0.67,0.66875,4,3,Q,116.212973
sortedness,0.67,0.66875,4,1,M,114.364249
sortedness,0.67,0.66875,4,2,M,110.657398
sortedness,0.67,0.66875,4,3,M,112.096704
sortedness,0.67,0.66875,4,1,H,111.732277
sortedness,0.67,0.66875,4,2,H,111.045422
sortedness,0.67,0.66875,4,3,H,111.665558
sortedness,0.67,0.66875,4,1,R,127.812152
sortedness,0.67,0.66875,4,2,R,111.726267
sortedness,0.67,0.66875,4,3,R,110.362682
sortedness,0.67,0.674,5,1,I,112.491391
sortedness,0.67,0.674,5,2,I,108.628255
sortedness,0.67,0.674,5,3,I,111.542068
sortedness,0.67,0.674,5,1,Q,114.195079
sortedness,0.67,0.674,5,2,Q,115.318509
sortedness,0.67,0.674,5,3,Q,119.17965
sortedness,0.67,0.674,5,1,M,109.949212
sortedness,0.67,0.674,5,2,M,115.071948
sortedness,0.67,0.674,5,3,M,109.703716
sortedness,0.67,0.674,5,1,H,112.622616
sortedness,0.67,0.674,5,2,H,117.095629
sortedness,0.67,0.674,5,3,H,112.625475
sortedness,0.67,0.674,5,1,R,110.533725
sortedness,0.67,0.674,5,2,R,110.800075
sortedness,0.67,0.674,5,3,R,111.645836
sortedness,0.67,0.6615,6,1,I,116.260407
sortedness,0.67,0.6615,6,2,I,113.949143
sortedness,0.67,0.6615,6,3,I,114.705203
sortedness,0.67,0.6615,6,1,Q,108.64284
sortedness,0.67,0.6615,6,2,Q,112.987693
sortedness,0.67,0.6615,6,3,Q,110.504039
sortedness,0.67,0.6615,6,1,M,109.219229
sortedness,0.67,0.6615,6,2,M,108.847518
sortedness,0.67,0.6615,6,3,M,100.749969
sortedness,0.67,0.6615,6,1,H,111.750201
sortedness,0.67,0.6615,6,2,H,116.889454
sortedness,0.67,0.6615,6,3,H,111.396565
sortedness,0.67,0.6615,6,1,R,111.732915
sortedness,0.67,0.6615,6,2,R,117.942533
sortedness,0.67,0.6615,6,3,R,112.5066
sortedness,0.67,0.66375,7,1,I,116.142211
sortedness,0.67,0.66375,7,2,I,99.398579
sortedness,0.67,0.66375,7,3,I,113.419748
sortedness,0.67,0.66375,7,1,Q,106.283926
sortedness,0.67,0.66375,7,2,Q,108.290465
sortedness,0.67,0.66375,7,3,Q,108.886645
sortedness,0.67,0.66375,7,1,M,111.793076
sortedness,0.67,0.66375,7,2,M,114.92969
sortedness,0.67,0.66375,7,3,M,111.234544
sortedness,0.67,0.66375,7,1,H,107.799428
sortedness,0.67,0.66375,7,2,H,116.148626
sortedness,0.67,0.66375,7,3,H,115.67496
sortedness,0.67,0.66375,7,1,R,111.082176
sortedness,0.67,0.66375,7,2,R,98.85155
sortedness,0.67,0.66375,7,3,R,113.524302
sortedness,0.67,0.67425,8,1,I,109.840969
sortedness,0.67,0.67425,8,2,I,110.095869
sortedness,0.67,0.67425,8,3,I,110.546041
sortedness,0.67,0.67425,8,1,Q,117.569423
sortedness,0.67,0.67425,8,2,Q,109.881201
sortedness,0.67,0.67425,8,3,Q,118.212108
sortedness,0.67,0.67425,8,1,M,113.506224
sortedness,0.67,0.67425,8,2,M,108.45801
sortedness,0.67,0.67425,8,3,M,114.173443
sortedness,0.67,0.67425,8,1,H,110.298201
sortedness,0.67,0.67425,8,2,H,101.617018
sortedness,0.67,0.67425,8,3,H,106.599913
sortedness,0.67,0.67425,8,1,R,112.787303
sortedness,0.67,0.67425,8,2,R,112.102509
sortedness,0.67,0.67425,8,3,R,103.881321
sortedness,0.68,0.6615,1,1,I,110.916539
sortedness,0.68,0.6615,1,2,I,110.017688
sortedness,0.68,0.6615,1,3,I,111.72289
sortedness,0.68,0.6615,1,1,Q,107.634689
sortedness,0.68,0.6615,1,2,Q,110.281813
sortedness,0.68,0.6615,1,3,Q,111.254088
sortedness,0.68,0.6615,1,1,M,114.295753
sortedness,0.68,0.6615,1,2,M,121.576856
sortedness,0.68,0.6615,1,3,M,122.019233
sortedness,0.68,0.6615,1,1,H,111.746956
sortedness,0.68,0.6615,1,2,H,126.228278
sortedness,0.68,0.6615,1,3,H,126.784357
sortedness,0.68,0.6615,1,1,R,112.116852
sortedness,0.68,0.6615,1,2,R,128.63062
sortedness,0.68,0.6615,1,3,R,103.094283
sortedness,0.68,0.69825,2,1,I,108.633386
sortedness,0.68,0.69825,2,2,I,112.367885
sortedness,0.68,0.69825,2,3,I,111.134052
sortedness,0.68,0.69825,2,1,Q,108.724673
sortedness,0.68,0.69825,2,2,Q,107.144379
sortedness,0.68,0.69825,2,3,Q,110.767469
sortedness,0.68,0.69825,2,1,M,116.985122
sortedness,0.68,0.69825,2,2,M,111.445054
sortedness,0.68,0.69825,2,3,M,114.13383
sortedness,0.68,0.69825,2,1,H,111.421474
sortedness,0.68,0.69825,2,2,H,116.993246
sortedness,0.68,0.69825,2,3,H,112.456027
sortedness,0.68,0.69825,2,1,R,109.22943
sortedness,0.68,0.69825,2,2,R,117.054977
sortedness,0.68,0.69825,2,3,R,109.825205
sortedness,0.68,0.671,3,1,I,112.006712
sortedness,0.68,0.671,3,2,I,110.451894
sortedness,0.68,0.671,3,3,I,109.370263
sortedness,0.68,0.671,3,1,Q,116.461307
sortedness,0.68,0.671,3,2,Q,113.883231
sortedness,0.68,0.671,3,3,Q,120.114542
sortedness,0.68,0.671,3,1,M,115.678482
sortedness,0.68,0.671,3,2,M,110.496151
sortedness,0.68,0.671,3,3,M,125.629856
sortedness,0.68,0.671,3,1,H,128.089397
sortedness,0.68,0.671,3,2,H,117.569113
sortedness,0.68,0.671,3,3,H,121.415604
sortedness,0.68,0.671,3,1,R,115.38123
sortedness,0.68,0.671,3,2,R,124.701463
sortedness,0.68,0.671,3,3,R,124.965478
sortedness,0.68,0.67975,4,1,I,118.798125
sortedness,0.68,0.67975,4,2,I,117.819479
sortedness,0.68,0.67975,4,3,I,115.340064
sortedness,0.68,0.67975,4,1,Q,122.630006
sortedness,0.68,0.67975,4,2,Q,127.34547
sortedness,0.68,0.67975,4,3,Q,114.612127
sortedness,0.68,0.67975,4,1,M,108.593762
sortedness,0.68,0.67975,4,2,M,118.392173
sortedness,0.68,0.67975,4,3,M,118.529142
sortedness,0.68,0.67975,4,1,H,110.73313
sortedness,0.68,0.67975,4,2,H,112.484017
sortedness,0.68,0.67975,4,3,H,118.650295
sortedness,0.68,0.67975,4,1,R,112.463033
sortedness,0.68,0.67975,4,2,R,111.757961
sortedness,0.68,0.67975,4,3,R,115.227401
sortedness,0.68,0.69,5,1,I,108.19159
sortedness,0.68,0.69,5,2,I,101.603867
sortedness,0.68,0.69,5,3,I,108.636271
sortedness,0.68,0.69,5,1,Q,110.43788
sortedness,0.68,0.69,5,2,Q,120.369909
sortedness,0.68,0.69,5,3,Q,108.766569
sortedness,0.68,0.69,5,1,M,114.83055
sortedness,0.68,0.69,5,2,M,125.683025
sortedness,0.68,0.69,5,3,M,124.333533
sortedness,0.68,0.69,5,1,H,103.753373
sortedness,0.68,0.69,5,2,H,113.07358
sortedness,0.68,0.69,5,3,H,119.452715
sortedness,0.68,0.69,5,1,R,113.519796
sortedness,0.68,0.69,5,2,R,118.756415
sortedness,0.68,0.69,5,3,R,115.87198
sortedness,0.68,0.6885,6,1,I,102.529192
sortedness,0.68,0.6885,6,2,I,114.671385
sortedness,0.68,0.6885,6,3,I,109.54411
sortedness,0.68,0.6885,6,1,Q,113.341719
sortedness,0.68,0.6885,6,2,Q,110.275199
sortedness,0.68,0.6885,6,3,Q,114.410148
sortedness,0.68,0.6885,6,1,M,108.69552
sortedness,0.68,0.6885,6,2,M,118.407614
sortedness,0.68,0.6885,6,3,M,116.064318
sortedness,0.68,0.6885,6,1,H,108.596634
sortedness,0.68,0.6885,6,2,H,115.558931
sortedness,0.68,0.6885,6,3,H,113.778187
sortedness,0.68,0.6885,6,1,R,117.347271
sortedness,0.68,0.6885,6,2,R,124.593055
sortedness,0.68,0.6885,6,3,R,110.721687
sortedness,0.68,0.673,7,1,I,110.388004
sortedness,0.68,0.673,7,2,I,113.361318
sortedness,0.68,0.673,7,3,I,105.004988
sortedness,0.68,0.673,7,1,Q,113.969856
sortedness,0.68,0.673,7,2,Q,108.478562
sortedness,0.68,0.673,7,3,Q,110.461635
sortedness,0.68,0.673,7,1,M,120.165603
sortedness,0.68,0.673,7,2,M,112.724171
sortedness,0.68,0.673,7,3,M,100.03814
sortedness,0.68,0.673,7,1,H,110.823593
sortedness,0.68,0.673,7,2,H,101.030152
sortedness,0.68,0.673,7,3,H,115.738953
sortedness,0.68,0.673,7,1,R,114.214353
sortedness,0.68,0.673,7,2,R,109.164782
sortedness,0.68,0.673,7,3,R,113.301608
sortedness,0.68,0.68125,8,1,I,108.895965
sortedness,0.68,0.68125,8,2,I,109.878672
sortedness,0.68,0.68125,8,3,I,114.741598
sortedness,0.68,0.68125,8,1,Q,110.624962
sortedness,0.68,0.68125,8,2,Q,110.930973
sortedness,0.68,0.68125,8,3,Q,108.773032
sortedness,0.68,0.68125,8,1,M,124.385792
sortedness,0.68,0.68125,8,2,M,108.70837
sortedness,0.68,0.68125,8,3,M,109.255982
sortedness,0.68,0.68125,8,1,H,111.9322
sortedness,0.68,0.68125,8,2,H,114.361139
sortedness,0.68,0.68125,8,3,H,112.058917
sortedness,0.68,0.68125,8,1,R,122.76523
sortedness,0.68,0.68125,8,2,R,119.003043
sortedness,0.68,0.68125,8,3,R,112.657964
sortedness,0.69,0.702,1,1,I,114.310723
sortedness,0.69,0.702,1,2,I,111.067243
sortedness,0.69,0.702,1,3,I,118.246998
sortedness,0.69,0.702,1,1,Q,113.266671
sortedness,0.69,0.702,1,2,Q,117.037886
sortedness,0.69,0.702,1,3,Q,121.016081
sortedness,0.69,0.702,1,1,M,113.059024
sortedness,0.69,0.702,1,2,M,116.487397
sortedness,0.69,0.702,1,3,M,114.257884
sortedness,0.69,0.702,1,1,H,123.949387
sortedness,0.69,0.702,1,2,H,119.047744
sortedness,0.69,0.702,1,3,H,123.722194
sortedness,0.69,0.702,1,1,R,115.118246
sortedness,0.69,0.702,1,2,R,117.927296
sortedness,0.69,0.702,1,3,R,115.514052
sortedness,0.69,0.69125,2,1,I,113.2055
sortedness,0.69,0.69125,2,2,I,110.802548
sortedness,0.69,0.69125,2,3,I,121.837181
sortedness,0.69,0.69125,2,1,Q,112.605664
sortedness,0.69,0.69125,2,2,Q,113.910252
sortedness,0.69,0.69125,2,3,Q,118.329167
sortedness,0.69,0.69125,2,1,M,113.375746
sortedness,0.69,0.69125,2,2,M,115.872372
sortedness,0.69,0.69125,2,3,M,112.142605
sortedness,0.69,0.69125,2,1,H,113.249028
sortedness,0.69,0.69125,2,2,H,116.421388
sortedness,0.69,0.69125,2,3,H,116.637059
sortedness,0.69,0.69125,2,1,R,98.443539
sortedness,0.69,0.69125,2,2,R,113.153854
sortedness,0.69,0.69125,2,3,R,116.059786
sortedness,0.69,0.675,3,1,I,112.102735
sortedness,0.69,0.675,3,2,I,116.987377
sortedness,0.69,0.675,3,3,I,109.895323
sortedness,0.69,0.675,3,1,Q,111.388252
sortedness,0.69,0.675,3,2,Q,124.055668
sortedness,0.69,0.675,3,3,Q,113.825891
sortedness,0.69,0.675,3,1,M,119.709231
sortedness,0.69,0.675,3,2,M,107.304455
sortedness,0.69,0.675,3,3,M,110.013341
sortedness,0.69,0.675,3,1,H,109.599443
sortedness,0.69,0.675,3,2,H,116.430149
sortedness,0.69,0.675,3,3,H,100.263177
sortedness,0.69,0.675,3,1,R,116.493957
sortedness,0.69,0.675,3,2,R,112.134863
sortedness,0.69,0.675,3,3,R,100.22315
sortedness,0.69,0.69225,4,1,I,123.436341
sortedness,0.69,0.69225,4,2,I,113.884891
sortedness,0.69,0.69225,4,3,I,112.789745
sortedness,0.69,0.69225,4,1,Q,101.002641
sortedness,0.69,0.69225,4,2,Q,99.325174
sortedness,0.69,0.69225,4,3,Q,109.480307
sortedness,0.69,0.69225,4,1,M,118.144331
sortedness,0.69,0.69225,4,2,M,113.870787
sortedness,0.69,0.69225,4,3,M,116.972583
sortedness,0.69,0.69225,4,1,H,113.340016
sortedness,0.69,0.69225,4,2,H,101.234247
sortedness,0.69,0.69225,4,3,H,104.45494
sortedness,0.69,0.69225,4,1,R,113.467658
sortedness,0.69,0.69225,4,2,R,111.536082
sortedness,0.69,0.69225,4,3,R,113.999626
sortedness,0.69,0.69425,5,1,I,111.580485
sortedness,0.69,0.69425,5,2,I,110.252337
sortedness,0.69,0.69425,5,3,I,99.436388
sortedness,0.69,0.69425,5,1,Q,108.958258
sortedness,0.69,0.69425,5,2,Q,113.917205
sortedness,0.69,0.69425,5,3,Q,121.058148
sortedness,0.69,0.69425,5,1,M,113.086749
sortedness,0.69,0.69425,5,2,M,122.79776
sortedness,0.69,0.69425,5,3,M,178.207701
sortedness,0.69,0.69425,5,1,H,114.568946
sortedness,0.69,0.69425,5,2,H,108.643631
sortedness,0.69,0.69425,5,3,H,114.353376
sortedness,0.69,0.69425,5,1,R,114.319369
sortedness,0.69,0.69425,5,2,R,117.839824
sortedness,0.69,0.69425,5,3,R,115.538542
sortedness,0.69,0.67825,6,1,I,125.633541
sortedness,0.69,0.67825,6,2,I,125.622306
sortedness,0.69,0.67825,6,3,I,101.345692
sortedness,0.69,0.67825,6,1,Q,112.119988
sortedness,0.69,0.67825,6,2,Q,108.580799
sortedness,0.69,0.67825,6,3,Q,114.460329
sortedness,0.69,0.67825,6,1,M,114.459876
sortedness,0.69,0.67825,6,2,M,114.448106
sortedness,0.69,0.67825,6,3,M,114.327327
sortedness,0.69,0.67825,6,1,H,119.589218
sortedness,0.69,0.67825,6,2,H,113.523509
sortedness,0.69,0.67825,6,3,H,117.940311
sortedness,0.69,0.67825,6,1,R,117.225067
sortedness,0.69,0.67825,6,2,R,114.155842
sortedness,0.69,0.67825,6,3,R,125.566
sortedness,0.69,0.68975,7,1,I,115.555821
sortedness,0.69,0.68975,7,2,I,117.642085
sortedness,0.69,0.68975,7,3,I,109.526496
sortedness,0.69,0.68975,7,1,Q,115.190686
sortedness,0.69,0.68975,7,2,Q,112.09408
sortedness,0.69,0.68975,7,3,Q,114.979184
sortedness,0.69,0.68975,7,1,M,113.631582
sortedness,0.69,0.68975,7,2,M,113.73137
sortedness,0.69,0.68975,7,3,M,109.527311
sortedness,0.69,0.68975,7,1,H,111.480629
sortedness,0.69,0.68975,7,2,H,110.855793
sortedness,0.69,0.68975,7,3,H,110.817573
sortedness,0.69,0.68975,7,1,R,115.979424
sortedness,0.69,0.68975,7,2,R,110.449138
sortedness,0.69,0.68975,7,3,R,114.445707
sortedness,0.69,0.689,8,1,I,111.75787
sortedness,0.69,0.689,8,2,I,111.070539
sortedness,0.69,0.689,8,3,I,117.098214
sortedness,0.69,0.689,8,1,Q,114.198371
sortedness,0.69,0.689,8,2,Q,113.210099
sortedness,0.69,0.689,8,3,Q,113.647448
sortedness,0.69,0.689,8,1,M,114.19953
sortedness,0.69,0.689,8,2,M,113.01789
sortedness,0.69,0.689,8,3,M,114.454663
sortedness,0.69,0.689,8,1,H,112.974746
sortedness,0.69,0.689,8,2,H,114.648109
sortedness,0.69,0.689,8,3,H,109.694817
sortedness,0.69,0.689,8,1,R,111.394663
sortedness,0.69,0.689,8,2,R,112.054138
sortedness,0.69,0.689,8,3,R,114.186118
sortedness,0.69,0.697,9,1,I,114.315238
sortedness,0.69,0.697,9,2,I,111.999862
sortedness,0.69,0.697,9,3,I,107.022169
sortedness,0.69,0.697,9,1,Q,111.10036
sortedness,0.69,0.697,9,2,Q,116.076816
sortedness,0.69,0.697,9,3,Q,110.67897
sortedness,0.69,0.697,9,1,M,110.458029
sortedness,0.69,0.697,9,2,M,110.940833
sortedness,0.69,0.697,9,3,M,115.308949
sortedness,0.69,0.697,9,1,H,119.974044
sortedness,0.69,0.697,9,2,H,113.156628
sortedness,0.69,0.697,9,3,H,118.242602
sortedness,0.69,0.697,9,1,R,113.199658
sortedness,0.69,0.697,9,2,R,114.423841
sortedness,0.69,0.697,9,3,R,112.465699
sortedness,0.7,0.691,1,1,I,110.442206
sortedness,0.7,0.691,1,2,I,112.63747
sortedness,0.7,0.691,1,3,I,109.293018
sortedness,0.7,0.691,1,1,Q,117.315372
sortedness,0.7,0.691,1,2,Q,115.497745
sortedness,0.7,0.691,1,3,Q,114.605685
sortedness,0.7,0.691,1,1,M,110.300494
sortedness,0.7,0.691,1,2,M,109.68847
sortedness,0.7,0.691,1,3,M,110.679651
sortedness,0.7,0.691,1,1,H,113.555308
sortedness,0.7,0.691,1,2,H,109.243851
sortedness,0.7,0.691,1,3,H,107.567322
sortedness,0.7,0.691,1,1,R,113.563932
sortedness,0.7,0.691,1,2,R,110.994584
sortedness,0.7,0.691,1,3,R,111.018551
sortedness,0.7,0.69775,2,1,I,115.638779
sortedness,0.7,0.69775,2,2,I,111.501678
sortedness,0.7,0.69775,2,3,I,112.585847
sortedness,0.7,0.69775,2,1,Q,107.745059
sortedness,0.7,0.69775,2,2,Q,117.100506
sortedness,0.7,0.69775,2,3,Q,114.034615
sortedness,0.7,0.69775,2,1,M,116.421408
sortedness,0.7,0.69775,2,2,M,113.264991
sortedness,0.7,0.69775,2,3,M,115.105974
sortedness,0.7,0.69775,2,1,H,110.271949
sortedness,0.7,0.69775,2,2,H,111.211166
sortedness,0.7,0.69775,2,3,H,111.264375
sortedness,0.7,0.69775,2,1,R,121.644271
sortedness,0.7,0.69775,2,2,R,112.453646
sortedness,0.7,0.69775,2,3,R,110.588919
sortedness,0.7,0.7155,3,1,I,108.986359
sortedness,0.7,0.7155,3,2,I,123.149348
sortedness,0.7,0.7155,3,3,I,115.083773
sortedness,0.7,0.7155,3,1,Q,119.804817
sortedness,0.7,0.7155,3,2,Q,117.466247
sortedness,0.7,0.7155,3,3,Q,110.013612
sortedness,0.7,0.7155,3,1,M,117.702251
sortedness,0.7,0.7155,3,2,M,113.026432
sortedness,0.7,0.7155,3,3,M,114.827521
sortedness,0.7,0.7155,3,1,H,112.989339
sortedness,0.7,0.7155,3,2,H,110.768704
sortedness,0.7,0.7155,3,3,H,115.556409
sortedness,0.7,0.7155,3,1,R,110.740776
sortedness,0.7,0.7155,3,2,R,119.729067
sortedness,0.7,0.7155,3,3,R,113.535604
sortedness,0.7,0.6935,4,1,I,116.788815
sortedness,0.7,0.6935,4,2,I,121.667015
sortedness,0.7,0.6935,4,3,I,112.298568
sortedness,0.7,0.6935,4,1,Q,110.859498
sortedness,0.7,0.6935,4,2,Q,112.670963
sortedness,0.7,0.6935,4,3,Q,112.650985
sortedness,0.7,0.6935,4,1,M,110.34905
sortedness,0.7,0.6935,4,2,M,109.130479
sortedness,0.7,0.6935,4,3,M,110.596733
sortedness,0.7,0.6935,4,1,H,111.331548
sortedness,0.7,0.6935,4,2,H,110.931403
sortedness,0.7,0.6935,4,3,H,115.246661
sortedness,0.7,0.6935,4,1,R,154.812915
sortedness,0.7,0.6935,4,2,R,111.03235
sortedness,0.7,0.6935,4,3,R,118.947612
sortedness,0.7,0.70575,5,1,I,113.250574
sortedness,0.7,0.70575,5,2,I,118.878528
sortedness,0.7,0.70575,5,3,I,113.251188
sortedness,0.7,0.70575,5,1,Q,110.92391
sortedness,0.7,0.70575,5,2,Q,119.835425
sortedness,0.7,0.70575,5,3,Q,110.488676
sortedness,0.7,0.70575,5,1,M,110.003496
sortedness,0.7,0.70575,5,2,M,109.948896
sortedness,0.7,0.70575,5,3,M,111.083623
sortedness,0.7,0.70575,5,1,H,118.881293
sortedness,0.7,0.70575,5,2,H,108.525
sortedness,0.7,0.70575,5,3,H,110.302729
sortedness,0.7,0.70575,5,1,R,110.781714
sortedness,0.7,0.70575,5,2,R,110.120121
sortedness,0.7,0.70575,5,3,R,117.756186
sortedness,0.7,0.69075,6,1,I,111.125512
sortedness,0.7,0.69075,6,2,I,113.728509
sortedness,0.7,0.69075,6,3,I,116.229299
sortedness,0.7,0.69075,6,1,Q,111.960111
sortedness,0.7,0.69075,6,2,Q,106.387262
sortedness,0.7,0.69075,6,3,Q,112.320819
sortedness,0.7,0.69075,6,1,M,111.917703
sortedness,0.7,0.69075,6,2,M,113.809281
sortedness,0.7,0.69075,6,3,M,112.238984
sortedness,0.7,0.69075,6,1,H,106.491641
sortedness,0.7,0.69075,6,2,H,117.830014
sortedness,0.7,0.69075,6,3,H,108.56484
sortedness,0.7,0.69075,6,1,R,125.053982
sortedness,0.7,0.69075,6,2,R,116.162521
sortedness,0.7,0.69075,6,3,R,111.739257
sortedness,0.7,0.7035,7,1,I,115.736149
sortedness,0.7,0.7035,7,2,I,109.441001
sortedness,0.7,0.7035,7,3,I,112.5501
sortedness,0.7,0.7035,7,1,Q,113.183897
sortedness,0.7,0.7035,7,2,Q,110.490204
sortedness,0.7,0.7035,7,3,Q,113.553992
sortedness,0.7,0.7035,7,1,M,113.429625
sortedness,0.7,0.7035,7,2,M,112.118104
sortedness,0.7,0.7035,7,3,M,115.718822
sortedness,0.7,0.7035,7,1,H,112.124364
sortedness,0.7,0.7035,7,2,H,111.554124
sortedness,0.7,0.7035,7,3,H,131.039586
sortedness,0.7,0.7035,7,1,R,118.866488
sortedness,0.7,0.7035,7,2,R,104.769552
sortedness,0.7,0.7035,7,3,R,108.683128
sortedness,0.7,0.7045,8,1,I,116.595457
sortedness,0.7,0.7045,8,2,I,127.914385
sortedness,0.7,0.7045,8,3,I,114.379899
sortedness,0.7,0.7045,8,1,Q,105.695695
sortedness,0.7,0.7045,8,2,Q,121.592532
sortedness,0.7,0.7045,8,3,Q,111.412152
sortedness,0.7,0.7045,8,1,M,117.736805
sortedness,0.7,0.7045,8,2,M,103.735398
sortedness,0.7,0.7045,8,3,M,109.562756
sortedness,0.7,0.7045,8,1,H,111.631577
sortedness,0.7,0.7045,8,2,H,111.32711
sortedness,0.7,0.7045,8,3,H,114.851765
sortedness,0.7,0.7045,8,1,R,115.362624
sortedness,0.7,0.7045,8,2,R,126.265639
sortedness,0.7,0.7045,8,3,R,111.99396
sortedness,0.71,0.694,1,1,I,110.383264
sortedness,0.71,0.694,1,2,I,115.510126
sortedness,0.71,0.694,1,3,I,111.064497
sortedness,0.71,0.694,1,1,Q,118.009749
sortedness,0.71,0.694,1,2,Q,117.588855
sortedness,0.71,0.694,1,3,Q,114.909745
sortedness,0.71,0.694,1,1,M,107.444193
sortedness,0.71,0.694,1,2,M,124.712709
sortedness,0.71,0.694,1,3,M,112.742084
sortedness,0.71,0.694,1,1,H,116.558375
sortedness,0.71,0.694,1,2,H,114.895791
sortedness,0.71,0.694,1,3,H,102.565426
sortedness,0.71,0.694,1,1,R,112.005444
sortedness,0.71,0.694,1,2,R,112.41543
sortedness,0.71,0.694,1,3,R,111.516715
sortedness,0.71,0.7025,2,1,I,111.786998
sortedness,0.71,0.7025,2,2,I,107.645465
sortedness,0.71,0.7025,2,3,I,107.662428
sortedness,0.71,0.7025,2,1,Q,108.693107
sortedness,0.71,0.7025,2,2,Q,109.220775
sortedness,0.71,0.7025,2,3,Q,111.258874
sortedness,0.71,0.7025,2,1,M,116.648148
sortedness,0.71,0.7025,2,2,M,113.524239
sortedness,0.71,0.7025,2,3,M,114.324378
sortedness,0.71,0.7025,2,1,H,120.226422
sortedness,0.71,0.7025,2,2,H,111.337723
sortedness,0.71,0.7025,2,3,H,101.681785
sortedness,0.71,0.7025,2,1,R,119.086402
sortedness,0.71,0.7025,2,2,R,106.900366
sortedness,0.71,0.7025,2,3,R,109.838467
sortedness,0.71,0.70575,3,1,I,111.489313
sortedness,0.71,0.70575,3,2,I,112.466618
sortedness,0.71,0.70575,3,3,I,118.964022
sortedness,0.71,0.70575,3,1,Q,108.210093
sortedness,0.71,0.70575,3,2,Q,97.676854
sortedness,0.71,0.70575,3,3,Q,108.162552
sortedness,0.71,0.70575,3,1,M,109.097875
sortedness,0.71,0.70575,3,2,M,111.107053
sortedness,0.71,0.70575,3,3,M,145.429869
sortedness,0.71,0.70575,3,1,H,131.956228
sortedness,0.71,0.70575,3,2,H,124.777949
sortedness,0.71,0.70575,3,3,H,118.132318
sortedness,0.71,0.70575,3,1,R,150.422129
sortedness,0.71,0.70575,3,2,R,122.269625
sortedness,0.71,0.70575,3,3,R,118.625727
sortedness,0.71,0.7015,4,1,I,119.996288
sortedness,0.71,0.7015,4,2,I,119.413704
sortedness,0.71,0.7015,4,3,I,125.778189
sortedness,0.71,0.7015,4,1,Q,123.574295
sortedness,0.71,0.7015,4,2,Q,119.645973
sortedness,0.71,0.7015,4,3,Q,131.401964
sortedness,0.71,0.7015,4,1,M,119.612079
sortedness,0.71,0.7015,4,2,M,108.435675
sortedness,0.71,0.7015,4,3,M,119.06416
sortedness,0.71,0.7015,4,1,H,118.296796
sortedness,0.71,0.7015,4,2,H,121.260012
sortedness,0.71,0.7015,4,3,H,123.847687
sortedness,0.71,0.7015,4,1,R,120.581282
sortedness,0.71,0.7015,4,2,R,111.423859
sortedness,0.71,0.7015,4,3,R,106.211881
sortedness,0.71,0.71575,5,1,I,118.301566
sortedness,0.71,0.71575,5,2,I,118.867128
sortedness,0.71,0.71575,5,3,I,120.176928
sortedness,0.71,0.71575,5,1,Q,119.879045
sortedness,0.71,0.71575,5,2,Q,123.653311
sortedness,0.71,0.71575,5,3,Q,121.321913
sortedness,0.71,0.71575,5,1,M,119.218965
sortedness,0.71,0.71575,5,2,M,115.137561
sortedness,0.71,0.71575,5,3,M,126.382754
sortedness,0.71,0.71575,5,1,H,119.674298
sortedness,0.71,0.71575,5,2,H,120.221633
sortedness,0.71,0.71575,5,3,H,123.554524
sortedness,0.71,0.71575,5,1,R,159.082046
sortedness,0.71,0.71575,5,2,R,125.343295
sortedness,0.71,0.71575,5,3,R,119.659019
sortedness,0.71,0.7205,6,1,I,117.131307
sortedness,0.71,0.7205,6,2,I,115.425724
sortedness,0.71,0.7205,6,3,I,117.477235
sortedness,0.71,0.7205,6,1,Q,108.654972
sortedness,0.71,0.7205,6,2,Q,117.983384
sortedness,0.71,0.7205,6,3,Q,122.061609
sortedness,0.71,0.7205,6,1,M,119.152047
sortedness,0.71,0.7205,6,2,M,116.723775
sortedness,0.71,0.7205,6,3,M,138.745809
sortedness,0.71,0.7205,6,1,H,119.651974
sortedness,0.71,0.7205,6,2,H,121.009953
sortedness,0.71,0.7205,6,3,H,117.841952
sortedness,0.71,0.7205,6,1,R,119.619821
sortedness,0.71,0.7205,6,2,R,117.931147
sortedness,0.71,0.7205,6,3,R,125.173882
sortedness,0.71,0.698,7,1,I,117.596642
sortedness,0.71,0.698,7,2,I,117.271688
sortedness,0.71,0.698,7,3,I,130.756283
sortedness,0.71,0.698,7,1,Q,123.043639
sortedness,0.71,0.698,7,2,Q,120.345686
sortedness,0.71,0.698,7,3,Q,119.392852
sortedness,0.71,0.698,7,1,M,128.111505
sortedness,0.71,0.698,7,2,M,122.748815
sortedness,0.71,0.698,7,3,M,119.668243
sortedness,0.71,0.698,7,1,H,132.108714
sortedness,0.71,0.698,7,2,H,131.786298
sortedness,0.71,0.698,7,3,H,122.571502
sortedness,0.71,0.698,7,1,R,110.193013
sortedness,0.71,0.698,7,2,R,117.971289
sortedness,0.71,0.698,7,3,R,142.483609
sortedness,0.71,0.712,8,1,I,139.370522
sortedness,0.71,0.712,8,2,I,117.503803
sortedness,0.71,0.712,8,3,I,121.8736
sortedness,0.71,0.712,8,1,Q,117.711932
sortedness,0.71,0.712,8,2,Q,119.473913
sortedness,0.71,0.712,8,3,Q,108.06316
sortedness,0.71,0.712,8,1,M,126.553323
sortedness,0.71,0.712,8,2,M,120.323602
sortedness,0.71,0.712,8,3,M,141.745273
sortedness,0.71,0.712,8,1,H,127.071049
sortedness,0.71,0.712,8,2,H,127.357876
sortedness,0.71,0.712,8,3,H,118.084453
sortedness,0.71,0.712,8,1,R,118.230031
sortedness,0.71,0.712,8,2,R,118.457348
sortedness,0.71,0.712,8,3,R,118.925246
sortedness,0.72,0.73375,1,1,I,120.653897
sortedness,0.72,0.73375,1,2,I,118.431401
sortedness,0.72,0.73375,1,3,I,119.421964
sortedness,0.72,0.73375,1,1,Q,121.288376
sortedness,0.72,0.73375,1,2,Q,129.20346
sortedness,0.72,0.73375,1,3,Q,120.976862
sortedness,0.72,0.73375,1,1,M,116.664318
sortedness,0.72,0.73375,1,2,M,113.319757
sortedness,0.72,0.73375,1,3,M,133.675048
sortedness,0.72,0.73375,1,1,H,120.626317
sortedness,0.72,0.73375,1,2,H,125.627514
sortedness,0.72,0.73375,1,3,H,120.2975
sortedness,0.72,0.73375,1,1,R,132.752986
sortedness,0.72,0.73375,1,2,R,125.367616
sortedness,0.72,0.73375,1,3,R,120.589115
sortedness,0.72,0.7295,2,1,I,119.224835
sortedness,0.72,0.7295,2,2,I,111.005896
sortedness,0.72,0.7295,2,3,I,127.090242
sortedness,0.72,0.7295,2,1,Q,123.654876
sortedness,0.72,0.7295,2,2,Q,197.43709
sortedness,0.72,0.7295,2,3,Q,107.840585
sortedness,0.72,0.7295,2,1,M,117.478061
sortedness,0.72,0.7295,2,2,M,118.807027
sortedness,0.72,0.7295,2,3,M,118.288412
sortedness,0.72,0.7295,2,1,H,121.484968
sortedness,0.72,0.7295,2,2,H,124.474697
sortedness,0.72,0.7295,2,3,H,119.909876
sortedness,0.72,0.7295,2,1,R,121.416504
sortedness,0.72,0.7295,2,2,R,118.661812
sortedness,0.72,0.7295,2,3,R,117.502192
sortedness,0.72,0.71475,3,1,I,119.12983
sortedness,0.72,0.71475,3,2,I,118.979173
sortedness,0.72,0.71475,3,3,I,133.205
sortedness,0.72,0.71475,3,1,Q,144.685445
sortedness,0.72,0.71475,3,2,Q,121.885604
sortedness,0.72,0.71475,3,3,Q,117.200571
sortedness,0.72,0.71475,3,1,M,120.4562
sortedness,0.72,0.71475,3,2,M,114.903438
sortedness,0.72,0.71475,3,3,M,120.442946
sortedness,0.72,0.71475,3,1,H,118.397083
sortedness,0.72,0.71475,3,2,H,122.050761
sortedness,0.72,0.71475,3,3,H,124.497998
sortedness,0.72,0.71475,3,1,R,119.149243
sortedness,0.72,0.71475,3,2,R,118.672786
sortedness,0.72,0.71475,3,3,R,138.917223
sortedness,0.72,0.73475,4,1,I,118.863017
sortedness,0.72,0.73475,4,2,I,115.940125
sortedness,0.72,0.73475,4,3,I,119.127033
sortedness,0.72,0.73475,4,1,Q,119.568654
sortedness,0.72,0.73475,4,2,Q,118.988783
sortedness,0.72,0.73475,4,3,Q,120.58947
sortedness,0.72,0.73475,4,1,M,120.769879
sortedness,0.72,0.73475,4,2,M,122.708681
sortedness,0.72,0.73475,4,3,M,122.631339
sortedness,0.72,0.73475,4,1,H,120.650661
sortedness,0.72,0.73475,4,2,H,122.351205
sortedness,0.72,0.73475,4,3,H,129.371779
sortedness,0.72,0.73475,4,1,R,121.222308
sortedness,0.72,0.73475,4,2,R,116.00374
sortedness,0.72,0.73475,4,3,R,110.493097
sortedness,0.72,0.7235,5,1,I,119.294884
sortedness,0.72,0.7235,5,2,I,116.334086
sortedness,0.72,0.7235,5,3,I,128.433515
sortedness,0.72,0.7235,5,1,Q,119.464058
sortedness,0.72,0.7235,5,2,Q,131.71785
sortedness,0.72,0.7235,5,3,Q,120.704442
sortedness,0.72,0.7235,5,1,M,126.287937
sortedness,0.72,0.7235,5,2,M,119.092669
sortedness,0.72,0.7235,5,3,M,112.683411
sortedness,0.72,0.7235,5,1,H,120.510319
sortedness,0.72,0.7235,5,2,H,120.996348
sortedness,0.72,0.7235,5,3,H,109.205163
sortedness,0.72,0.7235,5,1,R,126.376194
sortedness,0.72,0.7235,5,2,R,119.096139
sortedness,0.72,0.7235,5,3,R,118.321009
sortedness,0.72,0.71775,6,1,I,129.675117
sortedness,0.72,0.71775,6,2,I,121.400813
sortedness,0.72,0.71775,6,3,I,110.182263
sortedness,0.72,0.71775,6,1,Q,117.296515
sortedness,0.72,0.71775,6,2,Q,110.830272
sortedness,0.72,0.71775,6,3,Q,115.41188
sortedness,0.72,0.71775,6,1,M,119.7665
sortedness,0.72,0.71775,6,2,M,119.420229
sortedness,0.72,0.71775,6,3,M,127.623569
sortedness,0.72,0.71775,6,1,H,118.987688
sortedness,0.72,0.71775,6,2,H,110.13418
sortedness,0.72,0.71775,6,3,H,135.214143
sortedness,0.72,0.71775,6,1,R,120.640856
sortedness,0.72,0.71775,6,2,R,109.528022
sortedness,0.72,0.71775,6,3,R,118.473582
sortedness,0.72,0.7245,7,1,I,119.242474
sortedness,0.72,0.7245,7,2,I,117.630741
sortedness,0.72,0.7245,7,3,I,107.483221
sortedness,0.72,0.7245,7,1,Q,118.735749
sortedness,0.72,0.7245,7,2,Q,118.301864
sortedness,0.72,0.7245,7,3,Q,117.302746
sortedness,0.72,0.7245,7,1,M,114.911402
sortedness,0.72,0.7245,7,2,M,118.968705
sortedness,0.72,0.7245,7,3,M,123.194708
sortedness,0.72,0.7245,7,1,H,117.888719
sortedness,0.72,0.7245,7,2,H,116.769135
sortedness,0.72,0.7245,7,3,H,119.938815
sortedness,0.72,0.7245,7,1,R,117.96233
sortedness,0.72,0.7245,7,2,R,118.424242
sortedness,0.72,0.7245,7,3,R,119.009421
sortedness,0.72,0.7265,8,1,I,119.985837
sortedness,0.72,0.7265,8,2,I,122.27013
sortedness,0.72,0.7265,8,3,I,120.911553
sortedness,0.72,0.7265,8,1,Q,118.165172
sortedness,0.72,0.7265,8,2,Q,110.243255
sortedness,0.72,0.7265,8,3,Q,120.077315
sortedness,0.72,0.7265,8,1,M,106.385353
sortedness,0.72,0.7265,8,2,M,105.104313
sortedness,0.72,0.7265,8,3,M,120.509419
sortedness,0.72,0.7265,8,1,H,136.801749
sortedness,0.72,0.7265,8,2,H,129.128124
sortedness,0.72,0.7265,8,3,H,134.798214
sortedness,0.72,0.7265,8,1,R,150.274187
sortedness,0.72,0.7265,8,2,R,131.908987
sortedness,0.72,0.7265,8,3,R,172.260065
sortedness,0.72,0.7095,9,1,I,118.335062
sortedness,0.72,0.7095,9,2,I,122.072358
sortedness,0.72,0.7095,9,3,I,116.556842
sortedness,0.72,0.7095,9,1,Q,116.153927
sortedness,0.72,0.7095,9,2,Q,118.374029
sortedness,0.72,0.7095,9,3,Q,127.581378
sortedness,0.72,0.7095,9,1,M,139.497126
sortedness,0.72,0.7095,9,2,M,118.387934
sortedness,0.72,0.7095,9,3,M,118.372309
sortedness,0.72,0.7095,9,1,H,116.637544
sortedness,0.72,0.7095,9,2,H,116.168549
sortedness,0.72,0.7095,9,3,H,120.492904
sortedness,0.72,0.7095,9,1,R,122.287615
sortedness,0.72,0.7095,9,2,R,119.39231
sortedness,0.72,0.7095,9,3,R,119.126801
sortedness,0.72,0.71275,10,1,I,122.472876
sortedness,0.72,0.71275,10,2,I,118.824711
sortedness,0.72,0.71275,10,3,I,121.260758
sortedness,0.72,0.71275,10,1,Q,120.846927
sortedness,0.72,0.71275,10,2,Q,126.326277
sortedness,0.72,0.71275,10,3,Q,118.846841
sortedness,0.72,0.71275,10,1,M,129.912631
sortedness,0.72,0.71275,10,2,M,120.703191
sortedness,0.72,0.71275,10,3,M,117.266326
sortedness,0.72,0.71275,10,1,H,132.213104
sortedness,0.72,0.71275,10,2,H,117.788051
sortedness,0.72,0.71275,10,3,H,124.786726
sortedness,0.72,0.71275,10,1,R,119.192068
sortedness,0.72,0.71275,10,2,R,119.570102
sortedness,0.72,0.71275,10,3,R,121.053192
sortedness,0.72,0.71225,11,1,I,116.719426
sortedness,0.72,0.71225,11,2,I,124.190938
sortedness,0.72,0.71225,11,3,I,118.447792
sortedness,0.72,0.71225,11,1,Q,125.37551
sortedness,0.72,0.71225,11,2,Q,129.69007
sortedness,0.72,0.71225,11,3,Q,129.518887
sortedness,0.72,0.71225,11,1,M,127.638816
sortedness,0.72,0.71225,11,2,M,144.438853
sortedness,0.72,0.71225,11,3,M,126.091089
sortedness,0.72,0.71225,11,1,H,122.956235
sortedness,0.72,0.71225,11,2,H,119.404992
sortedness,0.72,0.71225,11,3,H,134.265409
sortedness,0.72,0.71225,11,1,R,126.628183
sortedness,0.72,0.71225,11,2,R,119.927338
sortedness,0.72,0.71225,11,3,R,123.961847
sortedness,0.73,0.733,1,1,I,119.746024
sortedness,0.73,0.733,1,2,I,117.457204
sortedness,0.73,0.733,1,3,I,136.82407
sortedness,0.73,0.733,1,1,Q,120.793087
sortedness,0.73,0.733,1,2,Q,118.758478
sortedness,0.73,0.733,1,3,Q,119.385563
sortedness,0.73,0.733,1,1,M,108.912231
sortedness,0.73,0.733,1,2,M,109.357288
sortedness,0.73,0.733,1,3,M,120.063798
sortedness,0.73,0.733,1,1,H,113.468158
sortedness,0.73,0.733,1,2,H,109.354497
sortedness,0.73,0.733,1,3,H,115.823473
sortedness,0.73,0.733,1,1,R,108.980857
sortedness,0.73,0.733,1,2,R,111.300973
sortedness,0.73,0.733,1,3,R,112.79356
sortedness,0.73,0.72925,2,1,I,104.896041
sortedness,0.73,0.72925,2,2,I,113.736858
sortedness,0.73,0.72925,2,3,I,110.499765
sortedness,0.73,0.72925,2,1,Q,115.326604
sortedness,0.73,0.72925,2,2,Q,108.649304
sortedness,0.73,0.72925,2,3,Q,98.721093
sortedness,0.73,0.72925,2,1,M,109.279316
sortedness,0.73,0.72925,2,2,M,111.464831
sortedness,0.73,0.72925,2,3,M,109.872545
sortedness,0.73,0.72925,2,1,H,114.560373
sortedness,0.73,0.72925,2,2,H,120.797903
sortedness,0.73,0.72925,2,3,H,105.249302
sortedness,0.73,0.72925,2,1,R,112.73378
sortedness,0.73,0.72925,2,2,R,99.35551
sortedness,0.73,0.72925,2,3,R,113.851141
sortedness,0.73,0.72825,3,1,I,111.727035
sortedness,0.73,0.72825,3,2,I,115.07291
sortedness,0.73,0.72825,3,3,I,117.681966
sortedness,0.73,0.72825,3,1,Q,117.150331
sortedness,0.73,0.72825,3,2,Q,113.113124
sortedness,0.73,0.72825,3,3,Q,113.157613
sortedness,0.73,0.72825,3,1,M,110.23005
sortedness,0.73,0.72825,3,2,M,111.947045
sortedness,0.73,0.72825,3,3,M,108.803817
sortedness,0.73,0.72825,3,1,H,113.252544
sortedness,0.73,0.72825,3,2,H,110.217797
sortedness,0.73,0.72825,3,3,H,113.603977
sortedness,0.73,0.72825,3,1,R,114.272626
sortedness,0.73,0.72825,3,2,R,107.026107
sortedness,0.73,0.72825,3,3,R,107.479992
sortedness,0.73,0.716,4,1,I,117.303523
sortedness,0.73,0.716,4,2,I,106.654659
sortedness,0.73,0.716,4,3,I,101.848173
sortedness,0.73,0.716,4,1,Q,110.477637
sortedness,0.73,0.716,4,2,Q,121.268081
sortedness,0.73,0.716,4,3,Q,118.049776
sortedness,0.73,0.716,4,1,M,125.217059
sortedness,0.73,0.716,4,2,M,114.002329
sortedness,0.73,0.716,4,3,M,109.813728
sortedness,0.73,0.716,4,1,H,110.603143
sortedness,0.73,0.716,4,2,H,111.866117
sortedness,0.73,0.716,4,3,H,114.64252
sortedness,0.73,0.716,4,1,R,109.98689
sortedness,0.73,0.716,4,2,R,110.487805
sortedness,0.73,0.716,4,3,R,112.482219
sortedness,0.73,0.73075,5,1,I,111.681412
sortedness,0.73,0.73075,5,2,I,116.012468
sortedness,0.73,0.73075,5,3,I,109.652829
sortedness,0.73,0.73075,5,1,Q,108.265793
sortedness,0.73,0.73075,5,2,Q,107.719442
sortedness,0.73,0.73075,5,3,Q,112.658829
sortedness,0.73,0.73075,5,1,M,110.927897
sortedness,0.73,0.73075,5,2,M,113.280904
sortedness,0.73,0.73075,5,3,M,109.185566
sortedness,0.73,0.73075,5,1,H,103.457582
sortedness,0.73,0.73075,5,2,H,114.013206
sortedness,0.73,0.73075,5,3,H,111.596837
sortedness,0.73,0.73075,5,1,R,116.381681
sortedness,0.73,0.73075,5,2,R,105.483146
sortedness,0.73,0.73075,5,3,R,112.431747
sortedness,0.73,0.734,6,1,I,109.901578
sortedness,0.73,0.734,6,2,I,116.546921
sortedness,0.73,0.734,6,3,I,113.336214
sortedness,0.73,0.734,6,1,Q,113.239091
sortedness,0.73,0.734,6,2,Q,111.341782
sortedness,0.73,0.734,6,3,Q,107.894082
sortedness,0.73,0.734,6,1,M,107.775333
sortedness,0.73,0.734,6,2,M,107.284424
sortedness,0.73,0.734,6,3,M,108.047609
sortedness,0.73,0.734,6,1,H,100.524562
sortedness,0.73,0.734,6,2,H,108.262496
sortedness,0.73,0.734,6,3,H,114.988202
sortedness,0.73,0.734,6,1,R,107.605278
sortedness,0.73,0.734,6,2,R,108.032424
sortedness,0.73,0.734,6,3,R,110.239492
sortedness,0.73,0.73975,7,1,I,119.063527
sortedness,0.73,0.73975,7,2,I,109.186889
sortedness,0.73,0.73975,7,3,I,108.447167
sortedness,0.73,0.73975,7,1,Q,107.547008
sortedness,0.73,0.73975,7,2,Q,108.435045
sortedness,0.73,0.73975,7,3,Q,108.879433
sortedness,0.73,0.73975,7,1,M,109.306005
sortedness,0.73,0.73975,7,2,M,110.149386
sortedness,0.73,0.73975,7,3,M,111.428843
sortedness,0.73,0.73975,7,1,H,109.604706
sortedness,0.73,0.73975,7,2,H,108.320959
sortedness,0.73,0.73975,7,3,H,111.080658
sortedness,0.73,0.73975,7,1,R,110.501274
sortedness,0.73,0.73975,7,2,R,107.714209
sortedness,0.73,0.73975,7,3,R,98.357532
sortedness,0.73,0.7215,8,1,I,106.539655
sortedness,0.73,0.7215,8,2,I,102.271724
sortedness,0.73,0.7215,8,3,I,109.00757
sortedness,0.73,0.7215,8,1,Q,112.764519
sortedness,0.73,0.7215,8,2,Q,110.208981
sortedness,0.73,0.7215,8,3,Q,101.328135
sortedness,0.73,0.7215,8,1,M,111.311329
sortedness,0.73,0.7215,8,2,M,109.347521
sortedness,0.73,0.7215,8,3,M,109.473412
sortedness,0.73,0.7215,8,1,H,113.347226
sortedness,0.73,0.7215,8,2,H,109.16964
sortedness,0.73,0.7215,8,3,H,117.279438
sortedness,0.73,0.7215,8,1,R,110.839898
sortedness,0.73,0.7215,8,2,R,110.822286
sortedness,0.73,0.7215,8,3,R,108.020287
sortedness,0.74,0.72125,1,1,I,109.689209
sortedness,0.74,0.72125,1,2,I,113.258639
sortedness,0.74,0.72125,1,3,I,131.989227
sortedness,0.74,0.72125,1,1,Q,115.280906
sortedness,0.74,0.72125,1,2,Q,110.441445
sortedness,0.74,0.72125,1,3,Q,113.645008
sortedness,0.74,0.72125,1,1,M,113.977848
sortedness,0.74,0.72125,1,2,M,110.457175
sortedness,0.74,0.72125,1,3,M,112.652162
sortedness,0.74,0.72125,1,1,H,112.181019
sortedness,0.74,0.72125,1,2,H,106.027848
sortedness,0.74,0.72125,1,3,H,111.708549
sortedness,0.74,0.72125,1,1,R,117.460381
sortedness,0.74,0.72125,1,2,R,114.063759
sortedness,0.74,0.72125,1,3,R,112.187484
sortedness,0.74,0.73325,2,1,I,116.657369
sortedness,0.74,0.73325,2,2,I,112.842061
sortedness,0.74,0.73325,2,3,I,109.898171
sortedness,0.74,0.73325,2,1,Q,116.151829
sortedness,0.74,0.73325,2,2,Q,111.003627
sortedness,0.74,0.73325,2,3,Q,111.173597
sortedness,0.74,0.73325,2,1,M,113.349603
sortedness,0.74,0.73325,2,2,M,115.068056
sortedness,0.74,0.73325,2,3,M,116.680425
sortedness,0.74,0.73325,2,1,H,113.990739
sortedness,0.74,0.73325,2,2,H,129.528296
sortedness,0.74,0.73325,2,3,H,113.992023
sortedness,0.74,0.73325,2,1,R,110.285034
sortedness,0.74,0.73325,2,2,R,119.756271
sortedness,0.74,0.73325,2,3,R,108.787552
sortedness,0.74,0.739,3,1,I,109.483237
sortedness,0.74,0.739,3,2,I,112.096962
sortedness,0.74,0.739,3,3,I,112.083441
sortedness,0.74,0.739,3,1,Q,106.197925
sortedness,0.74,0.739,3,2,Q,111.729999
sortedness,0.74,0.739,3,3,Q,107.746534
sortedness,0.74,0.739,3,1,M,112.531418
sortedness,0.74,0.739,3,2,M,109.291848
sortedness,0.74,0.739,3,3,M,106.996903
sortedness,0.74,0.739,3,1,H,114.673962
sortedness,0.74,0.739,3,2,H,106.372124
sortedness,0.74,0.739,3,3,H,108.169149
sortedness,0.74,0.739,3,1,R,115.006178
sortedness,0.74,0.739,3,2,R,110.535652
sortedness,0.74,0.739,3,3,R,114.798984
sortedness,0.74,0.74825,4,1,I,113.36584
sortedness,0.74,0.74825,4,2,I,114.108206
sortedness,0.74,0.74825,4,3,I,109.082587
sortedness,0.74,0.74825,4,1,Q,108.824071
sortedness,0.74,0.74825,4,2,Q,108.787722
sortedness,0.74,0.74825,4,3,Q,109.735939
sortedness,0.74,0.74825,4,1,M,111.54364
sortedness,0.74,0.74825,4,2,M,109.375696
sortedness,0.74,0.74825,4,3,M,108.464114
sortedness,0.74,0.74825,4,1,H,113.123104
sortedness,0.74,0.74825,4,2,H,114.628451
sortedness,0.74,0.74825,4,3,H,108.47909
sortedness,0.74,0.74825,4,1,R,107.632104
sortedness,0.74,0.74825,4,2,R,121.982298
sortedness,0.74,0.74825,4,3,R,122.066484
sortedness,0.74,0.73625,5,1,I,113.851139
sortedness,0.74,0.73625,5,2,I,111.616186
sortedness,0.74,0.73625,5,3,I,120.25429
sortedness,0.74,0.73625,5,1,Q,110.547477
sortedness,0.74,0.73625,5,2,Q,115.173172
sortedness,0.74,0.73625,5,3,Q,120.261272
sortedness,0.74,0.73625,5,1,M,101.520234
sortedness,0.74,0.73625,5,2,M,115.138085
sortedness,0.74,0.73625,5,3,M,112.533078
sortedness,0.74,0.73625,5,1,H,101.349651
sortedness,0.74,0.73625,5,2,H,111.28867
sortedness,0.74,0.73625,5,3,H,122.572626
sortedness,0.74,0.73625,5,1,R,110.093076
sortedness,0.74,0.73625,5,2,R,111.935748
sortedness,0.74,0.73625,5,3,R,113.253645
sortedness,0.74,0.7525,6,1,I,110.927444
sortedness,0.74,0.7525,6,2,I,115.320768
sortedness,0.74,0.7525,6,3,I,107.281284
sortedness,0.74,0.7525,6,1,Q,112.789413
sortedness,0.74,0.7525,6,2,Q,107.791519
sortedness,0.74,0.7525,6,3,Q,113.635312
sortedness,0.74,0.7525,6,1,M,111.28918
sortedness,0.74,0.7525,6,2,M,117.964948
sortedness,0.74,0.7525,6,3,M,118.829621
sortedness,0.74,0.7525,6,1,H,110.521738
sortedness,0.74,0.7525,6,2,H,102.80936
sortedness,0.74,0.7525,6,3,H,114.204302
sortedness,0.74,0.7525,6,1,R,126.29852
sortedness,0.74,0.7525,6,2,R,121.898685
sortedness,0.74,0.7525,6,3,R,119.465664
sortedness,0.74,0.739,7,1,I,123.858249
sortedness,0.74,0.739,7,2,I,115.655666
sortedness,0.74,0.739,7,3,I,113.629726
sortedness,0.74,0.739,7,1,Q,112.199671
sortedness,0.74,0.739,7,2,Q,102.89302
sortedness,0.74,0.739,7,3,Q,113.551725
sortedness,0.74,0.739,7,1,M,119.551688
sortedness,0.74,0.739,7,2,M,113.939118
sortedness,0.74,0.739,7,3,M,122.61308
sortedness,0.74,0.739,7,1,H,120.248531
sortedness,0.74,0.739,7,2,H,126.055521
sortedness,0.74,0.739,7,3,H,111.008254
sortedness,0.74,0.739,7,1,R,112.318389
sortedness,0.74,0.739,7,2,R,119.179935
sortedness,0.74,0.739,7,3,R,115.900309
sortedness,0.74,0.73375,8,1,I,127.884997
sortedness,0.74,0.73375,8,2,I,116.283047
sortedness,0.74,0.73375,8,3,I,123.505076
sortedness,0.74,0.73375,8,1,Q,117.153213
sortedness,0.74,0.73375,8,2,Q,118.072515
sortedness,0.74,0.73375,8,3,Q,124.619756
sortedness,0.74,0.73375,8,1,M,124.050139
sortedness,0.74,0.73375,8,2,M,113.47332
sortedness,0.74,0.73375,8,3,M,104.289035
sortedness,0.74,0.73375,8,1,H,109.833314
sortedness,0.74,0.73375,8,2,H,118.418673
sortedness,0.74,0.73375,8,3,H,112.299671
sortedness,0.74,0.73375,8,1,R,111.948349
sortedness,0.74,0.73375,8,2,R,115.174583
sortedness,0.74,0.73375,8,3,R,111.79788
sortedness,0.75,0.749,1,1,I,111.502226
sortedness,0.75,0.749,1,2,I,115.504126
sortedness,0.75,0.749,1,3,I,113.067925
sortedness,0.75,0.749,1,1,Q,116.925193
sortedness,0.75,0.749,1,2,Q,118.536294
sortedness,0.75,0.749,1,3,Q,116.893559
sortedness,0.75,0.749,1,1,M,111.365843
sortedness,0.75,0.749,1,2,M,118.011029
sortedness,0.75,0.749,1,3,M,114.857982
sortedness,0.75,0.749,1,1,H,110.104152
sortedness,0.75,0.749,1,2,H,114.748882
sortedness,0.75,0.749,1,3,H,111.890494
sortedness,0.75,0.749,1,1,R,115.093372
sortedness,0.75,0.749,1,2,R,115.033674
sortedness,0.75,0.749,1,3,R,113.153039
sortedness,0.75,0.74775,2,1,I,111.305371
sortedness,0.75,0.74775,2,2,I,112.698472
sortedness,0.75,0.74775,2,3,I,112.941806
sortedness,0.75,0.74775,2,1,Q,113.80933
sortedness,0.75,0.74775,2,2,Q,124.311634
sortedness,0.75,0.74775,2,3,Q,103.513428
sortedness,0.75,0.74775,2,1,M,112.09637
sortedness,0.75,0.74775,2,2,M,126.193557
sortedness,0.75,0.74775,2,3,M,113.592851
sortedness,0.75,0.74775,2,1,H,126.039208
sortedness,0.75,0.74775,2,2,H,121.580472
sortedness,0.75,0.74775,2,3,H,100.498419
sortedness,0.75,0.74775,2,1,R,115.432207
sortedness,0.75,0.74775,2,2,R,114.307567
sortedness,0.75,0.74775,2,3,R,110.603441
sortedness,0.75,0.7495,3,1,I,112.55938
sortedness,0.75,0.7495,3,2,I,112.640094
sortedness,0.75,0.7495,3,3,I,112.804365
sortedness,0.75,0.7495,3,1,Q,115.953272
sortedness,0.75,0.7495,3,2,Q,116.743473
sortedness,0.75,0.7495,3,3,Q,114.682572
sortedness,0.75,0.7495,3,1,M,100.845873
sortedness,0.75,0.7495,3,2,M,114.411621
sortedness,0.75,0.7495,3,3,M,115.303491
sortedness,0.75,0.7495,3,1,H,103.587767
sortedness,0.75,0.7495,3,2,H,110.994446
sortedness,0.75,0.7495,3,3,H,107.989248
sortedness,0.75,0.7495,3,1,R,110.537767
sortedness,0.75,0.7495,3,2,R,110.059785
sortedness,0.75,0.7495,3,3,R,121.440321
sortedness,0.75,0.7495,4,1,I,118.322679
sortedness,0.75,0.7495,4,2,I,108.123686
sortedness,0.75,0.7495,4,3,I,115.229289
sortedness,0.75,0.7495,4,1,Q,113.909557
sortedness,0.75,0.7495,4,2,Q,113.601557
sortedness,0.75,0.7495,4,3,Q,109.447055
sortedness,0.75,0.7495,4,1,M,120.807922
sortedness,0.75,0.7495,4,2,M,109.239141
sortedness,0.75,0.7495,4,3,M,110.215685
sortedness,0.75,0.7495,4,1,H,113.162445
sortedness,0.75,0.7495,4,2,H,103.812362
sortedness,0.75,0.7495,4,3,H,119.239657
sortedness,0.75,0.7495,4,1,R,119.765705
sortedness,0.75,0.7495,4,2,R,112.454884
sortedness,0.75,0.7495,4,3,R,113.370839
sortedness,0.75,0.7515,5,1,I,108.980205
sortedness,0.75,0.7515,5,2,I,113.175391
sortedness,0.75,0.7515,5,3,I,115.476147
sortedness,0.75,0.7515,5,1,Q,111.29606
sortedness,0.75,0.7515,5,2,Q,115.884067
sortedness,0.75,0.7515,5,3,Q,118.613203
sortedness,0.75,0.7515,5,1,M,115.363885
sortedness,0.75,0.7515,5,2,M,115.803123
sortedness,0.75,0.7515,5,3,M,113.030369
sortedness,0.75,0.7515,5,1,H,127.244486
sortedness,0.75,0.7515,5,2,H,115.105149
sortedness,0.75,0.7515,5,3,H,113.035269
sortedness,0.75,0.7515,5,1,R,114.920574
sortedness,0.75,0.7515,5,2,R,110.075757
sortedness,0.75,0.7515,5,3,R,109.121316
sortedness,0.75,0.7465,6,1,I,113.341108
sortedness,0.75,0.7465,6,2,I,113.640248
sortedness,0.75,0.7465,6,3,I,130.598226
sortedness,0.75,0.7465,6,1,Q,114.73472
sortedness,0.75,0.7465,6,2,Q,142.498371
sortedness,0.75,0.7465,6,3,Q,119.053828
sortedness,0.75,0.7465,6,1,M,112.174137
sortedness,0.75,0.7465,6,2,M,110.722058
sortedness,0.75,0.7465,6,3,M,389.675046
sortedness,0.75,0.7465,6,1,H,239.998652
sortedness,0.75,0.7465,6,2,H,110.067378
sortedness,0.75,0.7465,6,3,H,112.540943
sortedness,0.75,0.7465,6,1,R,135.237033
sortedness,0.75,0.7465,6,2,R,113.792371
sortedness,0.75,0.7465,6,3,R,130.723103
sortedness,0.75,0.75425,7,1,I,120.258687
sortedness,0.75,0.75425,7,2,I,123.540066
sortedness,0.75,0.75425,7,3,I,112.418088
sortedness,0.75,0.75425,7,1,Q,113.008204
sortedness,0.75,0.75425,7,2,Q,112.404564
sortedness,0.75,0.75425,7,3,Q,121.032865
sortedness,0.75,0.75425,7,1,M,121.784181
sortedness,0.75,0.75425,7,2,M,122.99359
sortedness,0.75,0.75425,7,3,M,113.800212
sortedness,0.75,0.75425,7,1,H,119.99312
sortedness,0.75,0.75425,7,2,H,110.761115
sortedness,0.75,0.75425,7,3,H,116.597898
sortedness,0.75,0.75425,7,1,R,112.028958
sortedness,0.75,0.75425,7,2,R,128.311186
sortedness,0.75,0.75425,7,3,R,114.029652
sortedness,0.75,0.7515,8,1,I,115.758862
sortedness,0.75,0.7515,8,2,I,112.238357
sortedness,0.75,0.7515,8,3,I,111.075728
sortedness,0.75,0.7515,8,1,Q,120.167075
sortedness,0.75,0.7515,8,2,Q,117.519667
sortedness,0.75,0.7515,8,3,Q,122.671501
sortedness,0.75,0.7515,8,1,M,128.271692
sortedness,0.75,0.7515,8,2,M,115.673437
sortedness,0.75,0.7515,8,3,M,107.650365
sortedness,0.75,0.7515,8,1,H,127.198241
sortedness,0.75,0.7515,8,2,H,134.924262
sortedness,0.75,0.7515,8,3,H,117.275215
sortedness,0.75,0.7515,8,1,R,119.681518
sortedness,0.75,0.7515,8,2,R,128.571831
sortedness,0.75,0.7515,8,3,R,112.126102
sortedness,0.75,0.74675,9,1,I,113.314155
sortedness,0.75,0.74675,9,2,I,111.286974
sortedness,0.75,0.74675,9,3,I,119.760924
sortedness,0.75,0.74675,9,1,Q,112.495835
sortedness,0.75,0.74675,9,2,Q,116.350546
sortedness,0.75,0.74675,9,3,Q,113.032195
sortedness,0.75,0.74675,9,1,M,103.077173
sortedness,0.75,0.74675,9,2,M,113.703713
sortedness,0.75,0.74675,9,3,M,116.795876
sortedness,0.75,0.74675,9,1,H,118.875324
sortedness,0.75,0.74675,9,2,H,124.206788
sortedness,0.75,0.74675,9,3,H,114.749475
sortedness,0.75,0.74675,9,1,R,114.374907
sortedness,0.75,0.74675,9,2,R,112.148731
sortedness,0.75,0.74675,9,3,R,120.866533
sortedness,0.75,0.749,10,1,I,124.016838
sortedness,0.75,0.749,10,2,I,116.789777
sortedness,0.75,0.749,10,3,I,107.487726
sortedness,0.75,0.749,10,1,Q,110.52907
sortedness,0.75,0.749,10,2,Q,116.064871
sortedness,0.75,0.749,10,3,Q,110.797503
sortedness,0.75,0.749,10,1,M,112.084824
sortedness,0.75,0.749,10,2,M,121.758057
sortedness,0.75,0.749,10,3,M,123.557346
sortedness,0.75,0.749,10,1,H,114.349254
sortedness,0.75,0.749,10,2,H,110.685721
sortedness,0.75,0.749,10,3,H,112.385128
sortedness,0.75,0.749,10,1,R,122.091649
sortedness,0.75,0.749,10,2,R,114.674219
sortedness,0.75,0.749,10,3,R,120.949333
sortedness,0.75,0.75725,11,1,I,109.771121
sortedness,0.75,0.75725,11,2,I,138.47696
sortedness,0.75,0.75725,11,3,I,115.3801
sortedness,0.75,0.75725,11,1,Q,104.728849
sortedness,0.75,0.75725,11,2,Q,115.93944
sortedness,0.75,0.75725,11,3,Q,113.36152
sortedness,0.75,0.75725,11,1,M,116.158342
sortedness,0.75,0.75725,11,2,M,112.821426
sortedness,0.75,0.75725,11,3,M,123.471324
sortedness,0.75,0.75725,11,1,H,111.461411
sortedness,0.75,0.75725,11,2,H,107.233056
sortedness,0.75,0.75725,11,3,H,103.280642
sortedness,0.75,0.75725,11,1,R,115.358412
sortedness,0.75,0.75725,11,2,R,113.100737
sortedness,0.75,0.75725,11,3,R,118.701308
sortedness,0.75,0.7575,12,1,I,115.49664
sortedness,0.75,0.7575,12,2,I,100.750919
sortedness,0.75,0.7575,12,3,I,111.997031
sortedness,0.75,0.7575,12,1,Q,116.048643
sortedness,0.75,0.7575,12,2,Q,110.968315
sortedness,0.75,0.7575,12,3,Q,100.114628
sortedness,0.75,0.7575,12,1,M,101.215591
sortedness,0.75,0.7575,12,2,M,109.079131
sortedness,0.75,0.7575,12,3,M,102.435664
sortedness,0.75,0.7575,12,1,H,111.350161
sortedness,0.75,0.7575,12,2,H,109.657552
sortedness,0.75,0.7575,12,3,H,115.139217
sortedness,0.75,0.7575,12,1,R,108.682978
sortedness,0.75,0.7575,12,2,R,106.218801
sortedness,0.75,0.7575,12,3,R,117.678072
sortedness,0.75,0.74525,13,1,I,114.540671
sortedness,0.75,0.74525,13,2,I,109.153617
sortedness,0.75,0.74525,13,3,I,153.507052
sortedness,0.75,0.74525,13,1,Q,113.359446
sortedness,0.75,0.74525,13,2,Q,111.483053
sortedness,0.75,0.74525,13,3,Q,108.949023
sortedness,0.75,0.74525,13,1,M,111.24276
sortedness,0.75,0.74525,13,2,M,110.443204
sortedness,0.75,0.74525,13,3,M,110.827089
sortedness,0.75,0.74525,13,1,H,108.931254
sortedness,0.75,0.74525,13,2,H,121.417774
sortedness,0.75,0.74525,13,3,H,116.034814
sortedness,0.75,0.74525,13,1,R,114.20631
sortedness,0.75,0.74525,13,2,R,112.519676
sortedness,0.75,0.74525,13,3,R,126.219261
sortedness,0.75,0.76125,14,1,I,112.348839
sortedness,0.75,0.76125,14,2,I,112.131597
sortedness,0.75,0.76125,14,3,I,116.237663
sortedness,0.75,0.76125,14,1,Q,128.210831
sortedness,0.75,0.76125,14,2,Q,124.557018
sortedness,0.75,0.76125,14,3,Q,100.81509
sortedness,0.75,0.76125,14,1,M,116.429803
sortedness,0.75,0.76125,14,2,M,113.185805
sortedness,0.75,0.76125,14,3,M,111.549
sortedness,0.75,0.76125,14,1,H,104.744272
sortedness,0.75,0.76125,14,2,H,112.470433
sortedness,0.75,0.76125,14,3,H,113.005531
sortedness,0.75,0.76125,14,1,R,114.94025
sortedness,0.75,0.76125,14,2,R,113.565984
sortedness,0.75,0.76125,14,3,R,122.710359
sortedness,0.75,0.76,15,1,I,120.357966
sortedness,0.75,0.76,15,2,I,114.57811
sortedness,0.75,0.76,15,3,I,110.387391
sortedness,0.75,0.76,15,1,Q,118.282767
sortedness,0.75,0.76,15,2,Q,122.365178
sortedness,0.75,0.76,15,3,Q,117.18031
sortedness,0.75,0.76,15,1,M,113.326505
sortedness,0.75,0.76,15,2,M,116.355446
sortedness,0.75,0.76,15,3,M,109.043597
sortedness,0.75,0.76,15,1,H,102.944577
sortedness,0.75,0.76,15,2,H,113.688674
sortedness,0.75,0.76,15,3,H,112.923254
sortedness,0.75,0.76,15,1,R,113.438887
sortedness,0.75,0.76,15,2,R,167.470435
sortedness,0.75,0.76,15,3,R,111.573769
sortedness,0.75,0.75325,16,1,I,116.910614
sortedness,0.75,0.75325,16,2,I,107.95557
sortedness,0.75,0.75325,16,3,I,115.872746
sortedness,0.75,0.75325,16,1,Q,117.34663
sortedness,0.75,0.75325,16,2,Q,112.40503
sortedness,0.75,0.75325,16,3,Q,117.66847
sortedness,0.75,0.75325,16,1,M,117.791117
sortedness,0.75,0.75325,16,2,M,111.258003
sortedness,0.75,0.75325,16,3,M,110.015423
sortedness,0.75,0.75325,16,1,H,114.386977
sortedness,0.75,0.75325,16,2,H,112.631375
sortedness,0.75,0.75325,16,3,H,122.706021
sortedness,0.75,0.75325,16,1,R,124.755714
sortedness,0.75,0.75325,16,2,R,119.407462
sortedness,0.75,0.75325,16,3,R,122.533217
sortedness,0.75,0.7515,17,1,I,109.845114
sortedness,0.75,0.7515,17,2,I,112.032096
sortedness,0.75,0.7515,17,3,I,112.818033
sortedness,0.75,0.7515,17,1,Q,122.713716
sortedness,0.75,0.7515,17,2,Q,113.286234
sortedness,0.75,0.7515,17,3,Q,107.703448
sortedness,0.75,0.7515,17,1,M,112.607922
sortedness,0.75,0.7515,17,2,M,109.470443
sortedness,0.75,0.7515,17,3,M,112.29655
sortedness,0.75,0.7515,17,1,H,111.542294
sortedness,0.75,0.7515,17,2,H,104.663094
sortedness,0.75,0.7515,17,3,H,111.826198
sortedness,0.75,0.7515,17,1,R,113.737823
sortedness,0.75,0.7515,17,2,R,110.107747
sortedness,0.75,0.7515,17,3,R,114.636273
sortedness,0.75,0.752,18,1,I,103.052061
sortedness,0.75,0.752,18,2,I,115.91893
sortedness,0.75,0.752,18,3,I,114.131793
sortedness,0.75,0.752,18,1,Q,124.06968
sortedness,0.75,0.752,18,2,Q,123.235187
sortedness,0.75,0.752,18,3,Q,111.31652
sortedness,0.75,0.752,18,1,M,108.479573
sortedness,0.75,0.752,18,2,M,109.861624
sortedness,0.75,0.752,18,3,M,109.47344
sortedness,0.75,0.752,18,1,H,113.725605
sortedness,0.75,0.752,18,2,H,116.698247
sortedness,0.75,0.752,18,3,H,127.356769
sortedness,0.75,0.752,18,1,R,117.296878
sortedness,0.75,0.752,18,2,R,117.549733
sortedness,0.75,0.752,18,3,R,118.468116
sortedness,0.75,0.751,19,1,I,120.683573
sortedness,0.75,0.751,19,2,I,121.250336
sortedness,0.75,0.751,19,3,I,108.588357
sortedness,0.75,0.751,19,1,Q,109.773893
sortedness,0.75,0.751,19,2,Q,100.766544
sortedness,0.75,0.751,19,3,Q,116.813209
sortedness,0.75,0.751,19,1,M,112.672765
sortedness,0.75,0.751,19,2,M,114.30587
sortedness,0.75,0.751,19,3,M,114.11905
sortedness,0.75,0.751,19,1,H,112.484048
sortedness,0.75,0.751,19,2,H,113.056001
sortedness,0.75,0.751,19,3,H,126.615755
sortedness,0.75,0.751,19,1,R,119.063508
sortedness,0.75,0.751,19,2,R,115.360765
sortedness,0.75,0.751,19,3,R,119.26911
sortedness,0.75,0.74525,20,1,I,116.199777
sortedness,0.75,0.74525,20,2,I,110.740479
sortedness,0.75,0.74525,20,3,I,107.17081
sortedness,0.75,0.74525,20,1,Q,109.964324
sortedness,0.75,0.74525,20,2,Q,108.930633
sortedness,0.75,0.74525,20,3,Q,111.269727
sortedness,0.75,0.74525,20,1,M,114.371179
sortedness,0.75,0.74525,20,2,M,111.783723
sortedness,0.75,0.74525,20,3,M,109.536302
sortedness,0.75,0.74525,20,1,H,107.194145
sortedness,0.75,0.74525,20,2,H,111.690193
sortedness,0.75,0.74525,20,3,H,110.897229
sortedness,0.75,0.74525,20,1,R,114.205492
sortedness,0.75,0.74525,20,2,R,109.807022
sortedness,0.75,0.74525,20,3,R,110.115873
sortedness,0.75,0.75375,21,1,I,111.061886
sortedness,0.75,0.75375,21,2,I,111.645799
sortedness,0.75,0.75375,21,3,I,117.261926
sortedness,0.75,0.75375,21,1,Q,109.295058
sortedness,0.75,0.75375,21,2,Q,112.386606
sortedness,0.75,0.75375,21,3,Q,109.647201
sortedness,0.75,0.75375,21,1,M,112.378603
sortedness,0.75,0.75375,21,2,M,109.713024
sortedness,0.75,0.75375,21,3,M,112.136637
sortedness,0.75,0.75375,21,1,H,111.367447
sortedness,0.75,0.75375,21,2,H,111.133344
sortedness,0.75,0.75375,21,3,H,116.392437
sortedness,0.75,0.75375,21,1,R,115.743414
sortedness,0.75,0.75375,21,2,R,112.193759
sortedness,0.75,0.75375,21,3,R,114.867949
sortedness,0.75,0.746,22,1,I,120.250302
sortedness,0.75,0.746,22,2,I,116.048531
sortedness,0.75,0.746,22,3,I,108.661596
sortedness,0.75,0.746,22,1,Q,116.528252
sortedness,0.75,0.746,22,2,Q,109.531668
sortedness,0.75,0.746,22,3,Q,107.48469
sortedness,0.75,0.746,22,1,M,109.119634
sortedness,0.75,0.746,22,2,M,109.352758
sortedness,0.75,0.746,22,3,M,114.146677
sortedness,0.75,0.746,22,1,H,114.920511
sortedness,0.75,0.746,22,2,H,126.760381
sortedness,0.75,0.746,22,3,H,112.642837
sortedness,0.75,0.746,22,1,R,109.371659
sortedness,0.75,0.746,22,2,R,106.667281
sortedness,0.75,0.746,22,3,R,95.920539
sortedness,0.75,0.75925,23,1,I,108.945946
sortedness,0.75,0.75925,23,2,I,110.269425
sortedness,0.75,0.75925,23,3,I,107.563671
sortedness,0.75,0.75925,23,1,Q,108.806367
sortedness,0.75,0.75925,23,2,Q,112.505809
sortedness,0.75,0.75925,23,3,Q,110.528472
sortedness,0.75,0.75925,23,1,M,110.629355
sortedness,0.75,0.75925,23,2,M,110.608009
sortedness,0.75,0.75925,23,3,M,110.947554
sortedness,0.75,0.75925,23,1,H,113.620114
sortedness,0.75,0.75925,23,2,H,103.235447
sortedness,0.75,0.75925,23,3,H,109.14671
sortedness,0.75,0.75925,23,1,R,111.033252
sortedness,0.75,0.75925,23,2,R,107.707957
sortedness,0.75,0.75925,23,3,R,110.695199
sortedness,0.75,0.75125,24,1,I,111.875334
sortedness,0.75,0.75125,24,2,I,111.880175
sortedness,0.75,0.75125,24,3,I,109.082537
sortedness,0.75,0.75125,24,1,Q,114.514234
sortedness,0.75,0.75125,24,2,Q,112.19281
sortedness,0.75,0.75125,24,3,Q,109.036916
sortedness,0.75,0.75125,24,1,M,109.20514
sortedness,0.75,0.75125,24,2,M,108.901774
sortedness,0.75,0.75125,24,3,M,112.570466
sortedness,0.75,0.75125,24,1,H,110.1123
sortedness,0.75,0.75125,24,2,H,112.699077
sortedness,0.75,0.75125,24,3,H,101.834514
sortedness,0.75,0.75125,24,1,R,111.127181
sortedness,0.75,0.75125,24,2,R,113.595444
sortedness,0.75,0.75125,24,3,R,113.861816
sortedness,0.75,0.74425,25,1,I,102.185921
sortedness,0.75,0.74425,25,2,I,112.581649
sortedness,0.75,0.74425,25,3,I,111.96621
sortedness,0.75,0.74425,25,1,Q,111.022042
sortedness,0.75,0.74425,25,2,Q,109.032839
sortedness,0.75,0.74425,25,3,Q,101.372689
sortedness,0.75,0.74425,25,1,M,107.358694
sortedness,0.75,0.74425,25,2,M,108.677643
sortedness,0.75,0.74425,25,3,M,112.585317
sortedness,0.75,0.74425,25,1,H,110.517737
sortedness,0.75,0.74425,25,2,H,109.303457
sortedness,0.75,0.74425,25,3,H,114.270805
sortedness,0.75,0.74425,25,1,R,108.113898
sortedness,0.75,0.74425,25,2,R,108.253232
sortedness,0.75,0.74425,25,3,R,114.863422
sortedness,0.75,0.76,26,1,I,107.942081
sortedness,0.75,0.76,26,2,I,107.714666
sortedness,0.75,0.76,26,3,I,107.327698
sortedness,0.75,0.76,26,1,Q,110.41401
sortedness,0.75,0.76,26,2,Q,110.121544
sortedness,0.75,0.76,26,3,Q,117.023527
sortedness,0.75,0.76,26,1,M,116.637852
sortedness,0.75,0.76,26,2,M,111.782822
sortedness,0.75,0.76,26,3,M,108.014548
sortedness,0.75,0.76,26,1,H,109.510045
sortedness,0.75,0.76,26,2,H,110.711374
sortedness,0.75,0.76,26,3,H,113.710682
sortedness,0.75,0.76,26,1,R,109.505573
sortedness,0.75,0.76,26,2,R,110.228974
sortedness,0.75,0.76,26,3,R,113.403551
sortedness,0.75,0.7375,27,1,I,109.944028
sortedness,0.75,0.7375,27,2,I,102.370197
sortedness,0.75,0.7375,27,3,I,111.005918
sortedness,0.75,0.7375,27,1,Q,112.845971
sortedness,0.75,0.7375,27,2,Q,125.306088
sortedness,0.75,0.7375,27,3,Q,105.364788
sortedness,0.75,0.7375,27,1,M,109.657343
sortedness,0.75,0.7375,27,2,M,108.293072
sortedness,0.75,0.7375,27,3,M,111.49069
sortedness,0.75,0.7375,27,1,H,111.964471
sortedness,0.75,0.7375,27,2,H,113.940142
sortedness,0.75,0.7375,27,3,H,115.355774
sortedness,0.75,0.7375,27,1,R,109.631001
sortedness,0.75,0.7375,27,2,R,111.432549
sortedness,0.75,0.7375,27,3,R,109.705999
sortedness,0.75,0.7485,28,1,I,108.390794
sortedness,0.75,0.7485,28,2,I,108.85324
sortedness,0.75,0.7485,28,3,I,114.254488
sortedness,0.75,0.7485,28,1,Q,112.883033
sortedness,0.75,0.7485,28,2,Q,113.041557
sortedness,0.75,0.7485,28,3,Q,113.252597
sortedness,0.75,0.7485,28,1,M,115.351726
sortedness,0.75,0.7485,28,2,M,109.700302
sortedness,0.75,0.7485,28,3,M,107.908508
sortedness,0.75,0.7485,28,1,H,114.053135
sortedness,0.75,0.7485,28,2,H,130.185879
sortedness,0.75,0.7485,28,3,H,118.603428
sortedness,0.75,0.7485,28,1,R,108.478486
sortedness,0.75,0.7485,28,2,R,111.323745
sortedness,0.75,0.7485,28,3,R,114.507862
sortedness,0.75,0.744,29,1,I,109.173288
sortedness,0.75,0.744,29,2,I,106.969612
sortedness,0.75,0.744,29,3,I,109.130422
sortedness,0.75,0.744,29,1,Q,113.1396
sortedness,0.75,0.744,29,2,Q,107.425043
sortedness,0.75,0.744,29,3,Q,111.144355
sortedness,0.75,0.744,29,1,M,107.838581
sortedness,0.75,0.744,29,2,M,116.891448
sortedness,0.75,0.744,29,3,M,115.089889
sortedness,0.75,0.744,29,1,H,97.48649
sortedness,0.75,0.744,29,2,H,108.770884
sortedness,0.75,0.744,29,3,H,110.979761
sortedness,0.75,0.744,29,1,R,114.178765
sortedness,0.75,0.744,29,2,R,107.253942
sortedness,0.75,0.744,29,3,R,120.761444
sortedness,0.75,0.75625,30,1,I,119.44188
sortedness,0.75,0.75625,30,2,I,107.053117
sortedness,0.75,0.75625,30,3,I,111.814299
sortedness,0.75,0.75625,30,1,Q,106.695789
sortedness,0.75,0.75625,30,2,Q,119.245659
sortedness,0.75,0.75625,30,3,Q,110.31195
sortedness,0.75,0.75625,30,1,M,113.633314
sortedness,0.75,0.75625,30,2,M,108.450363
sortedness,0.75,0.75625,30,3,M,114.7685
sortedness,0.75,0.75625,30,1,H,111.963632
sortedness,0.75,0.75625,30,2,H,111.274798
sortedness,0.75,0.75625,30,3,H,111.526013
sortedness,0.75,0.75625,30,1,R,110.618209
sortedness,0.75,0.75625,30,2,R,113.276585
sortedness,0.75,0.75625,30,3,R,114.308611
sortedness,0.75,0.746,31,1,I,108.170056
sortedness,0.75,0.746,31,2,I,110.398725
sortedness,0.75,0.746,31,3,I,108.314228
sortedness,0.75,0.746,31,1,Q,113.643667
sortedness,0.75,0.746,31,2,Q,109.431458
sortedness,0.75,0.746,31,3,Q,111.102735
sortedness,0.75,0.746,31,1,M,112.116564
sortedness,0.75,0.746,31,2,M,116.806189
sortedness,0.75,0.746,31,3,M,108.724701
sortedness,0.75,0.746,31,1,H,111.146536
sortedness,0.75,0.746,31,2,H,134.401606
sortedness,0.75,0.746,31,3,H,107.805639
sortedness,0.75,0.746,31,1,R,114.567035
sortedness,0.75,0.746,31,2,R,118.496169
sortedness,0.75,0.746,31,3,R,109.843108
sortedness,0.75,0.74275,32,1,I,103.004177
sortedness,0.75,0.74275,32,2,I,111.214031
sortedness,0.75,0.74275,32,3,I,111.116306
sortedness,0.75,0.74275,32,1,Q,110.060869
sortedness,0.75,0.74275,32,2,Q,98.00758
sortedness,0.75,0.74275,32,3,Q,115.184647
sortedness,0.75,0.74275,32,1,M,108.71298
sortedness,0.75,0.74275,32,2,M,110.115642
sortedness,0.75,0.74275,32,3,M,109.276841
sortedness,0.75,0.74275,32,1,H,110.461544
sortedness,0.75,0.74275,32,2,H,111.519076
sortedness,0.75,0.74275,32,3,H,109.640673
sortedness,0.75,0.74275,32,1,R,107.787555
sortedness,0.75,0.74275,32,2,R,110.80981
sortedness,0.75,0.74275,32,3,R,100.726917
sortedness,0.76,0.761,1,1,I,113.945692
sortedness,0.76,0.761,1,2,I,113.370607
sortedness,0.76,0.761,1,3,I,108.217949
sortedness,0.76,0.761,1,1,Q,113.975899
sortedness,0.76,0.761,1,2,Q,108.064662
sortedness,0.76,0.761,1,3,Q,111.7585
sortedness,0.76,0.761,1,1,M,111.231728
sortedness,0.76,0.761,1,2,M,111.423614
sortedness,0.76,0.761,1,3,M,104.284629
sortedness,0.76,0.761,1,1,H,117.120035
sortedness,0.76,0.761,1,2,H,114.162856
sortedness,0.76,0.761,1,3,H,113.637486
sortedness,0.76,0.761,1,1,R,113.238963
sortedness,0.76,0.761,1,2,R,109.635118
sortedness,0.76,0.761,1,3,R,108.876984
sortedness,0.76,0.766,2,1,I,110.206242
sortedness,0.76,0.766,2,2,I,108.311032
sortedness,0.76,0.766,2,3,I,111.504662
sortedness,0.76,0.766,2,1,Q,115.304013
sortedness,0.76,0.766,2,2,Q,109.531505
sortedness,0.76,0.766,2,3,Q,108.557099
sortedness,0.76,0.766,2,1,M,109.458797
sortedness,0.76,0.766,2,2,M,108.757112
sortedness,0.76,0.766,2,3,M,114.30841
sortedness,0.76,0.766,2,1,H,128.113418
sortedness,0.76,0.766,2,2,H,112.039666
sortedness,0.76,0.766,2,3,H,111.088075
sortedness,0.76,0.766,2,1,R,111.90065
sortedness,0.76,0.766,2,2,R,121.257871
sortedness,0.76,0.766,2,3,R,116.652602
sortedness,0.76,0.76975,3,1,I,105.198696
sortedness,0.76,0.76975,3,2,I,113.520669
sortedness,0.76,0.76975,3,3,I,113.882307
sortedness,0.76,0.76975,3,1,Q,114.073362
sortedness,0.76,0.76975,3,2,Q,115.704957
sortedness,0.76,0.76975,3,3,Q,121.453158
sortedness,0.76,0.76975,3,1,M,121.383422
sortedness,0.76,0.76975,3,2,M,115.338163
sortedness,0.76,0.76975,3,3,M,118.514057
sortedness,0.76,0.76975,3,1,H,111.721483
sortedness,0.76,0.76975,3,2,H,111.722739
sortedness,0.76,0.76975,3,3,H,109.107643
sortedness,0.76,0.76975,3,1,R,99.713433
sortedness,0.76,0.76975,3,2,R,112.50352
sortedness,0.76,0.76975,3,3,R,108.577618
sortedness,0.76,0.756,4,1,I,106.639862
sortedness,0.76,0.756,4,2,I,111.321139
sortedness,0.76,0.756,4,3,I,113.377174
sortedness,0.76,0.756,4,1,Q,109.096302
sortedness,0.76,0.756,4,2,Q,112.981313
sortedness,0.76,0.756,4,3,Q,110.672725
sortedness,0.76,0.756,4,1,M,109.525836
sortedness,0.76,0.756,4,2,M,112.203348
sortedness,0.76,0.756,4,3,M,113.2764
sortedness,0.76,0.756,4,1,H,112.770369
sortedness,0.76,0.756,4,2,H,113.006978
sortedness,0.76,0.756,4,3,H,109.501683
sortedness,0.76,0.756,4,1,R,109.903468
sortedness,0.76,0.756,4,2,R,110.727976
sortedness,0.76,0.756,4,3,R,101.625481
sortedness,0.76,0.7665,5,1,I,108.536242
sortedness,0.76,0.7665,5,2,I,109.450628
sortedness,0.76,0.7665,5,3,I,113.464364
sortedness,0.76,0.7665,5,1,Q,112.725998
sortedness,0.76,0.7665,5,2,Q,110.44682
sortedness,0.76,0.7665,5,3,Q,106.97642
sortedness,0.76,0.7665,5,1,M,108.001482
sortedness,0.76,0.7665,5,2,M,108.692361
sortedness,0.76,0.7665,5,3,M,109.00983
sortedness,0.76,0.7665,5,1,H,120.195149
sortedness,0.76,0.7665,5,2,H,97.95681
sortedness,0.76,0.7665,5,3,H,102.037535
sortedness,0.76,0.7665,5,1,R,107.665037
sortedness,0.76,0.7665,5,2,R,107.892376
sortedness,0.76,0.7665,5,3,R,108.086623
sortedness,0.76,0.76,6,1,I,106.663735
sortedness,0.76,0.76,6,2,I,111.969101
sortedness,0.76,0.76,6,3,I,110.451375
sortedness,0.76,0.76,6,1,Q,110.321161
sortedness,0.76,0.76,6,2,Q,108.460722
sortedness,0.76,0.76,6,3,Q,112.252956
sortedness,0.76,0.76,6,1,M,118.090003
sortedness,0.76,0.76,6,2,M,118.444071
sortedness,0.76,0.76,6,3,M,100.302046
sortedness,0.76,0.76,6,1,H,112.069755
sortedness,0.76,0.76,6,2,H,101.142216
sortedness,0.76,0.76,6,3,H,108.962193
sortedness,0.76,0.76,6,1,R,110.583516
sortedness,0.76,0.76,6,2,R,122.830749
sortedness,0.76,0.76,6,3,R,111.661009
sortedness,0.76,0.75375,7,1,I,109.676855
sortedness,0.76,0.75375,7,2,I,106.580962
sortedness,0.76,0.75375,7,3,I,106.07184
sortedness,0.76,0.75375,7,1,Q,108.405648
sortedness,0.76,0.75375,7,2,Q,112.443112
sortedness,0.76,0.75375,7,3,Q,109.672258
sortedness,0.76,0.75375,7,1,M,102.944103
sortedness,0.76,0.75375,7,2,M,113.941052
sortedness,0.76,0.75375,7,3,M,104.032815
sortedness,0.76,0.75375,7,1,H,113.452313
sortedness,0.76,0.75375,7,2,H,114.617657
sortedness,0.76,0.75375,7,3,H,108.933154
sortedness,0.76,0.75375,7,1,R,108.945036
sortedness,0.76,0.75375,7,2,R,100.488327
sortedness,0.76,0.75375,7,3,R,109.141882
sortedness,0.76,0.77125,8,1,I,108.743628
sortedness,0.76,0.77125,8,2,I,110.430192
sortedness,0.76,0.77125,8,3,I,115.637817
sortedness,0.76,0.77125,8,1,Q,116.308009
sortedness,0.76,0.77125,8,2,Q,98.398352
sortedness,0.76,0.77125,8,3,Q,108.159906
sortedness,0.76,0.77125,8,1,M,112.232494
sortedness,0.76,0.77125,8,2,M,112.036551
sortedness,0.76,0.77125,8,3,M,113.137354
sortedness,0.76,0.77125,8,1,H,112.7096
sortedness,0.76,0.77125,8,2,H,117.331646
sortedness,0.76,0.77125,8,3,H,112.529789
sortedness,0.76,0.77125,8,1,R,111.872611
sortedness,0.76,0.77125,8,2,R,112.395581
sortedness,0.76,0.77125,8,3,R,106.557689
sortedness,0.77,0.7615,1,1,I,113.230474
sortedness,0.77,0.7615,1,2,I,109.410151
sortedness,0.77,0.7615,1,3,I,111.832225
sortedness,0.77,0.7615,1,1,Q,110.094672
sortedness,0.77,0.7615,1,2,Q,112.881071
sortedness,0.77,0.7615,1,3,Q,117.962633
sortedness,0.77,0.7615,1,1,M,112.051158
sortedness,0.77,0.7615,1,2,M,110.876224
sortedness,0.77,0.7615,1,3,M,110.973743
sortedness,0.77,0.7615,1,1,H,111.249276
sortedness,0.77,0.7615,1,2,H,108.925786
sortedness,0.77,0.7615,1,3,H,110.123695
sortedness,0.77,0.7615,1,1,R,112.110075
sortedness,0.77,0.7615,1,2,R,107.388923
sortedness,0.77,0.7615,1,3,R,107.808513
sortedness,0.77,0.75875,2,1,I,112.498232
sortedness,0.77,0.75875,2,2,I,100.280801
sortedness,0.77,0.75875,2,3,I,107.841571
sortedness,0.77,0.75875,2,1,Q,110.67741
sortedness,0.77,0.75875,2,2,Q,110.931113
sortedness,0.77,0.75875,2,3,Q,106.712076
sortedness,0.77,0.75875,2,1,M,108.617132
sortedness,0.77,0.75875,2,2,M,115.920828
sortedness,0.77,0.75875,2,3,M,121.3075
sortedness,0.77,0.75875,2,1,H,112.578344
sortedness,0.77,0.75875,2,2,H,111.691182
sortedness,0.77,0.75875,2,3,H,109.006049
sortedness,0.77,0.75875,2,1,R,112.643466
sortedness,0.77,0.75875,2,2,R,117.411841
sortedness,0.77,0.75875,2,3,R,108.009298
sortedness,0.77,0.777,3,1,I,109.807868
sortedness,0.77,0.777,3,2,I,107.96189
sortedness,0.77,0.777,3,3,I,107.933648
sortedness,0.77,0.777,3,1,Q,110.841978
sortedness,0.77,0.777,3,2,Q,115.536888
sortedness,0.77,0.777,3,3,Q,108.591602
sortedness,0.77,0.777,3,1,M,109.381844
sortedness,0.77,0.777,3,2,M,110.739643
sortedness,0.77,0.777,3,3,M,130.69974
sortedness,0.77,0.777,3,1,H,112.265706
sortedness,0.77,0.777,3,2,H,109.580349
sortedness,0.77,0.777,3,3,H,109.684675
sortedness,0.77,0.777,3,1,R,114.074904
sortedness,0.77,0.777,3,2,R,110.979453
sortedness,0.77,0.777,3,3,R,106.600084
sortedness,0.77,0.7625,4,1,I,98.64528
sortedness,0.77,0.7625,4,2,I,98.281798
sortedness,0.77,0.7625,4,3,I,109.404545
sortedness,0.77,0.7625,4,1,Q,109.039318
sortedness,0.77,0.7625,4,2,Q,109.182667
sortedness,0.77,0.7625,4,3,Q,107.83377
sortedness,0.77,0.7625,4,1,M,106.267986
sortedness,0.77,0.7625,4,2,M,114.695811
sortedness,0.77,0.7625,4,3,M,106.895755
sortedness,0.77,0.7625,4,1,H,112.457572
sortedness,0.77,0.7625,4,2,H,116.561975
sortedness,0.77,0.7625,4,3,H,110.171434
sortedness,0.77,0.7625,4,1,R,109.601965
sortedness,0.77,0.7625,4,2,R,119.335458
sortedness,0.77,0.7625,4,3,R,111.477508
sortedness,0.77,0.752,5,1,I,110.229965
sortedness,0.77,0.752,5,2,I,114.61203
sortedness,0.77,0.752,5,3,I,107.515894
sortedness,0.77,0.752,5,1,Q,113.498514
sortedness,0.77,0.752,5,2,Q,112.798452
sortedness,0.77,0.752,5,3,Q,108.953643
sortedness,0.77,0.752,5,1,M,113.236347
sortedness,0.77,0.752,5,2,M,113.541964
sortedness,0.77,0.752,5,3,M,114.913209
sortedness,0.77,0.752,5,1,H,111.139407
sortedness,0.77,0.752,5,2,H,116.841654
sortedness,0.77,0.752,5,3,H,113.882098
sortedness,0.77,0.752,5,1,R,113.64509
sortedness,0.77,0.752,5,2,R,113.891519
sortedness,0.77,0.752,5,3,R,111.505361
sortedness,0.77,0.76825,6,1,I,109.86234
sortedness,0.77,0.76825,6,2,I,115.026244
sortedness,0.77,0.76825,6,3,I,112.243102
sortedness,0.77,0.76825,6,1,Q,111.904743
sortedness,0.77,0.76825,6,2,Q,117.094727
sortedness,0.77,0.76825,6,3,Q,111.52837
sortedness,0.77,0.76825,6,1,M,112.261078
sortedness,0.77,0.76825,6,2,M,113.52666
sortedness,0.77,0.76825,6,3,M,127.149208
sortedness,0.77,0.76825,6,1,H,117.356227
sortedness,0.77,0.76825,6,2,H,126.262779
sortedness,0.77,0.76825,6,3,H,110.467412
sortedness,0.77,0.76825,6,1,R,112.143452
sortedness,0.77,0.76825,6,2,R,109.988678
sortedness,0.77,0.76825,6,3,R,112.232755
sortedness,0.77,0.77275,7,1,I,109.749774
sortedness,0.77,0.77275,7,2,I,112.026994
sortedness,0.77,0.77275,7,3,I,113.149662
sortedness,0.77,0.77275,7,1,Q,110.231194
sortedness,0.77,0.77275,7,2,Q,111.116685
sortedness,0.77,0.77275,7,3,Q,110.821547
sortedness,0.77,0.77275,7,1,M,110.844761
sortedness,0.77,0.77275,7,2,M,107.407387
sortedness,0.77,0.77275,7,3,M,110.069376
sortedness,0.77,0.77275,7,1,H,108.639926
sortedness,0.77,0.77275,7,2,H,112.482005
sortedness,0.77,0.77275,7,3,H,116.082039
sortedness,0.77,0.77275,7,1,R,107.988549
sortedness,0.77,0.77275,7,2,R,108.42857
sortedness,0.77,0.77275,7,3,R,112.892337
sortedness,0.77,0.7745,8,1,I,108.880777
sortedness,0.77,0.7745,8,2,I,109.478114
sortedness,0.77,0.7745,8,3,I,109.246762
sortedness,0.77,0.7745,8,1,Q,109.512957
sortedness,0.77,0.7745,8,2,Q,110.684972
sortedness,0.77,0.7745,8,3,Q,112.880134
sortedness,0.77,0.7745,8,1,M,115.031453
sortedness,0.77,0.7745,8,2,M,112.865488
sortedness,0.77,0.7745,8,3,M,111.432522
sortedness,0.77,0.7745,8,1,H,116.579355
sortedness,0.77,0.7745,8,2,H,111.03822
sortedness,0.77,0.7745,8,3,H,111.856387
sortedness,0.77,0.7745,8,1,R,111.093118
sortedness,0.77,0.7745,8,2,R,105.820294
sortedness,0.77,0.7745,8,3,R,110.448179
sortedness,0.78,0.7785,1,1,I,107.571799
sortedness,0.78,0.7785,1,2,I,110.800978
sortedness,0.78,0.7785,1,3,I,110.058585
sortedness,0.78,0.7785,1,1,Q,109.249622
sortedness,0.78,0.7785,1,2,Q,110.7684
sortedness,0.78,0.7785,1,3,Q,111.133129
sortedness,0.78,0.7785,1,1,M,112.753519
sortedness,0.78,0.7785,1,2,M,119.817118
sortedness,0.78,0.7785,1,3,M,113.122749
sortedness,0.78,0.7785,1,1,H,110.201605
sortedness,0.78,0.7785,1,2,H,114.007788
sortedness,0.78,0.7785,1,3,H,106.889104
sortedness,0.78,0.7785,1,1,R,117.424526
sortedness,0.78,0.7785,1,2,R,115.401614
sortedness,0.78,0.7785,1,3,R,109.478186
sortedness,0.78,0.78275,2,1,I,117.765494
sortedness,0.78,0.78275,2,2,I,112.080147
sortedness,0.78,0.78275,2,3,I,109.535594
sortedness,0.78,0.78275,2,1,Q,113.953883
sortedness,0.78,0.78275,2,2,Q,122.911455
sortedness,0.78,0.78275,2,3,Q,108.015484
sortedness,0.78,0.78275,2,1,M,110.624767
sortedness,0.78,0.78275,2,2,M,103.889638
sortedness,0.78,0.78275,2,3,M,109.71407
sortedness,0.78,0.78275,2,1,H,120.77376
sortedness,0.78,0.78275,2,2,H,121.472437
sortedness,0.78,0.78275,2,3,H,110.566619
sortedness,0.78,0.78275,2,1,R,118.771104
sortedness,0.78,0.78275,2,2,R,109.719594
sortedness,0.78,0.78275,2,3,R,108.150377
sortedness,0.78,0.7775,3,1,I,110.486981
sortedness,0.78,0.7775,3,2,I,108.605628
sortedness,0.78,0.7775,3,3,I,108.935635
sortedness,0.78,0.7775,3,1,Q,109.066164
sortedness,0.78,0.7775,3,2,Q,121.591509
sortedness,0.78,0.7775,3,3,Q,110.657955
sortedness,0.78,0.7775,3,1,M,112.498919
sortedness,0.78,0.7775,3,2,M,116.698198
sortedness,0.78,0.7775,3,3,M,116.727535
sortedness,0.78,0.7775,3,1,H,117.472476
sortedness,0.78,0.7775,3,2,H,115.990829
sortedness,0.78,0.7775,3,3,H,112.268502
sortedness,0.78,0.7775,3,1,R,117.790557
sortedness,0.78,0.7775,3,2,R,116.142487
sortedness,0.78,0.7775,3,3,R,116.557279
sortedness,0.78,0.781,4,1,I,115.253686
sortedness,0.78,0.781,4,2,I,113.271072
sortedness,0.78,0.781,4,3,I,120.245543
sortedness,0.78,0.781,4,1,Q,120.530004
sortedness,0.78,0.781,4,2,Q,114.583572
sortedness,0.78,0.781,4,3,Q,113.83027
sortedness,0.78,0.781,4,1,M,137.810994
sortedness,0.78,0.781,4,2,M,112.280586
sortedness,0.78,0.781,4,3,M,114.747339
sortedness,0.78,0.781,4,1,H,109.919913
sortedness,0.78,0.781,4,2,H,111.436031
sortedness,0.78,0.781,4,3,H,114.515889
sortedness,0.78,0.781,4,1,R,108.601791
sortedness,0.78,0.781,4,2,R,112.667224
sortedness,0.78,0.781,4,3,R,112.550288
sortedness,0.78,0.7765,5,1,I,117.273221
sortedness,0.78,0.7765,5,2,I,114.349678
sortedness,0.78,0.7765,5,3,I,110.971843
sortedness,0.78,0.7765,5,1,Q,116.864246
sortedness,0.78,0.7765,5,2,Q,114.076691
sortedness,0.78,0.7765,5,3,Q,112.874712
sortedness,0.78,0.7765,5,1,M,111.638111
sortedness,0.78,0.7765,5,2,M,113.428639
sortedness,0.78,0.7765,5,3,M,126.45064
sortedness,0.78,0.7765,5,1,H,110.558728
sortedness,0.78,0.7765,5,2,H,109.70782
sortedness,0.78,0.7765,5,3,H,110.984781
sortedness,0.78,0.7765,5,1,R,114.915698
sortedness,0.78,0.7765,5,2,R,114.0333
sortedness,0.78,0.7765,5,3,R,111.231831
sortedness,0.78,0.7785,6,1,I,116.196772
sortedness,0.78,0.7785,6,2,I,109.5658
sortedness,0.78,0.7785,6,3,I,108.79975
sortedness,0.78,0.7785,6,1,Q,116.190562
sortedness,0.78,0.7785,6,2,Q,113.829867
sortedness,0.78,0.7785,6,3,Q,113.329603
sortedness,0.78,0.7785,6,1,M,110.939011
sortedness,0.78,0.7785,6,2,M,116.116172
sortedness,0.78,0.7785,6,3,M,117.776467
sortedness,0.78,0.7785,6,1,H,121.20088
sortedness,0.78,0.7785,6,2,H,129.738111
sortedness,0.78,0.7785,6,3,H,116.798822
sortedness,0.78,0.7785,6,1,R,112.57302
sortedness,0.78,0.7785,6,2,R,119.381212
sortedness,0.78,0.7785,6,3,R,112.929543
sortedness,0.78,0.78225,7,1,I,111.378593
sortedness,0.78,0.78225,7,2,I,117.138011
sortedness,0.78,0.78225,7,3,I,104.994842
sortedness,0.78,0.78225,7,1,Q,100.896975
sortedness,0.78,0.78225,7,2,Q,116.02894
sortedness,0.78,0.78225,7,3,Q,120.008974
sortedness,0.78,0.78225,7,1,M,113.696445
sortedness,0.78,0.78225,7,2,M,112.827849
sortedness,0.78,0.78225,7,3,M,112.745522
sortedness,0.78,0.78225,7,1,H,109.458674
sortedness,0.78,0.78225,7,2,H,113.397154
sortedness,0.78,0.78225,7,3,H,106.148249
sortedness,0.78,0.78225,7,1,R,113.291386
sortedness,0.78,0.78225,7,2,R,113.687958
sortedness,0.78,0.78225,7,3,R,111.76003
sortedness,0.78,0.7855,8,1,I,112.941955
sortedness,0.78,0.7855,8,2,I,110.265315
sortedness,0.78,0.7855,8,3,I,108.687767
sortedness,0.78,0.7855,8,1,Q,110.024666
sortedness,0.78,0.7855,8,2,Q,102.531122
sortedness,0.78,0.7855,8,3,Q,107.394416
sortedness,0.78,0.7855,8,1,M,115.172264
sortedness,0.78,0.7855,8,2,M,120.262147
sortedness,0.78,0.7855,8,3,M,118.588761
sortedness,0.78,0.7855,8,1,H,116.665042
sortedness,0.78,0.7855,8,2,H,112.011896
sortedness,0.78,0.7855,8,3,H,111.009186
sortedness,0.78,0.7855,8,1,R,108.992041
sortedness,0.78,0.7855,8,2,R,108.937241
sortedness,0.78,0.7855,8,3,R,110.752311
sortedness,0.79,0.77725,1,1,I,114.023782
sortedness,0.79,0.77725,1,2,I,112.861497
sortedness,0.79,0.77725,1,3,I,119.105611
sortedness,0.79,0.77725,1,1,Q,114.071015
sortedness,0.79,0.77725,1,2,Q,123.702108
sortedness,0.79,0.77725,1,3,Q,116.173968
sortedness,0.79,0.77725,1,1,M,118.390488
sortedness,0.79,0.77725,1,2,M,115.408785
sortedness,0.79,0.77725,1,3,M,120.486032
sortedness,0.79,0.77725,1,1,H,112.060441
sortedness,0.79,0.77725,1,2,H,112.964369
sortedness,0.79,0.77725,1,3,H,112.528047
sortedness,0.79,0.77725,1,1,R,114.552738
sortedness,0.79,0.77725,1,2,R,118.743739
sortedness,0.79,0.77725,1,3,R,112.297441
sortedness,0.79,0.79375,2,1,I,103.617289
sortedness,0.79,0.79375,2,2,I,115.716283
sortedness,0.79,0.79375,2,3,I,101.676087
sortedness,0.79,0.79375,2,1,Q,141.732831
sortedness,0.79,0.79375,2,2,Q,129.828018
sortedness,0.79,0.79375,2,3,Q,112.83405
sortedness,0.79,0.79375,2,1,M,115.833983
sortedness,0.79,0.79375,2,2,M,100.203498
sortedness,0.79,0.79375,2,3,M,113.851491
sortedness,0.79,0.79375,2,1,H,109.944648
sortedness,0.79,0.79375,2,2,H,113.348465
sortedness,0.79,0.79375,2,3,H,109.19623
sortedness,0.79,0.79375,2,1,R,112.728736
sortedness,0.79,0.79375,2,2,R,120.856807
sortedness,0.79,0.79375,2,3,R,112.687169
sortedness,0.79,0.7835,3,1,I,108.784344
sortedness,0.79,0.7835,3,2,I,121.27437
sortedness,0.79,0.7835,3,3,I,101.568352
sortedness,0.79,0.7835,3,1,Q,102.964883
sortedness,0.79,0.7835,3,2,Q,116.005113
sortedness,0.79,0.7835,3,3,Q,109.73598
sortedness,0.79,0.7835,3,1,M,112.631537
sortedness,0.79,0.7835,3,2,M,115.800248
sortedness,0.79,0.7835,3,3,M,109.095512
sortedness,0.79,0.7835,3,1,H,110.059478
sortedness,0.79,0.7835,3,2,H,115.21951
sortedness,0.79,0.7835,3,3,H,115.894355
sortedness,0.79,0.7835,3,1,R,116.194479
sortedness,0.79,0.7835,3,2,R,116.251973
sortedness,0.79,0.7835,3,3,R,116.205337
sortedness,0.79,0.7835,4,1,I,116.179866
sortedness,0.79,0.7835,4,2,I,112.115731
sortedness,0.79,0.7835,4,3,I,117.882661
sortedness,0.79,0.7835,4,1,Q,126.300541
sortedness,0.79,0.7835,4,2,Q,117.959568
sortedness,0.79,0.7835,4,3,Q,114.843018
sortedness,0.79,0.7835,4,1,M,112.954726
sortedness,0.79,0.7835,4,2,M,122.177381
sortedness,0.79,0.7835,4,3,M,119.361781
sortedness,0.79,0.7835,4,1,H,125.05307
sortedness,0.79,0.7835,4,2,H,122.653446
sortedness,0.79,0.7835,4,3,H,110.736929
sortedness,0.79,0.7835,4,1,R,109.313591
sortedness,0.79,0.7835,4,2,R,108.375249
sortedness,0.79,0.7835,4,3,R,119.169296
sortedness,0.79,0.784,5,1,I,112.478842
sortedness,0.79,0.784,5,2,I,144.551484
sortedness,0.79,0.784,5,3,I,112.087873
sortedness,0.79,0.784,5,1,Q,108.230731
sortedness,0.79,0.784,5,2,Q,115.292992
sortedness,0.79,0.784,5,3,Q,111.34249
sortedness,0.79,0.784,5,1,M,119.170561
sortedness,0.79,0.784,5,2,M,116.389353
sortedness,0.79,0.784,5,3,M,111.802714
sortedness,0.79,0.784,5,1,H,113.859673
sortedness,0.79,0.784,5,2,H,123.399942
sortedness,0.79,0.784,5,3,H,117.438778
sortedness,0.79,0.784,5,1,R,112.134747
sortedness,0.79,0.784,5,2,R,113.593607
sortedness,0.79,0.784,5,3,R,113.613565
sortedness,0.79,0.7985,6,1,I,113.538292
sortedness,0.79,0.7985,6,2,I,113.980766
sortedness,0.79,0.7985,6,3,I,117.8242
sortedness,0.79,0.7985,6,1,Q,119.091966
sortedness,0.79,0.7985,6,2,Q,122.645311
sortedness,0.79,0.7985,6,3,Q,114.843562
sortedness,0.79,0.7985,6,1,M,106.927772
sortedness,0.79,0.7985,6,2,M,126.766378
sortedness,0.79,0.7985,6,3,M,123.279392
sortedness,0.79,0.7985,6,1,H,115.860241
sortedness,0.79,0.7985,6,2,H,122.717394
sortedness,0.79,0.7985,6,3,H,120.60673
sortedness,0.79,0.7985,6,1,R,112.440594
sortedness,0.79,0.7985,6,2,R,111.928333
sortedness,0.79,0.7985,6,3,R,115.706848
sortedness,0.79,0.78925,7,1,I,114.89169
sortedness,0.79,0.78925,7,2,I,109.961251
sortedness,0.79,0.78925,7,3,I,100.408911
sortedness,0.79,0.78925,7,1,Q,113.266471
sortedness,0.79,0.78925,7,2,Q,117.437225
sortedness,0.79,0.78925,7,3,Q,115.517646
sortedness,0.79,0.78925,7,1,M,120.796784
sortedness,0.79,0.78925,7,2,M,110.175988
sortedness,0.79,0.78925,7,3,M,113.030044
sortedness,0.79,0.78925,7,1,H,118.575979
sortedness,0.79,0.78925,7,2,H,114.177828
sortedness,0.79,0.78925,7,3,H,113.207581
sortedness,0.79,0.78925,7,1,R,119.944929
sortedness,0.79,0.78925,7,2,R,115.986794
sortedness,0.79,0.78925,7,3,R,125.558702
sortedness,0.79,0.78475,8,1,I,110.165078
sortedness,0.79,0.78475,8,2,I,123.253219
sortedness,0.79,0.78475,8,3,I,106.903211
sortedness,0.79,0.78475,8,1,Q,120.01362
sortedness,0.79,0.78475,8,2,Q,112.444545
sortedness,0.79,0.78475,8,3,Q,109.880839
sortedness,0.79,0.78475,8,1,M,116.937626
sortedness,0.79,0.78475,8,2,M,113.432703
sortedness,0.79,0.78475,8,3,M,120.676366
sortedness,0.79,0.78475,8,1,H,115.985923
sortedness,0.79,0.78475,8,2,H,116.855667
sortedness,0.79,0.78475,8,3,H,111.855046
sortedness,0.79,0.78475,8,1,R,115.432815
sortedness,0.79,0.78475,8,2,R,113.834522
sortedness,0.79,0.78475,8,3,R,112.73481
sortedness,0.8,0.79975,1,1,I,121.442175
sortedness,0.8,0.79975,1,2,I,124.113584
sortedness,0.8,0.79975,1,3,I,117.000281
sortedness,0.8,0.79975,1,1,Q,117.339389
sortedness,0.8,0.79975,1,2,Q,122.687519
sortedness,0.8,0.79975,1,3,Q,111.994898
sortedness,0.8,0.79975,1,1,M,104.000906
sortedness,0.8,0.79975,1,2,M,110.59128
sortedness,0.8,0.79975,1,3,M,110.121352
sortedness,0.8,0.79975,1,1,H,110.792783
sortedness,0.8,0.79975,1,2,H,113.696074
sortedness,0.8,0.79975,1,3,H,113.025221
sortedness,0.8,0.79975,1,1,R,111.433955
sortedness,0.8,0.79975,1,2,R,114.473908
sortedness,0.8,0.79975,1,3,R,111.740545
sortedness,0.8,0.80075,2,1,I,110.219227
sortedness,0.8,0.80075,2,2,I,109.628156
sortedness,0.8,0.80075,2,3,I,116.715564
sortedness,0.8,0.80075,2,1,Q,116.082009
sortedness,0.8,0.80075,2,2,Q,113.749212
sortedness,0.8,0.80075,2,3,Q,103.200193
sortedness,0.8,0.80075,2,1,M,115.991395
sortedness,0.8,0.80075,2,2,M,113.250537
sortedness,0.8,0.80075,2,3,M,112.329345
sortedness,0.8,0.80075,2,1,H,113.961664
sortedness,0.8,0.80075,2,2,H,113.67541
sortedness,0.8,0.80075,2,3,H,121.605814
sortedness,0.8,0.80075,2,1,R,111.244474
sortedness,0.8,0.80075,2,2,R,116.32765
sortedness,0.8,0.80075,2,3,R,116.350008
sortedness,0.8,0.801,3,1,I,119.886285
sortedness,0.8,0.801,3,2,I,111.334438
sortedness,0.8,0.801,3,3,I,116.713525
sortedness,0.8,0.801,3,1,Q,113.02252
sortedness,0.8,0.801,3,2,Q,114.225838
sortedness,0.8,0.801,3,3,Q,114.523008
sortedness,0.8,0.801,3,1,M,103.472766
sortedness,0.8,0.801,3,2,M,112.540308
sortedness,0.8,0.801,3,3,M,119.068497
sortedness,0.8,0.801,3,1,H,108.037628
sortedness,0.8,0.801,3,2,H,109.711518
sortedness,0.8,0.801,3,3,H,110.535229
sortedness,0.8,0.801,3,1,R,109.046386
sortedness,0.8,0.801,3,2,R,99.397511
sortedness,0.8,0.801,3,3,R,112.873957
sortedness,0.8,0.80525,4,1,I,109.206984
sortedness,0.8,0.80525,4,2,I,105.587998
sortedness,0.8,0.80525,4,3,I,115.068819
sortedness,0.8,0.80525,4,1,Q,114.999782
sortedness,0.8,0.80525,4,2,Q,113.258607
sortedness,0.8,0.80525,4,3,Q,110.47499
sortedness,0.8,0.80525,4,1,M,112.409579
sortedness,0.8,0.80525,4,2,M,113.330384
sortedness,0.8,0.80525,4,3,M,116.943198
sortedness,0.8,0.80525,4,1,H,120.389502
sortedness,0.8,0.80525,4,2,H,113.806969
sortedness,0.8,0.80525,4,3,H,122.592382
sortedness,0.8,0.80525,4,1,R,113.404199
sortedness,0.8,0.80525,4,2,R,111.6414
sortedness,0.8,0.80525,4,3,R,111.982984
sortedness,0.8,0.80125,5,1,I,111.527113
sortedness,0.8,0.80125,5,2,I,109.727492
sortedness,0.8,0.80125,5,3,I,112.785105
sortedness,0.8,0.80125,5,1,Q,114.006729
sortedness,0.8,0.80125,5,2,Q,117.098578
sortedness,0.8,0.80125,5,3,Q,110.951937
sortedness,0.8,0.80125,5,1,M,112.179681
sortedness,0.8,0.80125,5,2,M,113.080124
sortedness,0.8,0.80125,5,3,M,113.642797
sortedness,0.8,0.80125,5,1,H,111.121278
sortedness,0.8,0.80125,5,2,H,115.067422
sortedness,0.8,0.80125,5,3,H,130.222614
sortedness,0.8,0.80125,5,1,R,119.87615
sortedness,0.8,0.80125,5,2,R,115.629978
sortedness,0.8,0.80125,5,3,R,111.241268
sortedness,0.8,0.8085,6,1,I,114.409471
sortedness,0.8,0.8085,6,2,I,113.941147
sortedness,0.8,0.8085,6,3,I,113.006445
sortedness,0.8,0.8085,6,1,Q,109.909177
sortedness,0.8,0.8085,6,2,Q,101.410042
sortedness,0.8,0.8085,6,3,Q,112.435625
sortedness,0.8,0.8085,6,1,M,113.229449
sortedness,0.8,0.8085,6,2,M,101.295905
sortedness,0.8,0.8085,6,3,M,111.860307
sortedness,0.8,0.8085,6,1,H,118.817588
sortedness,0.8,0.8085,6,2,H,114.845443
sortedness,0.8,0.8085,6,3,H,119.659479
sortedness,0.8,0.8085,6,1,R,114.013927
sortedness,0.8,0.8085,6,2,R,117.511179
sortedness,0.8,0.8085,6,3,R,111.838858
sortedness,0.8,0.79825,7,1,I,110.859457
sortedness,0.8,0.79825,7,2,I,112.259313
sortedness,0.8,0.79825,7,3,I,113.132942
sortedness,0.8,0.79825,7,1,Q,102.716316
sortedness,0.8,0.79825,7,2,Q,113.089351
sortedness,0.8,0.79825,7,3,Q,111.489944
sortedness,0.8,0.79825,7,1,M,110.120317
sortedness,0.8,0.79825,7,2,M,107.134365
sortedness,0.8,0.79825,7,3,M,110.39056
sortedness,0.8,0.79825,7,1,H,112.318971
sortedness,0.8,0.79825,7,2,H,116.643021
sortedness,0.8,0.79825,7,3,H,114.635541
sortedness,0.8,0.79825,7,1,R,103.96472
sortedness,0.8,0.79825,7,2,R,113.54074
sortedness,0.8,0.79825,7,3,R,109.263987
sortedness,0.8,0.7935,8,1,I,109.248115
sortedness,0.8,0.7935,8,2,I,112.433979
sortedness,0.8,0.7935,8,3,I,114.657175
sortedness,0.8,0.7935,8,1,Q,115.021461
sortedness,0.8,0.7935,8,2,Q,123.809245
sortedness,0.8,0.7935,8,3,Q,115.307417
sortedness,0.8,0.7935,8,1,M,113.241496
sortedness,0.8,0.7935,8,2,M,112.809606
sortedness,0.8,0.7935,8,3,M,101.951415
sortedness,0.8,0.7935,8,1,H,111.255583
sortedness,0.8,0.7935,8,2,H,119.963706
sortedness,0.8,0.7935,8,3,H,108.613702
sortedness,0.8,0.7935,8,1,R,101.650144
sortedness,0.8,0.7935,8,2,R,116.33786
sortedness,0.8,0.7935,8,3,R,112.615775
sortedness,0.81,0.804,1,1,I,113.425627
sortedness,0.81,0.804,1,2,I,111.279097
sortedness,0.81,0.804,1,3,I,112.212473
sortedness,0.81,0.804,1,1,Q,111.718959
sortedness,0.81,0.804,1,2,Q,115.335242
sortedness,0.81,0.804,1,3,Q,109.523959
sortedness,0.81,0.804,1,1,M,113.778732
sortedness,0.81,0.804,1,2,M,113.85979
sortedness,0.81,0.804,1,3,M,114.242817
sortedness,0.81,0.804,1,1,H,120.435214
sortedness,0.81,0.804,1,2,H,119.904072
sortedness,0.81,0.804,1,3,H,118.364287
sortedness,0.81,0.804,1,1,R,108.998734
sortedness,0.81,0.804,1,2,R,109.883329
sortedness,0.81,0.804,1,3,R,114.922796
sortedness,0.81,0.80575,2,1,I,110.623158
sortedness,0.81,0.80575,2,2,I,115.236146
sortedness,0.81,0.80575,2,3,I,109.340416
sortedness,0.81,0.80575,2,1,Q,109.882507
sortedness,0.81,0.80575,2,2,Q,112.540391
sortedness,0.81,0.80575,2,3,Q,113.12635
sortedness,0.81,0.80575,2,1,M,115.015303
sortedness,0.81,0.80575,2,2,M,109.565836
sortedness,0.81,0.80575,2,3,M,112.668107
sortedness,0.81,0.80575,2,1,H,111.020322
sortedness,0.81,0.80575,2,2,H,110.670187
sortedness,0.81,0.80575,2,3,H,108.204786
sortedness,0.81,0.80575,2,1,R,107.360373
sortedness,0.81,0.80575,2,2,R,106.677255
sortedness,0.81,0.80575,2,3,R,109.109038
sortedness,0.81,0.81025,3,1,I,110.9062
sortedness,0.81,0.81025,3,2,I,102.581621
sortedness,0.81,0.81025,3,3,I,119.607899
sortedness,0.81,0.81025,3,1,Q,108.702272
sortedness,0.81,0.81025,3,2,Q,123.418114
sortedness,0.81,0.81025,3,3,Q,129.244393
sortedness,0.81,0.81025,3,1,M,118.278579
sortedness,0.81,0.81025,3,2,M,118.378048
sortedness,0.81,0.81025,3,3,M,122.413734
sortedness,0.81,0.81025,3,1,H,121.67535
sortedness,0.81,0.81025,3,2,H,108.797082
sortedness,0.81,0.81025,3,3,H,114.135859
sortedness,0.81,0.81025,3,1,R,114.743461
sortedness,0.81,0.81025,3,2,R,112.285023
sortedness,0.81,0.81025,3,3,R,116.819561
sortedness,0.81,0.8,4,1,I,115.823084
sortedness,0.81,0.8,4,2,I,110.781436
sortedness,0.81,0.8,4,3,I,102.350067
sortedness,0.81,0.8,4,1,Q,108.777719
sortedness,0.81,0.8,4,2,Q,109.904822
sortedness,0.81,0.8,4,3,Q,111.006097
sortedness,0.81,0.8,4,1,M,109.261848
sortedness,0.81,0.8,4,2,M,111.319016
sortedness,0.81,0.8,4,3,M,110.742384
sortedness,0.81,0.8,4,1,H,115.023489
sortedness,0.81,0.8,4,2,H,112.697294
sortedness,0.81,0.8,4,3,H,110.019043
sortedness,0.81,0.8,4,1,R,108.378537
sortedness,0.81,0.8,4,2,R,110.777781
sortedness,0.81,0.8,4,3,R,109.698781
sortedness,0.81,0.812,5,1,I,112.646847
sortedness,0.81,0.812,5,2,I,113.09149
sortedness,0.81,0.812,5,3,I,115.571394
sortedness,0.81,0.812,5,1,Q,106.110721
sortedness,0.81,0.812,5,2,Q,111.771019
sortedness,0.81,0.812,5,3,Q,112.583494
sortedness,0.81,0.812,5,1,M,112.968137
sortedness,0.81,0.812,5,2,M,112.951633
sortedness,0.81,0.812,5,3,M,110.843147
sortedness,0.81,0.812,5,1,H,116.417473
sortedness,0.81,0.812,5,2,H,108.349915
sortedness,0.81,0.812,5,3,H,106.805786
sortedness,0.81,0.812,5,1,R,107.365084
sortedness,0.81,0.812,5,2,R,108.250372
sortedness,0.81,0.812,5,3,R,112.397326
sortedness,0.81,0.81775,6,1,I,108.904628
sortedness,0.81,0.81775,6,2,I,121.570567
sortedness,0.81,0.81775,6,3,I,110.213106
sortedness,0.81,0.81775,6,1,Q,110.226626
sortedness,0.81,0.81775,6,2,Q,109.057109
sortedness,0.81,0.81775,6,3,Q,112.797836
sortedness,0.81,0.81775,6,1,M,111.812518
sortedness,0.81,0.81775,6,2,M,114.711349
sortedness,0.81,0.81775,6,3,M,114.256394
sortedness,0.81,0.81775,6,1,H,123.263487
sortedness,0.81,0.81775,6,2,H,106.64821
sortedness,0.81,0.81775,6,3,H,117.854159
sortedness,0.81,0.81775,6,1,R,113.129459
sortedness,0.81,0.81775,6,2,R,103.783107
sortedness,0.81,0.81775,6,3,R,104.258756
sortedness,0.81,0.8065,7,1,I,108.441067
sortedness,0.81,0.8065,7,2,I,110.056723
sortedness,0.81,0.8065,7,3,I,100.654746
sortedness,0.81,0.8065,7,1,Q,109.941008
sortedness,0.81,0.8065,7,2,Q,112.968802
sortedness,0.81,0.8065,7,3,Q,111.546294
sortedness,0.81,0.8065,7,1,M,111.309349
sortedness,0.81,0.8065,7,2,M,110.6676
sortedness,0.81,0.8065,7,3,M,112.097847
sortedness,0.81,0.8065,7,1,H,110.603203
sortedness,0.81,0.8065,7,2,H,111.114369
sortedness,0.81,0.8065,7,3,H,109.825306
sortedness,0.81,0.8065,7,1,R,113.87693
sortedness,0.81,0.8065,7,2,R,107.507532
sortedness,0.81,0.8065,7,3,R,112.528937
sortedness,0.81,0.8185,8,1,I,110.220227
sortedness,0.81,0.8185,8,2,I,109.712757
sortedness,0.81,0.8185,8,3,I,113.1999
sortedness,0.81,0.8185,8,1,Q,110.596311
sortedness,0.81,0.8185,8,2,Q,115.68728
sortedness,0.81,0.8185,8,3,Q,108.93825
sortedness,0.81,0.8185,8,1,M,115.626492
sortedness,0.81,0.8185,8,2,M,115.075366
sortedness,0.81,0.8185,8,3,M,111.17299
sortedness,0.81,0.8185,8,1,H,110.455979
sortedness,0.81,0.8185,8,2,H,107.509138
sortedness,0.81,0.8185,8,3,H,108.653718
sortedness,0.81,0.8185,8,1,R,109.355627
sortedness,0.81,0.8185,8,2,R,113.300393
sortedness,0.81,0.8185,8,3,R,108.921321
sortedness,0.82,0.807,1,1,I,112.818144
sortedness,0.82,0.807,1,2,I,114.073024
sortedness,0.82,0.807,1,3,I,110.964552
sortedness,0.82,0.807,1,1,Q,110.543274
sortedness,0.82,0.807,1,2,Q,108.348141
sortedness,0.82,0.807,1,3,Q,114.131624
sortedness,0.82,0.807,1,1,M,108.646234
sortedness,0.82,0.807,1,2,M,116.815497
sortedness,0.82,0.807,1,3,M,111.611242
sortedness,0.82,0.807,1,1,H,123.706302
sortedness,0.82,0.807,1,2,H,108.644929
sortedness,0.82,0.807,1,3,H,99.696529
sortedness,0.82,0.807,1,1,R,117.364625
sortedness,0.82,0.807,1,2,R,111.418073
sortedness,0.82,0.807,1,3,R,109.564896
sortedness,0.82,0.827,2,1,I,111.72625
sortedness,0.82,0.827,2,2,I,113.003864
sortedness,0.82,0.827,2,3,I,117.647765
sortedness,0.82,0.827,2,1,Q,114.550695
sortedness,0.82,0.827,2,2,Q,113.45121
sortedness,0.82,0.827,2,3,Q,119.388796
sortedness,0.82,0.827,2,1,M,117.727127
sortedness,0.82,0.827,2,2,M,115.469011
sortedness,0.82,0.827,2,3,M,116.491547
sortedness,0.82,0.827,2,1,H,111.083047
sortedness,0.82,0.827,2,2,H,109.7875
sortedness,0.82,0.827,2,3,H,113.723169
sortedness,0.82,0.827,2,1,R,112.255692
sortedness,0.82,0.827,2,2,R,111.042983
sortedness,0.82,0.827,2,3,R,114.374397
sortedness,0.82,0.8245,3,1,I,111.151475
sortedness,0.82,0.8245,3,2,I,107.462528
sortedness,0.82,0.8245,3,3,I,114.379054
sortedness,0.82,0.8245,3,1,Q,105.448663
sortedness,0.82,0.8245,3,2,Q,112.980072
sortedness,0.82,0.8245,3,3,Q,105.176511
sortedness,0.82,0.8245,3,1,M,101.361811
sortedness,0.82,0.8245,3,2,M,110.346371
sortedness,0.82,0.8245,3,3,M,109.69152
sortedness,0.82,0.8245,3,1,H,111.49707
sortedness,0.82,0.8245,3,2,H,116.1404
sortedness,0.82,0.8245,3,3,H,110.813214
sortedness,0.82,0.8245,3,1,R,109.434507
sortedness,0.82,0.8245,3,2,R,97.820756
sortedness,0.82,0.8245,3,3,R,109.800308
sortedness,0.82,0.81925,4,1,I,99.57478
sortedness,0.82,0.81925,4,2,I,112.212772
sortedness,0.82,0.81925,4,3,I,115.316529
sortedness,0.82,0.81925,4,1,Q,103.928783
sortedness,0.82,0.81925,4,2,Q,114.012472
sortedness,0.82,0.81925,4,3,Q,127.872114
sortedness,0.82,0.81925,4,1,M,110.59697
sortedness,0.82,0.81925,4,2,M,118.913068
sortedness,0.82,0.81925,4,3,M,109.335557
sortedness,0.82,0.81925,4,1,H,115.099652
sortedness,0.82,0.81925,4,2,H,115.585081
sortedness,0.82,0.81925,4,3,H,107.81683
sortedness,0.82,0.81925,4,1,R,109.889545
sortedness,0.82,0.81925,4,2,R,121.437388
sortedness,0.82,0.81925,4,3,R,112.32997
sortedness,0.82,0.82825,5,1,I,120.263472
sortedness,0.82,0.82825,5,2,I,125.187677
sortedness,0.82,0.82825,5,3,I,107.959087
sortedness,0.82,0.82825,5,1,Q,110.83236
sortedness,0.82,0.82825,5,2,Q,112.267496
sortedness,0.82,0.82825,5,3,Q,108.663745
sortedness,0.82,0.82825,5,1,M,120.306944
sortedness,0.82,0.82825,5,2,M,115.091386
sortedness,0.82,0.82825,5,3,M,112.45795
sortedness,0.82,0.82825,5,1,H,108.347628
sortedness,0.82,0.82825,5,2,H,110.838823
sortedness,0.82,0.82825,5,3,H,109.550388
sortedness,0.82,0.82825,5,1,R,110.808562
sortedness,0.82,0.82825,5,2,R,112.40068
sortedness,0.82,0.82825,5,3,R,98.319056
sortedness,0.82,0.8285,6,1,I,111.099898
sortedness,0.82,0.8285,6,2,I,114.074041
sortedness,0.82,0.8285,6,3,I,111.222037
sortedness,0.82,0.8285,6,1,Q,110.410259
sortedness,0.82,0.8285,6,2,Q,110.125587
sortedness,0.82,0.8285,6,3,Q,100.92208
sortedness,0.82,0.8285,6,1,M,111.893911
sortedness,0.82,0.8285,6,2,M,112.539754
sortedness,0.82,0.8285,6,3,M,109.377567
sortedness,0.82,0.8285,6,1,H,109.781626
sortedness,0.82,0.8285,6,2,H,107.330204
sortedness,0.82,0.8285,6,3,H,111.349374
sortedness,0.82,0.8285,6,1,R,110.362147
sortedness,0.82,0.8285,6,2,R,113.599459
sortedness,0.82,0.8285,6,3,R,119.691745
sortedness,0.82,0.819,7,1,I,112.063143
sortedness,0.82,0.819,7,2,I,110.979594
sortedness,0.82,0.819,7,3,I,109.975457
sortedness,0.82,0.819,7,1,Q,109.748377
sortedness,0.82,0.819,7,2,Q,111.666784
sortedness,0.82,0.819,7,3,Q,116.102022
sortedness,0.82,0.819,7,1,M,114.792611
sortedness,0.82,0.819,7,2,M,113.527224
sortedness,0.82,0.819,7,3,M,117.130951
sortedness,0.82,0.819,7,1,H,115.472623
sortedness,0.82,0.819,7,2,H,112.466468
sortedness,0.82,0.819,7,3,H,107.319744
sortedness,0.82,0.819,7,1,R,125.547797
sortedness,0.82,0.819,7,2,R,121.375372
sortedness,0.82,0.819,7,3,R,113.613653
sortedness,0.82,0.81575,8,1,I,115.330259
sortedness,0.82,0.81575,8,2,I,113.674825
sortedness,0.82,0.81575,8,3,I,112.510796
sortedness,0.82,0.81575,8,1,Q,117.724538
sortedness,0.82,0.81575,8,2,Q,115.784885
sortedness,0.82,0.81575,8,3,Q,114.471487
sortedness,0.82,0.81575,8,1,M,113.586516
sortedness,0.82,0.81575,8,2,M,110.31828
sortedness,0.82,0.81575,8,3,M,117.537027
sortedness,0.82,0.81575,8,1,H,113.291399
sortedness,0.82,0.81575,8,2,H,113.644448
sortedness,0.82,0.81575,8,3,H,113.376052
sortedness,0.82,0.81575,8,1,R,112.720034
sortedness,0.82,0.81575,8,2,R,108.951996
sortedness,0.82,0.81575,8,3,R,111.962061
sortedness,0.83,0.82975,1,1,I,108.783032
sortedness,0.83,0.82975,1,2,I,110.653987
sortedness,0.83,0.82975,1,3,I,118.864418
sortedness,0.83,0.82975,1,1,Q,116.376445
sortedness,0.83,0.82975,1,2,Q,121.82408
sortedness,0.83,0.82975,1,3,Q,115.05925
sortedness,0.83,0.82975,1,1,M,112.32063
sortedness,0.83,0.82975,1,2,M,112.320015
sortedness,0.83,0.82975,1,3,M,107.579049
sortedness,0.83,0.82975,1,1,H,109.592088
sortedness,0.83,0.82975,1,2,H,112.003028
sortedness,0.83,0.82975,1,3,H,113.838491
sortedness,0.83,0.82975,1,1,R,112.222485
sortedness,0.83,0.82975,1,2,R,111.039115
sortedness,0.83,0.82975,1,3,R,113.433159
sortedness,0.83,0.813,2,1,I,110.347997
sortedness,0.83,0.813,2,2,I,114.685453
sortedness,0.83,0.813,2,3,I,112.293997
sortedness,0.83,0.813,2,1,Q,113.350417
sortedness,0.83,0.813,2,2,Q,109.608537
sortedness,0.83,0.813,2,3,Q,111.216209
sortedness,0.83,0.813,2,1,M,115.211918
sortedness,0.83,0.813,2,2,M,122.865216
sortedness,0.83,0.813,2,3,M,101.288126
sortedness,0.83,0.813,2,1,H,112.561458
sortedness,0.83,0.813,2,2,H,111.181742
sortedness,0.83,0.813,2,3,H,109.926334
sortedness,0.83,0.813,2,1,R,109.988215
sortedness,0.83,0.813,2,2,R,116.113522
sortedness,0.83,0.813,2,3,R,110.522973
sortedness,0.83,0.83875,3,1,I,112.850126
sortedness,0.83,0.83875,3,2,I,108.043225
sortedness,0.83,0.83875,3,3,I,109.63012
sortedness,0.83,0.83875,3,1,Q,110.476008
sortedness,0.83,0.83875,3,2,Q,114.646414
sortedness,0.83,0.83875,3,3,Q,115.354104
sortedness,0.83,0.83875,3,1,M,110.539959
sortedness,0.83,0.83875,3,2,M,115.01587
sortedness,0.83,0.83875,3,3,M,110.157887
sortedness,0.83,0.83875,3,1,H,114.942313
sortedness,0.83,0.83875,3,2,H,113.200439
sortedness,0.83,0.83875,3,3,H,118.580949
sortedness,0.83,0.83875,3,1,R,108.524553
sortedness,0.83,0.83875,3,2,R,111.095172
sortedness,0.83,0.83875,3,3,R,119.519479
sortedness,0.83,0.814,4,1,I,113.36408
sortedness,0.83,0.814,4,2,I,108.140913
sortedness,0.83,0.814,4,3,I,107.969401
sortedness,0.83,0.814,4,1,Q,115.10959
sortedness,0.83,0.814,4,2,Q,118.353736
sortedness,0.83,0.814,4,3,Q,112.999996
sortedness,0.83,0.814,4,1,M,112.503766
sortedness,0.83,0.814,4,2,M,110.777059
sortedness,0.83,0.814,4,3,M,102.006791
sortedness,0.83,0.814,4,1,H,108.896011
sortedness,0.83,0.814,4,2,H,117.805229
sortedness,0.83,0.814,4,3,H,114.4322
sortedness,0.83,0.814,4,1,R,112.34306
sortedness,0.83,0.814,4,2,R,103.066397
sortedness,0.83,0.814,4,3,R,110.098281
sortedness,0.83,0.83175,5,1,I,112.154789
sortedness,0.83,0.83175,5,2,I,116.19133
sortedness,0.83,0.83175,5,3,I,116.954694
sortedness,0.83,0.83175,5,1,Q,114.144732
sortedness,0.83,0.83175,5,2,Q,115.851031
sortedness,0.83,0.83175,5,3,Q,116.517923
sortedness,0.83,0.83175,5,1,M,128.124825
sortedness,0.83,0.83175,5,2,M,119.048637
sortedness,0.83,0.83175,5,3,M,99.785819
sortedness,0.83,0.83175,5,1,H,110.899895
sortedness,0.83,0.83175,5,2,H,109.626247
sortedness,0.83,0.83175,5,3,H,109.83439
sortedness,0.83,0.83175,5,1,R,112.731082
sortedness,0.83,0.83175,5,2,R,113.288693
sortedness,0.83,0.83175,5,3,R,110.94565
sortedness,0.83,0.84025,6,1,I,114.512995
sortedness,0.83,0.84025,6,2,I,111.085325
sortedness,0.83,0.84025,6,3,I,110.7461
sortedness,0.83,0.84025,6,1,Q,112.938066
sortedness,0.83,0.84025,6,2,Q,109.905794
sortedness,0.83,0.84025,6,3,Q,110.857706
sortedness,0.83,0.84025,6,1,M,100.901054
sortedness,0.83,0.84025,6,2,M,108.038746
sortedness,0.83,0.84025,6,3,M,110.451949
sortedness,0.83,0.84025,6,1,H,110.351279
sortedness,0.83,0.84025,6,2,H,111.923983
sortedness,0.83,0.84025,6,3,H,109.785307
sortedness,0.83,0.84025,6,1,R,110.871032
sortedness,0.83,0.84025,6,2,R,116.832229
sortedness,0.83,0.84025,6,3,R,115.381784
sortedness,0.83,0.8295,7,1,I,111.447874
sortedness,0.83,0.8295,7,2,I,118.167126
sortedness,0.83,0.8295,7,3,I,116.495484
sortedness,0.83,0.8295,7,1,Q,117.937453
sortedness,0.83,0.8295,7,2,Q,118.529281
sortedness,0.83,0.8295,7,3,Q,120.050007
sortedness,0.83,0.8295,7,1,M,117.128789
sortedness,0.83,0.8295,7,2,M,112.246651
sortedness,0.83,0.8295,7,3,M,125.911943
sortedness,0.83,0.8295,7,1,H,120.887003
sortedness,0.83,0.8295,7,2,H,111.533058
sortedness,0.83,0.8295,7,3,H,113.191396
sortedness,0.83,0.8295,7,1,R,115.721516
sortedness,0.83,0.8295,7,2,R,111.044897
sortedness,0.83,0.8295,7,3,R,108.759636
sortedness,0.83,0.8295,8,1,I,111.473604
sortedness,0.83,0.8295,8,2,I,117.058036
sortedness,0.83,0.8295,8,3,I,109.254045
sortedness,0.83,0.8295,8,1,Q,112.853948
sortedness,0.83,0.8295,8,2,Q,120.481305
sortedness,0.83,0.8295,8,3,Q,109.680264
sortedness,0.83,0.8295,8,1,M,114.500882
sortedness,0.83,0.8295,8,2,M,106.024736
sortedness,0.83,0.8295,8,3,M,107.894724
sortedness,0.83,0.8295,8,1,H,113.812163
sortedness,0.83,0.8295,8,2,H,109.032673
sortedness,0.83,0.8295,8,3,H,128.184682
sortedness,0.83,0.8295,8,1,R,108.907212
sortedness,0.83,0.8295,8,2,R,110.351372
sortedness,0.83,0.8295,8,3,R,110.500433
sortedness,0.84,0.8335,1,1,I,105.151257
sortedness,0.84,0.8335,1,2,I,114.143747
sortedness,0.84,0.8335,1,3,I,121.251065
sortedness,0.84,0.8335,1,1,Q,113.099066
sortedness,0.84,0.8335,1,2,Q,113.290391
sortedness,0.84,0.8335,1,3,Q,107.858398
sortedness,0.84,0.8335,1,1,M,108.304994
sortedness,0.84,0.8335,1,2,M,117.872656
sortedness,0.84,0.8335,1,3,M,116.426033
sortedness,0.84,0.8335,1,1,H,115.85307
sortedness,0.84,0.8335,1,2,H,110.214877
sortedness,0.84,0.8335,1,3,H,112.448975
sortedness,0.84,0.8335,1,1,R,109.233857
sortedness,0.84,0.8335,1,2,R,107.473672
sortedness,0.84,0.8335,1,3,R,113.574913
sortedness,0.84,0.84475,2,1,I,122.077084
sortedness,0.84,0.84475,2,2,I,111.60478
sortedness,0.84,0.84475,2,3,I,115.196782
sortedness,0.84,0.84475,2,1,Q,108.168871
sortedness,0.84,0.84475,2,2,Q,112.780638
sortedness,0.84,0.84475,2,3,Q,112.958868
sortedness,0.84,0.84475,2,1,M,109.205772
sortedness,0.84,0.84475,2,2,M,108.505956
sortedness,0.84,0.84475,2,3,M,111.938206
sortedness,0.84,0.84475,2,1,H,116.512789
sortedness,0.84,0.84475,2,2,H,115.363532
sortedness,0.84,0.84475,2,3,H,114.945226
sortedness,0.84,0.84475,2,1,R,115.990445
sortedness,0.84,0.84475,2,2,R,119.750282
sortedness,0.84,0.84475,2,3,R,112.434998
sortedness,0.84,0.845,3,1,I,113.124138
sortedness,0.84,0.845,3,2,I,115.689304
sortedness,0.84,0.845,3,3,I,111.751044
sortedness,0.84,0.845,3,1,Q,143.682416
sortedness,0.84,0.845,3,2,Q,117.682849
sortedness,0.84,0.845,3,3,Q,109.404407
sortedness,0.84,0.845,3,1,M,111.702906
sortedness,0.84,0.845,3,2,M,114.150015
sortedness,0.84,0.845,3,3,M,110.111496
sortedness,0.84,0.845,3,1,H,112.375155
sortedness,0.84,0.845,3,2,H,102.688028
sortedness,0.84,0.845,3,3,H,113.478706
sortedness,0.84,0.845,3,1,R,112.621508
sortedness,0.84,0.845,3,2,R,112.141042
sortedness,0.84,0.845,3,3,R,111.120999
sortedness,0.84,0.8445,4,1,I,111.868802
sortedness,0.84,0.8445,4,2,I,112.908576
sortedness,0.84,0.8445,4,3,I,108.776751
sortedness,0.84,0.8445,4,1,Q,107.451177
sortedness,0.84,0.8445,4,2,Q,117.394104
sortedness,0.84,0.8445,4,3,Q,109.224811
sortedness,0.84,0.8445,4,1,M,111.153468
sortedness,0.84,0.8445,4,2,M,110.85772
sortedness,0.84,0.8445,4,3,M,110.313845
sortedness,0.84,0.8445,4,1,H,110.756927
sortedness,0.84,0.8445,4,2,H,118.418141
sortedness,0.84,0.8445,4,3,H,111.505669
sortedness,0.84,0.8445,4,1,R,110.567286
sortedness,0.84,0.8445,4,2,R,110.304432
sortedness,0.84,0.8445,4,3,R,116.793232
sortedness,0.84,0.84175,5,1,I,104.339641
sortedness,0.84,0.84175,5,2,I,117.168685
sortedness,0.84,0.84175,5,3,I,116.380893
sortedness,0.84,0.84175,5,1,Q,109.782563
sortedness,0.84,0.84175,5,2,Q,109.578976
sortedness,0.84,0.84175,5,3,Q,99.421353
sortedness,0.84,0.84175,5,1,M,110.721342
sortedness,0.84,0.84175,5,2,M,109.086776
sortedness,0.84,0.84175,5,3,M,108.209499
sortedness,0.84,0.84175,5,1,H,111.032902
sortedness,0.84,0.84175,5,2,H,110.211472
sortedness,0.84,0.84175,5,3,H,111.432322
sortedness,0.84,0.84175,5,1,R,111.950727
sortedness,0.84,0.84175,5,2,R,110.555146
sortedness,0.84,0.84175,5,3,R,114.892123
sortedness,0.84,0.833,6,1,I,111.918135
sortedness,0.84,0.833,6,2,I,113.645493
sortedness,0.84,0.833,6,3,I,123.226729
sortedness,0.84,0.833,6,1,Q,114.132996
sortedness,0.84,0.833,6,2,Q,103.644405
sortedness,0.84,0.833,6,3,Q,109.647581
sortedness,0.84,0.833,6,1,M,111.76851
sortedness,0.84,0.833,6,2,M,107.974185
sortedness,0.84,0.833,6,3,M,113.333648
sortedness,0.84,0.833,6,1,H,111.819357
sortedness,0.84,0.833,6,2,H,111.648862
sortedness,0.84,0.833,6,3,H,116.606379
sortedness,0.84,0.833,6,1,R,97.43164
sortedness,0.84,0.833,6,2,R,119.133206
sortedness,0.84,0.833,6,3,R,115.664727
sortedness,0.84,0.847,7,1,I,111.257947
sortedness,0.84,0.847,7,2,I,114.392022
sortedness,0.84,0.847,7,3,I,111.868184
sortedness,0.84,0.847,7,1,Q,109.006385
sortedness,0.84,0.847,7,2,Q,134.378854
sortedness,0.84,0.847,7,3,Q,110.065228
sortedness,0.84,0.847,7,1,M,114.604792
sortedness,0.84,0.847,7,2,M,127.573323
sortedness,0.84,0.847,7,3,M,113.498853
sortedness,0.84,0.847,7,1,H,110.306744
sortedness,0.84,0.847,7,2,H,122.714849
sortedness,0.84,0.847,7,3,H,118.478471
sortedness,0.84,0.847,7,1,R,113.774091
sortedness,0.84,0.847,7,2,R,111.515989
sortedness,0.84,0.847,7,3,R,117.42717
sortedness,0.84,0.84425,8,1,I,110.160786
sortedness,0.84,0.84425,8,2,I,107.424188
sortedness,0.84,0.84425,8,3,I,110.689828
sortedness,0.84,0.84425,8,1,Q,113.776042
sortedness,0.84,0.84425,8,2,Q,105.812816
sortedness,0.84,0.84425,8,3,Q,112.455065
sortedness,0.84,0.84425,8,1,M,116.983114
sortedness,0.84,0.84425,8,2,M,118.684529
sortedness,0.84,0.84425,8,3,M,126.164875
sortedness,0.84,0.84425,8,1,H,114.837371
sortedness,0.84,0.84425,8,2,H,109.211787
sortedness,0.84,0.84425,8,3,H,114.606918
sortedness,0.84,0.84425,8,1,R,114.013636
sortedness,0.84,0.84425,8,2,R,101.607342
sortedness,0.84,0.84425,8,3,R,108.381988
sortedness,0.85,0.856,1,1,I,110.036228
sortedness,0.85,0.856,1,2,I,121.578332
sortedness,0.85,0.856,1,3,I,111.347657
sortedness,0.85,0.856,1,1,Q,107.232128
sortedness,0.85,0.856,1,2,Q,109.294783
sortedness,0.85,0.856,1,3,Q,112.720052
sortedness,0.85,0.856,1,1,M,113.285273
sortedness,0.85,0.856,1,2,M,110.952948
sortedness,0.85,0.856,1,3,M,113.466608
sortedness,0.85,0.856,1,1,H,114.484833
sortedness,0.85,0.856,1,2,H,102.402195
sortedness,0.85,0.856,1,3,H,112.065762
sortedness,0.85,0.856,1,1,R,110.619397
sortedness,0.85,0.856,1,2,R,111.02586
sortedness,0.85,0.856,1,3,R,109.820625
sortedness,0.85,0.85325,2,1,I,112.036751
sortedness,0.85,0.85325,2,2,I,107.072444
sortedness,0.85,0.85325,2,3,I,118.58965
sortedness,0.85,0.85325,2,1,Q,106.261328
sortedness,0.85,0.85325,2,2,Q,111.052881
sortedness,0.85,0.85325,2,3,Q,114.933385
sortedness,0.85,0.85325,2,1,M,119.142373
sortedness,0.85,0.85325,2,2,M,112.317456
sortedness,0.85,0.85325,2,3,M,120.027165
sortedness,0.85,0.85325,2,1,H,109.659949
sortedness,0.85,0.85325,2,2,H,110.633348
sortedness,0.85,0.85325,2,3,H,110.933545
sortedness,0.85,0.85325,2,1,R,119.620723
sortedness,0.85,0.85325,2,2,R,114.789204
sortedness,0.85,0.85325,2,3,R,128.713811
sortedness,0.85,0.84875,3,1,I,111.195513
sortedness,0.85,0.84875,3,2,I,108.128876
sortedness,0.85,0.84875,3,3,I,107.237285
sortedness,0.85,0.84875,3,1,Q,107.709912
sortedness,0.85,0.84875,3,2,Q,111.053808
sortedness,0.85,0.84875,3,3,Q,106.596963
sortedness,0.85,0.84875,3,1,M,108.948463
sortedness,0.85,0.84875,3,2,M,111.854462
sortedness,0.85,0.84875,3,3,M,111.725567
sortedness,0.85,0.84875,3,1,H,114.89163
sortedness,0.85,0.84875,3,2,H,110.85661
sortedness,0.85,0.84875,3,3,H,114.508318
sortedness,0.85,0.84875,3,1,R,113.040189
sortedness,0.85,0.84875,3,2,R,112.049215
sortedness,0.85,0.84875,3,3,R,112.682144
sortedness,0.85,0.848,4,1,I,124.037243
sortedness,0.85,0.848,4,2,I,111.016035
sortedness,0.85,0.848,4,3,I,117.446634
sortedness,0.85,0.848,4,1,Q,114.485105
sortedness,0.85,0.848,4,2,Q,114.238787
sortedness,0.85,0.848,4,3,Q,110.711945
sortedness,0.85,0.848,4,1,M,108.648561
sortedness,0.85,0.848,4,2,M,122.665321
sortedness,0.85,0.848,4,3,M,112.909189
sortedness,0.85,0.848,4,1,H,114.5925
sortedness,0.85,0.848,4,2,H,114.211122
sortedness,0.85,0.848,4,3,H,110.094962
sortedness,0.85,0.848,4,1,R,110.379339
sortedness,0.85,0.848,4,2,R,111.410909
sortedness,0.85,0.848,4,3,R,113.043731
sortedness,0.85,0.84075,5,1,I,114.124956
sortedness,0.85,0.84075,5,2,I,112.310504
sortedness,0.85,0.84075,5,3,I,108.709523
sortedness,0.85,0.84075,5,1,Q,109.262986
sortedness,0.85,0.84075,5,2,Q,108.57344
sortedness,0.85,0.84075,5,3,Q,109.148082
sortedness,0.85,0.84075,5,1,M,109.405817
sortedness,0.85,0.84075,5,2,M,109.073957
sortedness,0.85,0.84075,5,3,M,111.021056
sortedness,0.85,0.84075,5,1,H,112.072835
sortedness,0.85,0.84075,5,2,H,106.88875
sortedness,0.85,0.84075,5,3,H,119.333643
sortedness,0.85,0.84075,5,1,R,116.421004
sortedness,0.85,0.84075,5,2,R,110.137421
sortedness,0.85,0.84075,5,3,R,100.161063
sortedness,0.85,0.85075,6,1,I,116.584844
sortedness,0.85,0.85075,6,2,I,100.124852
sortedness,0.85,0.85075,6,3,I,113.193164
sortedness,0.85,0.85075,6,1,Q,116.527401
sortedness,0.85,0.85075,6,2,Q,113.542361
sortedness,0.85,0.85075,6,3,Q,118.281737
sortedness,0.85,0.85075,6,1,M,105.64416
sortedness,0.85,0.85075,6,2,M,119.702334
sortedness,0.85,0.85075,6,3,M,121.895113
sortedness,0.85,0.85075,6,1,H,119.073781
sortedness,0.85,0.85075,6,2,H,113.644248
sortedness,0.85,0.85075,6,3,H,115.956233
sortedness,0.85,0.85075,6,1,R,116.381764
sortedness,0.85,0.85075,6,2,R,110.59088
sortedness,0.85,0.85075,6,3,R,128.991502
sortedness,0.85,0.85475,7,1,I,120.354628
sortedness,0.85,0.85475,7,2,I,119.313458
sortedness,0.85,0.85475,7,3,I,113.677412
sortedness,0.85,0.85475,7,1,Q,113.637713
sortedness,0.85,0.85475,7,2,Q,114.329826
sortedness,0.85,0.85475,7,3,Q,109.168019
sortedness,0.85,0.85475,7,1,M,110.019804
sortedness,0.85,0.85475,7,2,M,111.798545
sortedness,0.85,0.85475,7,3,M,112.442304
sortedness,0.85,0.85475,7,1,H,111.376291
sortedness,0.85,0.85475,7,2,H,114.148848
sortedness,0.85,0.85475,7,3,H,111.539806
sortedness,0.85,0.85475,7,1,R,110.100391
sortedness,0.85,0.85475,7,2,R,118.262199
sortedness,0.85,0.85475,7,3,R,110.548842
sortedness,0.85,0.842,8,1,I,109.498221
sortedness,0.85,0.842,8,2,I,113.985682
sortedness,0.85,0.842,8,3,I,112.054789
sortedness,0.85,0.842,8,1,Q,106.809161
sortedness,0.85,0.842,8,2,Q,115.299365
sortedness,0.85,0.842,8,3,Q,111.035323
sortedness,0.85,0.842,8,1,M,113.053766
sortedness,0.85,0.842,8,2,M,114.292804
sortedness,0.85,0.842,8,3,M,111.141044
sortedness,0.85,0.842,8,1,H,117.885583
sortedness,0.85,0.842,8,2,H,113.478626
sortedness,0.85,0.842,8,3,H,112.986233
sortedness,0.85,0.842,8,1,R,110.533939
sortedness,0.85,0.842,8,2,R,110.970706
sortedness,0.85,0.842,8,3,R,109.927517
sortedness,0.86,0.863,1,1,I,110.705499
sortedness,0.86,0.863,1,2,I,107.742951
sortedness,0.86,0.863,1,3,I,113.229161
sortedness,0.86,0.863,1,1,Q,115.759038
sortedness,0.86,0.863,1,2,Q,114.176317
sortedness,0.86,0.863,1,3,Q,131.349782
sortedness,0.86,0.863,1,1,M,112.279667
sortedness,0.86,0.863,1,2,M,121.965427
sortedness,0.86,0.863,1,3,M,116.828143
sortedness,0.86,0.863,1,1,H,112.093119
sortedness,0.86,0.863,1,2,H,117.416356
sortedness,0.86,0.863,1,3,H,113.075422
sortedness,0.86,0.863,1,1,R,113.710891
sortedness,0.86,0.863,1,2,R,137.772915
sortedness,0.86,0.863,1,3,R,113.5509
sortedness,0.86,0.866,2,1,I,118.131205
sortedness,0.86,0.866,2,2,I,101.546712
sortedness,0.86,0.866,2,3,I,109.623594
sortedness,0.86,0.866,2,1,Q,119.541008
sortedness,0.86,0.866,2,2,Q,112.322151
sortedness,0.86,0.866,2,3,Q,110.226976
sortedness,0.86,0.866,2,1,M,101.022899
sortedness,0.86,0.866,2,2,M,104.073148
sortedness,0.86,0.866,2,3,M,120.245049
sortedness,0.86,0.866,2,1,H,116.591449
sortedness,0.86,0.866,2,2,H,111.703926
sortedness,0.86,0.866,2,3,H,113.5994
sortedness,0.86,0.866,2,1,R,111.677231
sortedness,0.86,0.866,2,2,R,111.326597
sortedness,0.86,0.866,2,3,R,110.489962
sortedness,0.86,0.85475,3,1,I,110.08952
sortedness,0.86,0.85475,3,2,I,115.122071
sortedness,0.86,0.85475,3,3,I,112.401148
sortedness,0.86,0.85475,3,1,Q,105.302816
sortedness,0.86,0.85475,3,2,Q,111.227055
sortedness,0.86,0.85475,3,3,Q,110.941038
sortedness,0.86,0.85475,3,1,M,107.803107
sortedness,0.86,0.85475,3,2,M,113.794608
sortedness,0.86,0.85475,3,3,M,127.392712
sortedness,0.86,0.85475,3,1,H,114.518684
sortedness,0.86,0.85475,3,2,H,112.426018
sortedness,0.86,0.85475,3,3,H,119.543176
sortedness,0.86,0.85475,3,1,R,115.78642
sortedness,0.86,0.85475,3,2,R,114.011859
sortedness,0.86,0.85475,3,3,R,113.7103
sortedness,0.86,0.8595,4,1,I,115.954476
sortedness,0.86,0.8595,4,2,I,117.266384
sortedness,0.86,0.8595,4,3,I,120.866183
sortedness,0.86,0.8595,4,1,Q,119.086159
sortedness,0.86,0.8595,4,2,Q,116.486836
sortedness,0.86,0.8595,4,3,Q,123.30295
sortedness,0.86,0.8595,4,1,M,122.407677
sortedness,0.86,0.8595,4,2,M,118.010032
sortedness,0.86,0.8595,4,3,M,130.160257
sortedness,0.86,0.8595,4,1,H,120.535177
sortedness,0.86,0.8595,4,2,H,118.541054
sortedness,0.86,0.8595,4,3,H,122.554911
sortedness,0.86,0.8595,4,1,R,115.731848
sortedness,0.86,0.8595,4,2,R,113.643162
sortedness,0.86,0.8595,4,3,R,129.816065
sortedness,0.86,0.86675,5,1,I,108.303084
sortedness,0.86,0.86675,5,2,I,112.843696
sortedness,0.86,0.86675,5,3,I,107.529367
sortedness,0.86,0.86675,5,1,Q,114.031493
sortedness,0.86,0.86675,5,2,Q,109.02937
sortedness,0.86,0.86675,5,3,Q,111.119034
sortedness,0.86,0.86675,5,1,M,110.317435
sortedness,0.86,0.86675,5,2,M,110.18567
sortedness,0.86,0.86675,5,3,M,112.905102
sortedness,0.86,0.86675,5,1,H,109.922525
sortedness,0.86,0.86675,5,2,H,110.981052
sortedness,0.86,0.86675,5,3,H,110.334449
sortedness,0.86,0.86675,5,1,R,109.707815
sortedness,0.86,0.86675,5,2,R,110.74335
sortedness,0.86,0.86675,5,3,R,113.44295
sortedness,0.86,0.856,6,1,I,109.296144
sortedness,0.86,0.856,6,2,I,109.881743
sortedness,0.86,0.856,6,3,I,111.92748
sortedness,0.86,0.856,6,1,Q,108.78437
sortedness,0.86,0.856,6,2,Q,107.382013
sortedness,0.86,0.856,6,3,Q,113.824581
sortedness,0.86,0.856,6,1,M,114.271779
sortedness,0.86,0.856,6,2,M,115.614753
sortedness,0.86,0.856,6,3,M,117.053024
sortedness,0.86,0.856,6,1,H,112.528969
sortedness,0.86,0.856,6,2,H,110.352265
sortedness,0.86,0.856,6,3,H,110.36115
sortedness,0.86,0.856,6,1,R,111.887239
sortedness,0.86,0.856,6,2,R,113.108168
sortedness,0.86,0.856,6,3,R,107.26658
sortedness,0.86,0.86475,7,1,I,113.438922
sortedness,0.86,0.86475,7,2,I,109.720536
sortedness,0.86,0.86475,7,3,I,99.826307
sortedness,0.86,0.86475,7,1,Q,112.176401
sortedness,0.86,0.86475,7,2,Q,122.020433
sortedness,0.86,0.86475,7,3,Q,115.220973
sortedness,0.86,0.86475,7,1,M,112.696845
sortedness,0.86,0.86475,7,2,M,116.394497
sortedness,0.86,0.86475,7,3,M,108.18328
sortedness,0.86,0.86475,7,1,H,113.294947
sortedness,0.86,0.86475,7,2,H,129.551009
sortedness,0.86,0.86475,7,3,H,106.221111
sortedness,0.86,0.86475,7,1,R,112.075602
sortedness,0.86,0.86475,7,2,R,114.563685
sortedness,0.86,0.86475,7,3,R,111.359687
sortedness,0.86,0.85825,8,1,I,116.065385
sortedness,0.86,0.85825,8,2,I,116.148859
sortedness,0.86,0.85825,8,3,I,110.741721
sortedness,0.86,0.85825,8,1,Q,110.33603
sortedness,0.86,0.85825,8,2,Q,111.234631
sortedness,0.86,0.85825,8,3,Q,124.085928
sortedness,0.86,0.85825,8,1,M,118.478062
sortedness,0.86,0.85825,8,2,M,115.760575
sortedness,0.86,0.85825,8,3,M,114.027569
sortedness,0.86,0.85825,8,1,H,111.023316
sortedness,0.86,0.85825,8,2,H,111.422988
sortedness,0.86,0.85825,8,3,H,111.455114
sortedness,0.86,0.85825,8,1,R,115.090161
sortedness,0.86,0.85825,8,2,R,116.672411
sortedness,0.86,0.85825,8,3,R,117.765394
sortedness,0.87,0.86575,1,1,I,117.5094
sortedness,0.87,0.86575,1,2,I,111.927012
sortedness,0.87,0.86575,1,3,I,121.019304
sortedness,0.87,0.86575,1,1,Q,115.260039
sortedness,0.87,0.86575,1,2,Q,111.488289
sortedness,0.87,0.86575,1,3,Q,106.577657
sortedness,0.87,0.86575,1,1,M,117.910168
sortedness,0.87,0.86575,1,2,M,112.911474
sortedness,0.87,0.86575,1,3,M,109.772486
sortedness,0.87,0.86575,1,1,H,111.197346
sortedness,0.87,0.86575,1,2,H,118.06966
sortedness,0.87,0.86575,1,3,H,111.623941
sortedness,0.87,0.86575,1,1,R,118.982813
sortedness,0.87,0.86575,1,2,R,116.325498
sortedness,0.87,0.86575,1,3,R,126.823547
sortedness,0.87,0.8675,2,1,I,114.499994
sortedness,0.87,0.8675,2,2,I,120.386646
sortedness,0.87,0.8675,2,3,I,107.633
sortedness,0.87,0.8675,2,1,Q,106.848937
sortedness,0.87,0.8675,2,2,Q,118.786906
sortedness,0.87,0.8675,2,3,Q,110.879082
sortedness,0.87,0.8675,2,1,M,116.990437
sortedness,0.87,0.8675,2,2,M,116.762582
sortedness,0.87,0.8675,2,3,M,135.664373
sortedness,0.87,0.8675,2,1,H,121.143537
sortedness,0.87,0.8675,2,2,H,118.887877
sortedness,0.87,0.8675,2,3,H,110.93413
sortedness,0.87,0.8675,2,1,R,112.43238
sortedness,0.87,0.8675,2,2,R,100.165779
sortedness,0.87,0.8675,2,3,R,112.897052
sortedness,0.87,0.863,3,1,I,114.92069
sortedness,0.87,0.863,3,2,I,110.761612
sortedness,0.87,0.863,3,3,I,110.986262
sortedness,0.87,0.863,3,1,Q,111.868029
sortedness,0.87,0.863,3,2,Q,114.972722
sortedness,0.87,0.863,3,3,Q,121.083093
sortedness,0.87,0.863,3,1,M,128.906301
sortedness,0.87,0.863,3,2,M,113.666667
sortedness,0.87,0.863,3,3,M,117.091318
sortedness,0.87,0.863,3,1,H,114.980849
sortedness,0.87,0.863,3,2,H,122.160567
sortedness,0.87,0.863,3,3,H,111.63528
sortedness,0.87,0.863,3,1,R,116.28561
sortedness,0.87,0.863,3,2,R,116.204282
sortedness,0.87,0.863,3,3,R,120.48287
sortedness,0.87,0.86625,4,1,I,111.144884
sortedness,0.87,0.86625,4,2,I,112.776019
sortedness,0.87,0.86625,4,3,I,114.920811
sortedness,0.87,0.86625,4,1,Q,116.71799
sortedness,0.87,0.86625,4,2,Q,123.60542
sortedness,0.87,0.86625,4,3,Q,132.378462
sortedness,0.87,0.86625,4,1,M,122.926484
sortedness,0.87,0.86625,4,2,M,116.49539
sortedness,0.87,0.86625,4,3,M,110.921898
sortedness,0.87,0.86625,4,1,H,111.995491
sortedness,0.87,0.86625,4,2,H,112.979234
sortedness,0.87,0.86625,4,3,H,112.37372
sortedness,0.87,0.86625,4,1,R,113.066967
sortedness,0.87,0.86625,4,2,R,101.638282
sortedness,0.87,0.86625,4,3,R,113.951409
sortedness,0.87,0.8655,5,1,I,108.845956
sortedness,0.87,0.8655,5,2,I,107.32142
sortedness,0.87,0.8655,5,3,I,109.644213
sortedness,0.87,0.8655,5,1,Q,110.935512
sortedness,0.87,0.8655,5,2,Q,113.725999
sortedness,0.87,0.8655,5,3,Q,113.801781
sortedness,0.87,0.8655,5,1,M,122.659111
sortedness,0.87,0.8655,5,2,M,121.251307
sortedness,0.87,0.8655,5,3,M,124.098702
sortedness,0.87,0.8655,5,1,H,123.849148
sortedness,0.87,0.8655,5,2,H,124.404328
sortedness,0.87,0.8655,5,3,H,121.166804
sortedness,0.87,0.8655,5,1,R,114.520882
sortedness,0.87,0.8655,5,2,R,112.414565
sortedness,0.87,0.8655,5,3,R,108.769919
sortedness,0.87,0.873,6,1,I,111.636439
sortedness,0.87,0.873,6,2,I,110.636011
sortedness,0.87,0.873,6,3,I,110.9737
sortedness,0.87,0.873,6,1,Q,109.608927
sortedness,0.87,0.873,6,2,Q,116.258998
sortedness,0.87,0.873,6,3,Q,115.493369
sortedness,0.87,0.873,6,1,M,108.192652
sortedness,0.87,0.873,6,2,M,110.998597
sortedness,0.87,0.873,6,3,M,107.818931
sortedness,0.87,0.873,6,1,H,116.226577
sortedness,0.87,0.873,6,2,H,112.542633
sortedness,0.87,0.873,6,3,H,111.196143
sortedness,0.87,0.873,6,1,R,109.957091
sortedness,0.87,0.873,6,2,R,110.324612
sortedness,0.87,0.873,6,3,R,119.673948
sortedness,0.87,0.87475,7,1,I,111.25558
sortedness,0.87,0.87475,7,2,I,112.25776
sortedness,0.87,0.87475,7,3,I,114.14195
sortedness,0.87,0.87475,7,1,Q,113.510333
sortedness,0.87,0.87475,7,2,Q,108.754233
sortedness,0.87,0.87475,7,3,Q,110.632306
sortedness,0.87,0.87475,7,1,M,108.646231
sortedness,0.87,0.87475,7,2,M,109.005971
sortedness,0.87,0.87475,7,3,M,117.501071
sortedness,0.87,0.87475,7,1,H,117.685867
sortedness,0.87,0.87475,7,2,H,112.235969
sortedness,0.87,0.87475,7,3,H,101.909578
sortedness,0.87,0.87475,7,1,R,116.733108
sortedness,0.87,0.87475,7,2,R,111.282879
sortedness,0.87,0.87475,7,3,R,112.011746
sortedness,0.87,0.87325,8,1,I,107.717687
sortedness,0.87,0.87325,8,2,I,105.650108
sortedness,0.87,0.87325,8,3,I,107.268157
sortedness,0.87,0.87325,8,1,Q,110.361611
sortedness,0.87,0.87325,8,2,Q,109.560873
sortedness,0.87,0.87325,8,3,Q,122.522079
sortedness,0.87,0.87325,8,1,M,117.446485
sortedness,0.87,0.87325,8,2,M,109.873593
sortedness,0.87,0.87325,8,3,M,109.142422
sortedness,0.87,0.87325,8,1,H,109.80868
sortedness,0.87,0.87325,8,2,H,107.766382
sortedness,0.87,0.87325,8,3,H,114.499832
sortedness,0.87,0.87325,8,1,R,115.636493
sortedness,0.87,0.87325,8,2,R,115.702839
sortedness,0.87,0.87325,8,3,R,110.338295
sortedness,0.88,0.88075,1,1,I,118.365587
sortedness,0.88,0.88075,1,2,I,111.720714
sortedness,0.88,0.88075,1,3,I,109.856066
sortedness,0.88,0.88075,1,1,Q,109.724673
sortedness,0.88,0.88075,1,2,Q,116.929185
sortedness,0.88,0.88075,1,3,Q,116.823494
sortedness,0.88,0.88075,1,1,M,113.162376
sortedness,0.88,0.88075,1,2,M,119.713468
sortedness,0.88,0.88075,1,3,M,111.447771
sortedness,0.88,0.88075,1,1,H,110.730703
sortedness,0.88,0.88075,1,2,H,109.591494
sortedness,0.88,0.88075,1,3,H,110.345901
sortedness,0.88,0.88075,1,1,R,113.700768
sortedness,0.88,0.88075,1,2,R,111.820776
sortedness,0.88,0.88075,1,3,R,117.194702
sortedness,0.88,0.878,2,1,I,119.494825
sortedness,0.88,0.878,2,2,I,108.747936
sortedness,0.88,0.878,2,3,I,115.783325
sortedness,0.88,0.878,2,1,Q,115.993049
sortedness,0.88,0.878,2,2,Q,116.359923
sortedness,0.88,0.878,2,3,Q,112.497328
sortedness,0.88,0.878,2,1,M,114.491181
sortedness,0.88,0.878,2,2,M,119.776208
sortedness,0.88,0.878,2,3,M,125.601768
sortedness,0.88,0.878,2,1,H,115.160111
sortedness,0.88,0.878,2,2,H,113.877416
sortedness,0.88,0.878,2,3,H,131.296194
sortedness,0.88,0.878,2,1,R,120.02637
sortedness,0.88,0.878,2,2,R,130.172069
sortedness,0.88,0.878,2,3,R,121.220408
sortedness,0.88,0.87975,3,1,I,122.877862
sortedness,0.88,0.87975,3,2,I,118.265755
sortedness,0.88,0.87975,3,3,I,125.282324
sortedness,0.88,0.87975,3,1,Q,130.029607
sortedness,0.88,0.87975,3,2,Q,109.73756
sortedness,0.88,0.87975,3,3,Q,109.276348
sortedness,0.88,0.87975,3,1,M,108.105795
sortedness,0.88,0.87975,3,2,M,107.376111
sortedness,0.88,0.87975,3,3,M,114.209069
sortedness,0.88,0.87975,3,1,H,126.061852
sortedness,0.88,0.87975,3,2,H,116.167028
sortedness,0.88,0.87975,3,3,H,115.314201
sortedness,0.88,0.87975,3,1,R,103.376297
sortedness,0.88,0.87975,3,2,R,111.006765
sortedness,0.88,0.87975,3,3,R,110.094073
sortedness,0.88,0.88425,4,1,I,118.194595
sortedness,0.88,0.88425,4,2,I,112.976901
sortedness,0.88,0.88425,4,3,I,110.839668
sortedness,0.88,0.88425,4,1,Q,114.509032
sortedness,0.88,0.88425,4,2,Q,112.444368
sortedness,0.88,0.88425,4,3,Q,111.524569
sortedness,0.88,0.88425,4,1,M,113.409381
sortedness,0.88,0.88425,4,2,M,112.786756
sortedness,0.88,0.88425,4,3,M,109.52721
sortedness,0.88,0.88425,4,1,H,112.406203
sortedness,0.88,0.88425,4,2,H,111.422407
sortedness,0.88,0.88425,4,3,H,109.145254
sortedness,0.88,0.88425,4,1,R,109.617789
sortedness,0.88,0.88425,4,2,R,110.244556
sortedness,0.88,0.88425,4,3,R,111.905722
sortedness,0.88,0.88425,5,1,I,116.364946
sortedness,0.88,0.88425,5,2,I,112.123975
sortedness,0.88,0.88425,5,3,I,110.658233
sortedness,0.88,0.88425,5,1,Q,110.083925
sortedness,0.88,0.88425,5,2,Q,110.554119
sortedness,0.88,0.88425,5,3,Q,114.079013
sortedness,0.88,0.88425,5,1,M,110.631925
sortedness,0.88,0.88425,5,2,M,107.045352
sortedness,0.88,0.88425,5,3,M,116.934981
sortedness,0.88,0.88425,5,1,H,114.03068
sortedness,0.88,0.88425,5,2,H,119.517269
sortedness,0.88,0.88425,5,3,H,118.170611
sortedness,0.88,0.88425,5,1,R,112.629044
sortedness,0.88,0.88425,5,2,R,111.999935
sortedness,0.88,0.88425,5,3,R,109.512898
sortedness,0.88,0.8755,6,1,I,107.32615
sortedness,0.88,0.8755,6,2,I,107.03243
sortedness,0.88,0.8755,6,3,I,124.09767
sortedness,0.88,0.8755,6,1,Q,111.316998
sortedness,0.88,0.8755,6,2,Q,110.430957
sortedness,0.88,0.8755,6,3,Q,108.583866
sortedness,0.88,0.8755,6,1,M,110.457505
sortedness,0.88,0.8755,6,2,M,110.365372
sortedness,0.88,0.8755,6,3,M,108.109012
sortedness,0.88,0.8755,6,1,H,112.71029
sortedness,0.88,0.8755,6,2,H,112.015319
sortedness,0.88,0.8755,6,3,H,111.02313
sortedness,0.88,0.8755,6,1,R,114.891315
sortedness,0.88,0.8755,6,2,R,116.432782
sortedness,0.88,0.8755,6,3,R,129.933096
sortedness,0.88,0.878,7,1,I,111.209976
sortedness,0.88,0.878,7,2,I,112.067731
sortedness,0.88,0.878,7,3,I,110.236903
sortedness,0.88,0.878,7,1,Q,110.892567
sortedness,0.88,0.878,7,2,Q,115.566622
sortedness,0.88,0.878,7,3,Q,119.413676
sortedness,0.88,0.878,7,1,M,116.847924
sortedness,0.88,0.878,7,2,M,102.261913
sortedness,0.88,0.878,7,3,M,110.419435
sortedness,0.88,0.878,7,1,H,114.989288
sortedness,0.88,0.878,7,2,H,112.985322
sortedness,0.88,0.878,7,3,H,112.088362
sortedness,0.88,0.878,7,1,R,101.626297
sortedness,0.88,0.878,7,2,R,110.422441
sortedness,0.88,0.878,7,3,R,111.481246
sortedness,0.88,0.87125,8,1,I,112.632479
sortedness,0.88,0.87125,8,2,I,112.392089
sortedness,0.88,0.87125,8,3,I,108.224017
sortedness,0.88,0.87125,8,1,Q,111.630313
sortedness,0.88,0.87125,8,2,Q,108.629755
sortedness,0.88,0.87125,8,3,Q,109.54221
sortedness,0.88,0.87125,8,1,M,108.809582
sortedness,0.88,0.87125,8,2,M,113.181048
sortedness,0.88,0.87125,8,3,M,112.982861
sortedness,0.88,0.87125,8,1,H,110.689797
sortedness,0.88,0.87125,8,2,H,110.025301
sortedness,0.88,0.87125,8,3,H,111.36332
sortedness,0.88,0.87125,8,1,R,110.654531
sortedness,0.88,0.87125,8,2,R,109.340588
sortedness,0.88,0.87125,8,3,R,112.317309
sortedness,0.89,0.886,1,1,I,110.328314
sortedness,0.89,0.886,1,2,I,95.962921
sortedness,0.89,0.886,1,3,I,119.616288
sortedness,0.89,0.886,1,1,Q,109.338474
sortedness,0.89,0.886,1,2,Q,110.400728
sortedness,0.89,0.886,1,3,Q,110.558847
sortedness,0.89,0.886,1,1,M,106.880036
sortedness,0.89,0.886,1,2,M,110.516161
sortedness,0.89,0.886,1,3,M,107.706943
sortedness,0.89,0.886,1,1,H,109.016092
sortedness,0.89,0.886,1,2,H,111.163578
sortedness,0.89,0.886,1,3,H,113.167204
sortedness,0.89,0.886,1,1,R,109.258991
sortedness,0.89,0.886,1,2,R,112.704813
sortedness,0.89,0.886,1,3,R,109.646786
sortedness,0.89,0.88375,2,1,I,109.661727
sortedness,0.89,0.88375,2,2,I,112.673553
sortedness,0.89,0.88375,2,3,I,109.192257
sortedness,0.89,0.88375,2,1,Q,117.876079
sortedness,0.89,0.88375,2,2,Q,111.329634
sortedness,0.89,0.88375,2,3,Q,119.856516
sortedness,0.89,0.88375,2,1,M,113.235728
sortedness,0.89,0.88375,2,2,M,111.371175
sortedness,0.89,0.88375,2,3,M,109.973989
sortedness,0.89,0.88375,2,1,H,108.862815
sortedness,0.89,0.88375,2,2,H,108.095858
sortedness,0.89,0.88375,2,3,H,167.713309
sortedness,0.89,0.88375,2,1,R,122.790853
sortedness,0.89,0.88375,2,2,R,362.135156
sortedness,0.89,0.88375,2,3,R,146.630549
sortedness,0.89,0.8945,3,1,I,136.201401
sortedness,0.89,0.8945,3,2,I,123.76966
sortedness,0.89,0.8945,3,3,I,131.612933
sortedness,0.89,0.8945,3,1,Q,122.659178
sortedness,0.89,0.8945,3,2,Q,117.630475
sortedness,0.89,0.8945,3,3,Q,121.509013
sortedness,0.89,0.8945,3,1,M,116.437455
sortedness,0.89,0.8945,3,2,M,117.429029
sortedness,0.89,0.8945,3,3,M,117.734124
sortedness,0.89,0.8945,3,1,H,119.377063
sortedness,0.89,0.8945,3,2,H,115.80775
sortedness,0.89,0.8945,3,3,H,118.759801
sortedness,0.89,0.8945,3,1,R,132.092972
sortedness,0.89,0.8945,3,2,R,116.965214
sortedness,0.89,0.8945,3,3,R,117.664593
sortedness,0.89,0.88375,4,1,I,106.634807
sortedness,0.89,0.88375,4,2,I,114.332442
sortedness,0.89,0.88375,4,3,I,117.912811
sortedness,0.89,0.88375,4,1,Q,116.924165
sortedness,0.89,0.88375,4,2,Q,122.667305
sortedness,0.89,0.88375,4,3,Q,119.822266
sortedness,0.89,0.88375,4,1,M,115.033798
sortedness,0.89,0.88375,4,2,M,118.604
sortedness,0.89,0.88375,4,3,M,116.852741
sortedness,0.89,0.88375,4,1,H,118.994347
sortedness,0.89,0.88375,4,2,H,119.235062
sortedness,0.89,0.88375,4,3,H,121.786756
sortedness,0.89,0.88375,4,1,R,116.963908
sortedness,0.89,0.88375,4,2,R,117.000678
sortedness,0.89,0.88375,4,3,R,118.218749
sortedness,0.89,0.89075,5,1,I,118.168789
sortedness,0.89,0.89075,5,2,I,118.030639
sortedness,0.89,0.89075,5,3,I,129.267807
sortedness,0.89,0.89075,5,1,Q,117.179476
sortedness,0.89,0.89075,5,2,Q,108.282559
sortedness,0.89,0.89075,5,3,Q,121.99728
sortedness,0.89,0.89075,5,1,M,130.697513
sortedness,0.89,0.89075,5,2,M,120.994961
sortedness,0.89,0.89075,5,3,M,125.739899
sortedness,0.89,0.89075,5,1,H,136.772078
sortedness,0.89,0.89075,5,2,H,131.808608
sortedness,0.89,0.89075,5,3,H,118.37556
sortedness,0.89,0.89075,5,1,R,121.968297
sortedness,0.89,0.89075,5,2,R,129.52223
sortedness,0.89,0.89075,5,3,R,115.370992
sortedness,0.89,0.8885,6,1,I,118.944566
sortedness,0.89,0.8885,6,2,I,130.79193
sortedness,0.89,0.8885,6,3,I,119.270946
sortedness,0.89,0.8885,6,1,Q,120.110868
sortedness,0.89,0.8885,6,2,Q,124.079825
sortedness,0.89,0.8885,6,3,Q,123.307563
sortedness,0.89,0.8885,6,1,M,129.706029
sortedness,0.89,0.8885,6,2,M,120.353663
sortedness,0.89,0.8885,6,3,M,137.467553
sortedness,0.89,0.8885,6,1,H,118.23062
sortedness,0.89,0.8885,6,2,H,123.067943
sortedness,0.89,0.8885,6,3,H,115.457051
sortedness,0.89,0.8885,6,1,R,119.961452
sortedness,0.89,0.8885,6,2,R,117.897417
sortedness,0.89,0.8885,6,3,R,120.56528
sortedness,0.89,0.88575,7,1,I,105.698647
sortedness,0.89,0.88575,7,2,I,121.019085
sortedness,0.89,0.88575,7,3,I,119.796233
sortedness,0.89,0.88575,7,1,Q,123.494714
sortedness,0.89,0.88575,7,2,Q,117.446178
sortedness,0.89,0.88575,7,3,Q,119.826622
sortedness,0.89,0.88575,7,1,M,114.938108
sortedness,0.89,0.88575,7,2,M,131.294098
sortedness,0.89,0.88575,7,3,M,107.715503
sortedness,0.89,0.88575,7,1,H,115.768133
sortedness,0.89,0.88575,7,2,H,122.423792
sortedness,0.89,0.88575,7,3,H,119.558728
sortedness,0.89,0.88575,7,1,R,112.958065
sortedness,0.89,0.88575,7,2,R,116.427986
sortedness,0.89,0.88575,7,3,R,118.603352
sortedness,0.89,0.89275,8,1,I,116.646081
sortedness,0.89,0.89275,8,2,I,118.537882
sortedness,0.89,0.89275,8,3,I,126.520527
sortedness,0.89,0.89275,8,1,Q,124.811136
sortedness,0.89,0.89275,8,2,Q,124.708399
sortedness,0.89,0.89275,8,3,Q,116.297421
sortedness,0.89,0.89275,8,1,M,116.233657
sortedness,0.89,0.89275,8,2,M,116.913817
sortedness,0.89,0.89275,8,3,M,120.375634
sortedness,0.89,0.89275,8,1,H,118.329608
sortedness,0.89,0.89275,8,2,H,119.377261
sortedness,0.89,0.89275,8,3,H,118.97066
sortedness,0.89,0.89275,8,1,R,126.20063
sortedness,0.89,0.89275,8,2,R,116.239424
sortedness,0.89,0.89275,8,3,R,116.624098
sortedness,0.89,0.8935,9,1,I,112.555007
sortedness,0.89,0.8935,9,2,I,114.841468
sortedness,0.89,0.8935,9,3,I,114.874083
sortedness,0.89,0.8935,9,1,Q,117.819585
sortedness,0.89,0.8935,9,2,Q,119.309088
sortedness,0.89,0.8935,9,3,Q,129.354206
sortedness,0.89,0.8935,9,1,M,116.780953
sortedness,0.89,0.8935,9,2,M,115.987953
sortedness,0.89,0.8935,9,3,M,116.082203
sortedness,0.89,0.8935,9,1,H,118.013842
sortedness,0.89,0.8935,9,2,H,116.589134
sortedness,0.89,0.8935,9,3,H,120.066748
sortedness,0.89,0.8935,9,1,R,117.317533
sortedness,0.89,0.8935,9,2,R,117.989462
sortedness,0.89,0.8935,9,3,R,116.126873
sortedness,0.89,0.89125,10,1,I,119.162969
sortedness,0.89,0.89125,10,2,I,118.529475
sortedness,0.89,0.89125,10,3,I,116.349527
sortedness,0.89,0.89125,10,1,Q,125.616181
sortedness,0.89,0.89125,10,2,Q,115.983256
sortedness,0.89,0.89125,10,3,Q,118.90187
sortedness,0.89,0.89125,10,1,M,125.10908
sortedness,0.89,0.89125,10,2,M,116.960502
sortedness,0.89,0.89125,10,3,M,115.086454
sortedness,0.89,0.89125,10,1,H,126.439374
sortedness,0.89,0.89125,10,2,H,117.626225
sortedness,0.89,0.89125,10,3,H,139.850829
sortedness,0.89,0.89125,10,1,R,128.214042
sortedness,0.89,0.89125,10,2,R,133.226615
sortedness,0.89,0.89125,10,3,R,145.271542
sortedness,0.89,0.885,11,1,I,122.802666
sortedness,0.89,0.885,11,2,I,134.383069
sortedness,0.89,0.885,11,3,I,115.379128
sortedness,0.89,0.885,11,1,Q,118.016781
sortedness,0.89,0.885,11,2,Q,116.835761
sortedness,0.89,0.885,11,3,Q,115.326168
sortedness,0.89,0.885,11,1,M,114.840886
sortedness,0.89,0.885,11,2,M,117.541914
sortedness,0.89,0.885,11,3,M,119.932094
sortedness,0.89,0.885,11,1,H,115.924465
sortedness,0.89,0.885,11,2,H,116.323856
sortedness,0.89,0.885,11,3,H,115.584601
sortedness,0.89,0.885,11,1,R,119.427282
sortedness,0.89,0.885,11,2,R,121.418689
sortedness,0.89,0.885,11,3,R,112.507879
sortedness,0.89,0.88325,12,1,I,116.442424
sortedness,0.89,0.88325,12,2,I,130.324778
sortedness,0.89,0.88325,12,3,I,119.406093
sortedness,0.89,0.88325,12,1,Q,116.264705
sortedness,0.89,0.88325,12,2,Q,117.656308
sortedness,0.89,0.88325,12,3,Q,118.898256
sortedness,0.89,0.88325,12,1,M,113.568288
sortedness,0.89,0.88325,12,2,M,119.757393
sortedness,0.89,0.88325,12,3,M,123.033016
sortedness,0.89,0.88325,12,1,H,120.567062
sortedness,0.89,0.88325,12,2,H,120.389329
sortedness,0.89,0.88325,12,3,H,111.120479
sortedness,0.89,0.88325,12,1,R,130.241573
sortedness,0.89,0.88325,12,2,R,119.783764
sortedness,0.89,0.88325,12,3,R,116.623613
sortedness,0.89,0.8875,13,1,I,116.918935
sortedness,0.89,0.8875,13,2,I,125.581017
sortedness,0.89,0.8875,13,3,I,119.46598
sortedness,0.89,0.8875,13,1,Q,114.764463
sortedness,0.89,0.8875,13,2,Q,114.517197
sortedness,0.89,0.8875,13,3,Q,116.460715
sortedness,0.89,0.8875,13,1,M,116.32516
sortedness,0.89,0.8875,13,2,M,117.561376
sortedness,0.89,0.8875,13,3,M,136.682728
sortedness,0.89,0.8875,13,1,H,136.939975
sortedness,0.89,0.8875,13,2,H,122.052824
sortedness,0.89,0.8875,13,3,H,126.944263
sortedness,0.89,0.8875,13,1,R,107.866956
sortedness,0.89,0.8875,13,2,R,123.96948
sortedness,0.89,0.8875,13,3,R,119.807337
sortedness,0.89,0.89025,14,1,I,119.651563
sortedness,0.89,0.89025,14,2,I,115.048219
sortedness,0.89,0.89025,14,3,I,120.738328
sortedness,0.89,0.89025,14,1,Q,118.344339
sortedness,0.89,0.89025,14,2,Q,119.364986
sortedness,0.89,0.89025,14,3,Q,126.449971
sortedness,0.89,0.89025,14,1,M,123.321041
sortedness,0.89,0.89025,14,2,M,114.15551
sortedness,0.89,0.89025,14,3,M,118.866681
sortedness,0.89,0.89025,14,1,H,121.068667
sortedness,0.89,0.89025,14,2,H,116.826857
sortedness,0.89,0.89025,14,3,H,106.741214
sortedness,0.89,0.89025,14,1,R,121.883007
sortedness,0.89,0.89025,14,2,R,128.604576
sortedness,0.89,0.89025,14,3,R,112.588135
sortedness,0.89,0.88325,15,1,I,118.350276
sortedness,0.89,0.88325,15,2,I,116.158035
sortedness,0.89,0.88325,15,3,I,115.603873
sortedness,0.89,0.88325,15,1,Q,116.331984
sortedness,0.89,0.88325,15,2,Q,127.192733
sortedness,0.89,0.88325,15,3,Q,126.385934
sortedness,0.89,0.88325,15,1,M,124.394604
sortedness,0.89,0.88325,15,2,M,120.099211
sortedness,0.89,0.88325,15,3,M,115.357224
sortedness,0.89,0.88325,15,1,H,129.997999
sortedness,0.89,0.88325,15,2,H,123.918707
sortedness,0.89,0.88325,15,3,H,113.518604
sortedness,0.89,0.88325,15,1,R,116.696266
sortedness,0.89,0.88325,15,2,R,114.208505
sortedness,0.89,0.88325,15,3,R,110.876525
sortedness,0.89,0.897,16,1,I,115.317084
sortedness,0.89,0.897,16,2,I,108.222314
sortedness,0.89,0.897,16,3,I,108.222751
sortedness,0.89,0.897,16,1,Q,111.109617
sortedness,0.89,0.897,16,2,Q,108.425923
sortedness,0.89,0.897,16,3,Q,126.608256
sortedness,0.89,0.897,16,1,M,116.543306
sortedness,0.89,0.897,16,2,M,112.617481
sortedness,0.89,0.897,16,3,M,117.756568
sortedness,0.89,0.897,16,1,H,125.719294
sortedness,0.89,0.897,16,2,H,112.556419
sortedness,0.89,0.897,16,3,H,120.753265
sortedness,0.89,0.897,16,1,R,112.699285
sortedness,0.89,0.897,16,2,R,112.041408
sortedness,0.89,0.897,16,3,R,111.806429
sortedness,0.89,0.895,17,1,I,106.898301
sortedness,0.89,0.895,17,2,I,119.489766
sortedness,0.89,0.895,17,3,I,108.557488
sortedness,0.89,0.895,17,1,Q,99.980954
sortedness,0.89,0.895,17,2,Q,111.710913
sortedness,0.89,0.895,17,3,Q,116.510864
sortedness,0.89,0.895,17,1,M,109.591062
sortedness,0.89,0.895,17,2,M,107.472888
sortedness,0.89,0.895,17,3,M,110.642679
sortedness,0.89,0.895,17,1,H,99.044299
sortedness,0.89,0.895,17,2,H,117.062854
sortedness,0.89,0.895,17,3,H,110.356614
sortedness,0.89,0.895,17,1,R,110.893517
sortedness,0.89,0.895,17,2,R,113.576969
sortedness,0.89,0.895,17,3,R,109.283953
sortedness,0.89,0.88675,18,1,I,107.97875
sortedness,0.89,0.88675,18,2,I,107.596708
sortedness,0.89,0.88675,18,3,I,112.238669
sortedness,0.89,0.88675,18,1,Q,114.015422
sortedness,0.89,0.88675,18,2,Q,109.930234
sortedness,0.89,0.88675,18,3,Q,110.889274
sortedness,0.89,0.88675,18,1,M,107.913633
sortedness,0.89,0.88675,18,2,M,106.164846
sortedness,0.89,0.88675,18,3,M,108.539801
sortedness,0.89,0.88675,18,1,H,115.617108
sortedness,0.89,0.88675,18,2,H,112.019685
sortedness,0.89,0.88675,18,3,H,113.541219
sortedness,0.89,0.88675,18,1,R,120.667654
sortedness,0.89,0.88675,18,2,R,116.999702
sortedness,0.89,0.88675,18,3,R,112.087065
sortedness,0.89,0.89025,19,1,I,112.489727
sortedness,0.89,0.89025,19,2,I,111.045232
sortedness,0.89,0.89025,19,3,I,112.639697
sortedness,0.89,0.89025,19,1,Q,113.139143
sortedness,0.89,0.89025,19,2,Q,99.21127
sortedness,0.89,0.89025,19,3,Q,113.103312
sortedness,0.89,0.89025,19,1,M,116.178474
sortedness,0.89,0.89025,19,2,M,111.955621
sortedness,0.89,0.89025,19,3,M,116.027282
sortedness,0.89,0.89025,19,1,H,107.847747
sortedness,0.89,0.89025,19,2,H,108.746601
sortedness,0.89,0.89025,19,3,H,112.466548
sortedness,0.89,0.89025,19,1,R,119.7104
sortedness,0.89,0.89025,19,2,R,112.518759
sortedness,0.89,0.89025,19,3,R,111.690439
sortedness,0.89,0.894,20,1,I,110.673239
sortedness,0.89,0.894,20,2,I,110.794568
sortedness,0.89,0.894,20,3,I,107.56358
sortedness,0.89,0.894,20,1,Q,112.528364
sortedness,0.89,0.894,20,2,Q,107.701749
sortedness,0.89,0.894,20,3,Q,111.115916
sortedness,0.89,0.894,20,1,M,106.752381
sortedness,0.89,0.894,20,2,M,111.509471
sortedness,0.89,0.894,20,3,M,108.86138
sortedness,0.89,0.894,20,1,H,115.854059
sortedness,0.89,0.894,20,2,H,119.915741
sortedness,0.89,0.894,20,3,H,111.308238
sortedness,0.89,0.894,20,1,R,116.151351
sortedness,0.89,0.894,20,2,R,109.70189
sortedness,0.89,0.894,20,3,R,110.9051
sortedness,0.89,0.89625,21,1,I,118.019399
sortedness,0.89,0.89625,21,2,I,108.129043
sortedness,0.89,0.89625,21,3,I,108.471734
sortedness,0.89,0.89625,21,1,Q,109.717767
sortedness,0.89,0.89625,21,2,Q,110.256969
sortedness,0.89,0.89625,21,3,Q,113.371559
sortedness,0.89,0.89625,21,1,M,108.719495
sortedness,0.89,0.89625,21,2,M,107.318485
sortedness,0.89,0.89625,21,3,M,113.381276
sortedness,0.89,0.89625,21,1,H,109.172972
sortedness,0.89,0.89625,21,2,H,100.014135
sortedness,0.89,0.89625,21,3,H,110.076339
sortedness,0.89,0.89625,21,1,R,109.911413
sortedness,0.89,0.89625,21,2,R,109.448042
sortedness,0.89,0.89625,21,3,R,114.116265
sortedness,0.89,0.891,22,1,I,107.527094
sortedness,0.89,0.891,22,2,I,109.40051
sortedness,0.89,0.891,22,3,I,109.216073
sortedness,0.89,0.891,22,1,Q,109.254055
sortedness,0.89,0.891,22,2,Q,110.225035
sortedness,0.89,0.891,22,3,Q,114.451461
sortedness,0.89,0.891,22,1,M,110.835245
sortedness,0.89,0.891,22,2,M,113.088106
sortedness,0.89,0.891,22,3,M,109.578296
sortedness,0.89,0.891,22,1,H,109.204
sortedness,0.89,0.891,22,2,H,112.206961
sortedness,0.89,0.891,22,3,H,108.658402
sortedness,0.89,0.891,22,1,R,106.518463
sortedness,0.89,0.891,22,2,R,113.27587
sortedness,0.89,0.891,22,3,R,111.425789
sortedness,0.89,0.8875,23,1,I,108.814252
sortedness,0.89,0.8875,23,2,I,111.258803
sortedness,0.89,0.8875,23,3,I,110.078062
sortedness,0.89,0.8875,23,1,Q,109.524506
sortedness,0.89,0.8875,23,2,Q,115.43004
sortedness,0.89,0.8875,23,3,Q,111.855642
sortedness,0.89,0.8875,23,1,M,107.348097
sortedness,0.89,0.8875,23,2,M,111.461931
sortedness,0.89,0.8875,23,3,M,120.16344
sortedness,0.89,0.8875,23,1,H,110.495388
sortedness,0.89,0.8875,23,2,H,124.3309
sortedness,0.89,0.8875,23,3,H,113.366251
sortedness,0.89,0.8875,23,1,R,110.580755
sortedness,0.89,0.8875,23,2,R,112.916767
sortedness,0.89,0.8875,23,3,R,108.534817
sortedness,0.89,0.894,24,1,I,112.167253
sortedness,0.89,0.894,24,2,I,112.73697
sortedness,0.89,0.894,24,3,I,109.094029
sortedness,0.89,0.894,24,1,Q,109.516952
sortedness,0.89,0.894,24,2,Q,114.172696
sortedness,0.89,0.894,24,3,Q,114.776009
sortedness,0.89,0.894,24,1,M,109.985941
sortedness,0.89,0.894,24,2,M,110.40488
sortedness,0.89,0.894,24,3,M,110.250901
sortedness,0.89,0.894,24,1,H,113.52172
sortedness,0.89,0.894,24,2,H,112.750241
sortedness,0.89,0.894,24,3,H,110.815162
sortedness,0.89,0.894,24,1,R,107.954783
sortedness,0.89,0.894,24,2,R,111.199101
sortedness,0.89,0.894,24,3,R,112.35317
sortedness,0.89,0.885,25,1,I,109.515769
sortedness,0.89,0.885,25,2,I,116.730205
sortedness,0.89,0.885,25,3,I,114.425421
sortedness,0.89,0.885,25,1,Q,113.659741
sortedness,0.89,0.885,25,2,Q,114.690096
sortedness,0.89,0.885,25,3,Q,110.520497
sortedness,0.89,0.885,25,1,M,104.528424
sortedness,0.89,0.885,25,2,M,120.650646
sortedness,0.89,0.885,25,3,M,108.747816
sortedness,0.89,0.885,25,1,H,101.748791
sortedness,0.89,0.885,25,2,H,119.138109
sortedness,0.89,0.885,25,3,H,112.606634
sortedness,0.89,0.885,25,1,R,118.262938
sortedness,0.89,0.885,25,2,R,109.691671
sortedness,0.89,0.885,25,3,R,109.281202
sortedness,0.89,0.8955,26,1,I,116.694894
sortedness,0.89,0.8955,26,2,I,108.834682
sortedness,0.89,0.8955,26,3,I,111.955437
sortedness,0.89,0.8955,26,1,Q,118.046936
sortedness,0.89,0.8955,26,2,Q,113.104327
sortedness,0.89,0.8955,26,3,Q,110.466166
sortedness,0.89,0.8955,26,1,M,109.249572
sortedness,0.89,0.8955,26,2,M,113.710314
sortedness,0.89,0.8955,26,3,M,108.551513
sortedness,0.89,0.8955,26,1,H,119.840233
sortedness,0.89,0.8955,26,2,H,109.931766
sortedness,0.89,0.8955,26,3,H,108.356219
sortedness,0.89,0.8955,26,1,R,105.407938
sortedness,0.89,0.8955,26,2,R,111.024463
sortedness,0.89,0.8955,26,3,R,112.623629
sortedness,0.89,0.89125,27,1,I,129.037238
sortedness,0.89,0.89125,27,2,I,107.476364
sortedness,0.89,0.89125,27,3,I,114.219239
sortedness,0.89,0.89125,27,1,Q,110.67178
sortedness,0.89,0.89125,27,2,Q,112.460938
sortedness,0.89,0.89125,27,3,Q,113.777122
sortedness,0.89,0.89125,27,1,M,115.423975
sortedness,0.89,0.89125,27,2,M,110.991013
sortedness,0.89,0.89125,27,3,M,113.421594
sortedness,0.89,0.89125,27,1,H,116.303208
sortedness,0.89,0.89125,27,2,H,116.872268
sortedness,0.89,0.89125,27,3,H,112.299345
sortedness,0.89,0.89125,27,1,R,114.600326
sortedness,0.89,0.89125,27,2,R,110.500033
sortedness,0.89,0.89125,27,3,R,99.496059
sortedness,0.89,0.88275,28,1,I,111.224973
sortedness,0.89,0.88275,28,2,I,112.153355
sortedness,0.89,0.88275,28,3,I,115.263863
sortedness,0.89,0.88275,28,1,Q,115.494209
sortedness,0.89,0.88275,28,2,Q,130.687717
sortedness,0.89,0.88275,28,3,Q,121.921792
sortedness,0.89,0.88275,28,1,M,114.220493
sortedness,0.89,0.88275,28,2,M,121.206858
sortedness,0.89,0.88275,28,3,M,128.909661
sortedness,0.89,0.88275,28,1,H,116.417428
sortedness,0.89,0.88275,28,2,H,120.104142
sortedness,0.89,0.88275,28,3,H,114.586755
sortedness,0.89,0.88275,28,1,R,112.585509
sortedness,0.89,0.88275,28,2,R,115.030938
sortedness,0.89,0.88275,28,3,R,113.387716
sortedness,0.89,0.89075,29,1,I,118.111174
sortedness,0.89,0.89075,29,2,I,128.773856
sortedness,0.89,0.89075,29,3,I,107.357188
sortedness,0.89,0.89075,29,1,Q,112.83651
sortedness,0.89,0.89075,29,2,Q,104.925466
sortedness,0.89,0.89075,29,3,Q,114.208255
sortedness,0.89,0.89075,29,1,M,123.260844
sortedness,0.89,0.89075,29,2,M,120.226516
sortedness,0.89,0.89075,29,3,M,120.842437
sortedness,0.89,0.89075,29,1,H,119.166275
sortedness,0.89,0.89075,29,2,H,120.257987
sortedness,0.89,0.89075,29,3,H,118.971237
sortedness,0.89,0.89075,29,1,R,122.943997
sortedness,0.89,0.89075,29,2,R,128.073043
sortedness,0.89,0.89075,29,3,R,111.002504
sortedness,0.89,0.89075,30,1,I,118.927644
sortedness,0.89,0.89075,30,2,I,118.273142
sortedness,0.89,0.89075,30,3,I,114.13625
sortedness,0.89,0.89075,30,1,Q,125.649466
sortedness,0.89,0.89075,30,2,Q,117.185039
sortedness,0.89,0.89075,30,3,Q,120.099477
sortedness,0.89,0.89075,30,1,M,110.931139
sortedness,0.89,0.89075,30,2,M,112.525446
sortedness,0.89,0.89075,30,3,M,114.146977
sortedness,0.89,0.89075,30,1,H,111.118374
sortedness,0.89,0.89075,30,2,H,118.323966
sortedness,0.89,0.89075,30,3,H,111.484694
sortedness,0.89,0.89075,30,1,R,118.254391
sortedness,0.89,0.89075,30,2,R,110.656583
sortedness,0.89,0.89075,30,3,R,111.123567
sortedness,0.89,0.87475,31,1,I,111.169657
sortedness,0.89,0.87475,31,2,I,113.885464
sortedness,0.89,0.87475,31,3,I,120.305629
sortedness,0.89,0.87475,31,1,Q,109.584127
sortedness,0.89,0.87475,31,2,Q,110.623674
sortedness,0.89,0.87475,31,3,Q,112.671803
sortedness,0.89,0.87475,31,1,M,119.130716
sortedness,0.89,0.87475,31,2,M,113.097137
sortedness,0.89,0.87475,31,3,M,110.558193
sortedness,0.89,0.87475,31,1,H,111.019934
sortedness,0.89,0.87475,31,2,H,111.888862
sortedness,0.89,0.87475,31,3,H,110.326493
sortedness,0.89,0.87475,31,1,R,109.188419
sortedness,0.89,0.87475,31,2,R,110.679645
sortedness,0.89,0.87475,31,3,R,110.371888
sortedness,0.89,0.8865,32,1,I,110.48634
sortedness,0.89,0.8865,32,2,I,106.717293
sortedness,0.89,0.8865,32,3,I,106.951168
sortedness,0.89,0.8865,32,1,Q,110.234482
sortedness,0.89,0.8865,32,2,Q,110.758772
sortedness,0.89,0.8865,32,3,Q,111.957474
sortedness,0.89,0.8865,32,1,M,116.244559
sortedness,0.89,0.8865,32,2,M,109.28055
sortedness,0.89,0.8865,32,3,M,114.685953
sortedness,0.89,0.8865,32,1,H,103.543391
sortedness,0.89,0.8865,32,2,H,115.535121
sortedness,0.89,0.8865,32,3,H,111.502383
sortedness,0.89,0.8865,32,1,R,115.193874
sortedness,0.89,0.8865,32,2,R,111.421129
sortedness,0.89,0.8865,32,3,R,114.664668
sortedness,0.89,0.88825,33,1,I,109.062254
sortedness,0.89,0.88825,33,2,I,109.806173
sortedness,0.89,0.88825,33,3,I,113.736047
sortedness,0.89,0.88825,33,1,Q,122.833415
sortedness,0.89,0.88825,33,2,Q,114.424627
sortedness,0.89,0.88825,33,3,Q,116.996294
sortedness,0.89,0.88825,33,1,M,110.419624
sortedness,0.89,0.88825,33,2,M,121.868328
sortedness,0.89,0.88825,33,3,M,111.898772
sortedness,0.89,0.88825,33,1,H,121.99637
sortedness,0.89,0.88825,33,2,H,111.795596
sortedness,0.89,0.88825,33,3,H,104.063735
sortedness,0.89,0.88825,33,1,R,119.513784
sortedness,0.89,0.88825,33,2,R,113.352156
sortedness,0.89,0.88825,33,3,R,120.142188
sortedness,0.89,0.8905,34,1,I,118.716705
sortedness,0.89,0.8905,34,2,I,119.107738
sortedness,0.89,0.8905,34,3,I,112.339989
sortedness,0.89,0.8905,34,1,Q,111.074972
sortedness,0.89,0.8905,34,2,Q,115.489333
sortedness,0.89,0.8905,34,3,Q,118.147084
sortedness,0.89,0.8905,34,1,M,114.244144
sortedness,0.89,0.8905,34,2,M,108.847451
sortedness,0.89,0.8905,34,3,M,110.987872
sortedness,0.89,0.8905,34,1,H,114.595805
sortedness,0.89,0.8905,34,2,H,102.531871
sortedness,0.89,0.8905,34,3,H,112.516291
sortedness,0.89,0.8905,34,1,R,111.463003
sortedness,0.89,0.8905,34,2,R,119.003775
sortedness,0.89,0.8905,34,3,R,113.010584
sortedness,0.9,0.895,1,1,I,109.74196
sortedness,0.9,0.895,1,2,I,110.35935
sortedness,0.9,0.895,1,3,I,110.218208
sortedness,0.9,0.895,1,1,Q,109.264312
sortedness,0.9,0.895,1,2,Q,131.03389
sortedness,0.9,0.895,1,3,Q,109.443073
sortedness,0.9,0.895,1,1,M,119.199289
sortedness,0.9,0.895,1,2,M,113.713879
sortedness,0.9,0.895,1,3,M,117.60308
sortedness,0.9,0.895,1,1,H,114.294237
sortedness,0.9,0.895,1,2,H,114.594477
sortedness,0.9,0.895,1,3,H,109.114508
sortedness,0.9,0.895,1,1,R,99.651112
sortedness,0.9,0.895,1,2,R,112.957128
sortedness,0.9,0.895,1,3,R,111.873778
sortedness,0.9,0.892,2,1,I,99.320543
sortedness,0.9,0.892,2,2,I,117.953568
sortedness,0.9,0.892,2,3,I,111.473752
sortedness,0.9,0.892,2,1,Q,111.624327
sortedness,0.9,0.892,2,2,Q,111.887185
sortedness,0.9,0.892,2,3,Q,117.759297
sortedness,0.9,0.892,2,1,M,115.247388
sortedness,0.9,0.892,2,2,M,108.276883
sortedness,0.9,0.892,2,3,M,118.344419
sortedness,0.9,0.892,2,1,H,110.887819
sortedness,0.9,0.892,2,2,H,115.470135
sortedness,0.9,0.892,2,3,H,120.808605
sortedness,0.9,0.892,2,1,R,112.635289
sortedness,0.9,0.892,2,2,R,121.84745
sortedness,0.9,0.892,2,3,R,123.866762
sortedness,0.9,0.9015,3,1,I,113.194472
sortedness,0.9,0.9015,3,2,I,110.640023
sortedness,0.9,0.9015,3,3,I,116.912932
sortedness,0.9,0.9015,3,1,Q,110.670173
sortedness,0.9,0.9015,3,2,Q,117.507057
sortedness,0.9,0.9015,3,3,Q,108.371
sortedness,0.9,0.9015,3,1,M,119.7816
sortedness,0.9,0.9015,3,2,M,123.281417
sortedness,0.9,0.9015,3,3,M,113.318753
sortedness,0.9,0.9015,3,1,H,103.893122
sortedness,0.9,0.9015,3,2,H,117.254112
sortedness,0.9,0.9015,3,3,H,118.671627
sortedness,0.9,0.9015,3,1,R,114.972861
sortedness,0.9,0.9015,3,2,R,115.239903
sortedness,0.9,0.9015,3,3,R,114.561412
sortedness,0.9,0.909,4,1,I,109.719316
sortedness,0.9,0.909,4,2,I,119.114268
sortedness,0.9,0.909,4,3,I,110.289642
sortedness,0.9,0.909,4,1,Q,122.106054
sortedness,0.9,0.909,4,2,Q,114.901295
sortedness,0.9,0.909,4,3,Q,110.194825
sortedness,0.9,0.909,4,1,M,108.60189
sortedness,0.9,0.909,4,2,M,112.891111
sortedness,0.9,0.909,4,3,M,123.925435
sortedness,0.9,0.909,4,1,H,118.202945
sortedness,0.9,0.909,4,2,H,114.504873
sortedness,0.9,0.909,4,3,H,113.02561
sortedness,0.9,0.909,4,1,R,111.329375
sortedness,0.9,0.909,4,2,R,111.28364
sortedness,0.9,0.909,4,3,R,113.199951
sortedness,0.9,0.9005,5,1,I,116.962221
sortedness,0.9,0.9005,5,2,I,109.21385
sortedness,0.9,0.9005,5,3,I,109.304906
sortedness,0.9,0.9005,5,1,Q,108.8
sortedness,0.9,0.9005,5,2,Q,111.446979
sortedness,0.9,0.9005,5,3,Q,105.83282
sortedness,0.9,0.9005,5,1,M,109.841455
sortedness,0.9,0.9005,5,2,M,109.085929
sortedness,0.9,0.9005,5,3,M,108.352651
sortedness,0.9,0.9005,5,1,H,120.02709
sortedness,0.9,0.9005,5,2,H,119.98584
sortedness,0.9,0.9005,5,3,H,115.608935
sortedness,0.9,0.9005,5,1,R,112.85696
sortedness,0.9,0.9005,5,2,R,122.904906
sortedness,0.9,0.9005,5,3,R,116.176927
sortedness,0.9,0.89625,6,1,I,111.228877
sortedness,0.9,0.89625,6,2,I,111.380446
sortedness,0.9,0.89625,6,3,I,119.117948
sortedness,0.9,0.89625,6,1,Q,121.455471
sortedness,0.9,0.89625,6,2,Q,121.728792
sortedness,0.9,0.89625,6,3,Q,134.035377
sortedness,0.9,0.89625,6,1,M,114.632266
sortedness,0.9,0.89625,6,2,M,115.70254
sortedness,0.9,0.89625,6,3,M,121.781808
sortedness,0.9,0.89625,6,1,H,127.375541
sortedness,0.9,0.89625,6,2,H,119.408038
sortedness,0.9,0.89625,6,3,H,125.502849
sortedness,0.9,0.89625,6,1,R,114.036135
sortedness,0.9,0.89625,6,2,R,117.565586
sortedness,0.9,0.89625,6,3,R,123.478906
sortedness,0.9,0.902,7,1,I,127.813876
sortedness,0.9,0.902,7,2,I,124.760129
sortedness,0.9,0.902,7,3,I,114.721122
sortedness,0.9,0.902,7,1,Q,119.493681
sortedness,0.9,0.902,7,2,Q,117.24757
sortedness,0.9,0.902,7,3,Q,127.115842
sortedness,0.9,0.902,7,1,M,114.007439
sortedness,0.9,0.902,7,2,M,110.993398
sortedness,0.9,0.902,7,3,M,110.676212
sortedness,0.9,0.902,7,1,H,110.990289
sortedness,0.9,0.902,7,2,H,114.749015
sortedness,0.9,0.902,7,3,H,121.190727
sortedness,0.9,0.902,7,1,R,116.739122
sortedness,0.9,0.902,7,2,R,109.933161
sortedness,0.9,0.902,7,3,R,114.512
sortedness,0.9,0.9105,8,1,I,108.867534
sortedness,0.9,0.9105,8,2,I,109.336925
sortedness,0.9,0.9105,8,3,I,118.089064
sortedness,0.9,0.9105,8,1,Q,108.641213
sortedness,0.9,0.9105,8,2,Q,112.780986
sortedness,0.9,0.9105,8,3,Q,110.301455
sortedness,0.9,0.9105,8,1,M,114.456675
sortedness,0.9,0.9105,8,2,M,111.446653
sortedness,0.9,0.9105,8,3,M,111.981992
sortedness,0.9,0.9105,8,1,H,117.512939
sortedness,0.9,0.9105,8,2,H,112.795827
sortedness,0.9,0.9105,8,3,H,113.71506
sortedness,0.9,0.9105,8,1,R,120.071156
sortedness,0.9,0.9105,8,2,R,105.515609
sortedness,0.9,0.9105,8,3,R,110.448561
sortedness,0.91,0.9045,1,1,I,114.690236
sortedness,0.91,0.9045,1,2,I,114.511469
sortedness,0.91,0.9045,1,3,I,112.868897
sortedness,0.91,0.9045,1,1,Q,111.991739
sortedness,0.91,0.9045,1,2,Q,109.433587
sortedness,0.91,0.9045,1,3,Q,116.816968
sortedness,0.91,0.9045,1,1,M,112.453332
sortedness,0.91,0.9045,1,2,M,115.800609
sortedness,0.91,0.9045,1,3,M,102.101013
sortedness,0.91,0.9045,1,1,H,111.009377
sortedness,0.91,0.9045,1,2,H,114.554151
sortedness,0.91,0.9045,1,3,H,115.90953
sortedness,0.91,0.9045,1,1,R,111.014561
sortedness,0.91,0.9045,1,2,R,109.19317
sortedness,0.91,0.9045,1,3,R,124.501031
sortedness,0.91,0.90575,2,1,I,111.658708
sortedness,0.91,0.90575,2,2,I,113.095071
sortedness,0.91,0.90575,2,3,I,119.297122
sortedness,0.91,0.90575,2,1,Q,112.389269
sortedness,0.91,0.90575,2,2,Q,117.346275
sortedness,0.91,0.90575,2,3,Q,109.486639
sortedness,0.91,0.90575,2,1,M,111.540782
sortedness,0.91,0.90575,2,2,M,111.983635
sortedness,0.91,0.90575,2,3,M,111.40948
sortedness,0.91,0.90575,2,1,H,113.419557
sortedness,0.91,0.90575,2,2,H,108.076516
sortedness,0.91,0.90575,2,3,H,114.842556
sortedness,0.91,0.90575,2,1,R,110.567519
sortedness,0.91,0.90575,2,2,R,111.691619
sortedness,0.91,0.90575,2,3,R,111.53669
sortedness,0.91,0.90825,3,1,I,114.151286
sortedness,0.91,0.90825,3,2,I,121.485663
sortedness,0.91,0.90825,3,3,I,111.199053
sortedness,0.91,0.90825,3,1,Q,118.02347
sortedness,0.91,0.90825,3,2,Q,115.781936
sortedness,0.91,0.90825,3,3,Q,121.168973
sortedness,0.91,0.90825,3,1,M,109.216524
sortedness,0.91,0.90825,3,2,M,115.826132
sortedness,0.91,0.90825,3,3,M,115.223914
sortedness,0.91,0.90825,3,1,H,118.945302
sortedness,0.91,0.90825,3,2,H,134.448444
sortedness,0.91,0.90825,3,3,H,115.301246
sortedness,0.91,0.90825,3,1,R,109.428079
sortedness,0.91,0.90825,3,2,R,104.976427
sortedness,0.91,0.90825,3,3,R,113.014632
sortedness,0.91,0.918,4,1,I,110.233623
sortedness,0.91,0.918,4,2,I,108.007067
sortedness,0.91,0.918,4,3,I,106.311485
sortedness,0.91,0.918,4,1,Q,114.107569
sortedness,0.91,0.918,4,2,Q,110.020159
sortedness,0.91,0.918,4,3,Q,114.983152
sortedness,0.91,0.918,4,1,M,110.3751
sortedness,0.91,0.918,4,2,M,113.829732
sortedness,0.91,0.918,4,3,M,108.250973
sortedness,0.91,0.918,4,1,H,113.634018
sortedness,0.91,0.918,4,2,H,119.005731
sortedness,0.91,0.918,4,3,H,120.046594
sortedness,0.91,0.918,4,1,R,108.929412
sortedness,0.91,0.918,4,2,R,123.825298
sortedness,0.91,0.918,4,3,R,112.46295
sortedness,0.91,0.90375,5,1,I,112.07435
sortedness,0.91,0.90375,5,2,I,121.565881
sortedness,0.91,0.90375,5,3,I,116.273853
sortedness,0.91,0.90375,5,1,Q,112.499151
sortedness,0.91,0.90375,5,2,Q,110.46037
sortedness,0.91,0.90375,5,3,Q,115.571078
sortedness,0.91,0.90375,5,1,M,113.314072
sortedness,0.91,0.90375,5,2,M,114.368221
sortedness,0.91,0.90375,5,3,M,115.019293
sortedness,0.91,0.90375,5,1,H,116.229199
sortedness,0.91,0.90375,5,2,H,110.886631
sortedness,0.91,0.90375,5,3,H,118.476081
sortedness,0.91,0.90375,5,1,R,120.040216
sortedness,0.91,0.90375,5,2,R,112.088792
sortedness,0.91,0.90375,5,3,R,113.895893
sortedness,0.91,0.90525,6,1,I,112.454937
sortedness,0.91,0.90525,6,2,I,114.773417
sortedness,0.91,0.90525,6,3,I,113.125062
sortedness,0.91,0.90525,6,1,Q,118.052066
sortedness,0.91,0.90525,6,2,Q,113.342714
sortedness,0.91,0.90525,6,3,Q,119.144049
sortedness,0.91,0.90525,6,1,M,111.48535
sortedness,0.91,0.90525,6,2,M,114.35567
sortedness,0.91,0.90525,6,3,M,116.332138
sortedness,0.91,0.90525,6,1,H,117.949331
sortedness,0.91,0.90525,6,2,H,122.602866
sortedness,0.91,0.90525,6,3,H,123.154709
sortedness,0.91,0.90525,6,1,R,117.017533
sortedness,0.91,0.90525,6,2,R,112.94556
sortedness,0.91,0.90525,6,3,R,126.086581
sortedness,0.91,0.911,7,1,I,105.437825
sortedness,0.91,0.911,7,2,I,110.69055
sortedness,0.91,0.911,7,3,I,124.321076
sortedness,0.91,0.911,7,1,Q,114.923667
sortedness,0.91,0.911,7,2,Q,117.137368
sortedness,0.91,0.911,7,3,Q,111.990101
sortedness,0.91,0.911,7,1,M,112.066981
sortedness,0.91,0.911,7,2,M,114.968182
sortedness,0.91,0.911,7,3,M,114.621699
sortedness,0.91,0.911,7,1,H,112.47438
sortedness,0.91,0.911,7,2,H,110.596626
sortedness,0.91,0.911,7,3,H,118.880769
sortedness,0.91,0.911,7,1,R,126.945541
sortedness,0.91,0.911,7,2,R,109.575682
sortedness,0.91,0.911,7,3,R,119.721244
sortedness,0.91,0.91125,8,1,I,109.988583
sortedness,0.91,0.91125,8,2,I,113.620401
sortedness,0.91,0.91125,8,3,I,116.261061
sortedness,0.91,0.91125,8,1,Q,115.454897
sortedness,0.91,0.91125,8,2,Q,114.667554
sortedness,0.91,0.91125,8,3,Q,110.019838
sortedness,0.91,0.91125,8,1,M,113.542148
sortedness,0.91,0.91125,8,2,M,100.595115
sortedness,0.91,0.91125,8,3,M,110.025057
sortedness,0.91,0.91125,8,1,H,113.98609
sortedness,0.91,0.91125,8,2,H,114.757632
sortedness,0.91,0.91125,8,3,H,111.802896
sortedness,0.91,0.91125,8,1,R,109.183124
sortedness,0.91,0.91125,8,2,R,110.614602
sortedness,0.91,0.91125,8,3,R,108.622333
sortedness,0.92,0.91875,1,1,I,111.054807
sortedness,0.92,0.91875,1,2,I,110.034208
sortedness,0.92,0.91875,1,3,I,107.403669
sortedness,0.92,0.91875,1,1,Q,111.039826
sortedness,0.92,0.91875,1,2,Q,112.260944
sortedness,0.92,0.91875,1,3,Q,113.234686
sortedness,0.92,0.91875,1,1,M,112.264564
sortedness,0.92,0.91875,1,2,M,113.344941
sortedness,0.92,0.91875,1,3,M,108.457601
sortedness,0.92,0.91875,1,1,H,109.335484
sortedness,0.92,0.91875,1,2,H,113.945208
sortedness,0.92,0.91875,1,3,H,107.806356
sortedness,0.92,0.91875,1,1,R,110.365175
sortedness,0.92,0.91875,1,2,R,112.796321
sortedness,0.92,0.91875,1,3,R,111.069979
sortedness,0.92,0.9215,2,1,I,113.42215
sortedness,0.92,0.9215,2,2,I,117.622658
sortedness,0.92,0.9215,2,3,I,112.652516
sortedness,0.92,0.9215,2,1,Q,111.738886
sortedness,0.92,0.9215,2,2,Q,104.864296
sortedness,0.92,0.9215,2,3,Q,112.990376
sortedness,0.92,0.9215,2,1,M,110.351428
sortedness,0.92,0.9215,2,2,M,112.315305
sortedness,0.92,0.9215,2,3,M,112.37974
sortedness,0.92,0.9215,2,1,H,111.981292
sortedness,0.92,0.9215,2,2,H,126.895888
sortedness,0.92,0.9215,2,3,H,114.07935
sortedness,0.92,0.9215,2,1,R,115.31162
sortedness,0.92,0.9215,2,2,R,122.807371
sortedness,0.92,0.9215,2,3,R,105.31026
sortedness,0.92,0.92325,3,1,I,112.03025
sortedness,0.92,0.92325,3,2,I,112.07931
sortedness,0.92,0.92325,3,3,I,111.321963
sortedness,0.92,0.92325,3,1,Q,111.823952
sortedness,0.92,0.92325,3,2,Q,111.701532
sortedness,0.92,0.92325,3,3,Q,112.568231
sortedness,0.92,0.92325,3,1,M,107.762685
sortedness,0.92,0.92325,3,2,M,106.320493
sortedness,0.92,0.92325,3,3,M,112.769847
sortedness,0.92,0.92325,3,1,H,116.737334
sortedness,0.92,0.92325,3,2,H,109.486965
sortedness,0.92,0.92325,3,3,H,108.627883
sortedness,0.92,0.92325,3,1,R,110.160597
sortedness,0.92,0.92325,3,2,R,108.542695
sortedness,0.92,0.92325,3,3,R,111.142131
sortedness,0.92,0.9185,4,1,I,108.007117
sortedness,0.92,0.9185,4,2,I,109.165253
sortedness,0.92,0.9185,4,3,I,115.587279
sortedness,0.92,0.9185,4,1,Q,106.884534
sortedness,0.92,0.9185,4,2,Q,111.23233
sortedness,0.92,0.9185,4,3,Q,116.125704
sortedness,0.92,0.9185,4,1,M,111.389601
sortedness,0.92,0.9185,4,2,M,115.80657
sortedness,0.92,0.9185,4,3,M,111.907116
sortedness,0.92,0.9185,4,1,H,119.250151
sortedness,0.92,0.9185,4,2,H,113.794629
sortedness,0.92,0.9185,4,3,H,108.056867
sortedness,0.92,0.9185,4,1,R,112.632651
sortedness,0.92,0.9185,4,2,R,113.75333
sortedness,0.92,0.9185,4,3,R,109.811813
sortedness,0.92,0.9195,5,1,I,105.429679
sortedness,0.92,0.9195,5,2,I,113.213445
sortedness,0.92,0.9195,5,3,I,112.90333
sortedness,0.92,0.9195,5,1,Q,112.492763
sortedness,0.92,0.9195,5,2,Q,112.63351
sortedness,0.92,0.9195,5,3,Q,106.756344
sortedness,0.92,0.9195,5,1,M,116.04234
sortedness,0.92,0.9195,5,2,M,109.653077
sortedness,0.92,0.9195,5,3,M,110.528158
sortedness,0.92,0.9195,5,1,H,109.670643
sortedness,0.92,0.9195,5,2,H,118.24249
sortedness,0.92,0.9195,5,3,H,111.774202
sortedness,0.92,0.9195,5,1,R,116.388053
sortedness,0.92,0.9195,5,2,R,106.665226
sortedness,0.92,0.9195,5,3,R,111.691822
sortedness,0.92,0.926,6,1,I,106.527576
sortedness,0.92,0.926,6,2,I,109.444726
sortedness,0.92,0.926,6,3,I,109.043066
sortedness,0.92,0.926,6,1,Q,109.647094
sortedness,0.92,0.926,6,2,Q,109.167325
sortedness,0.92,0.926,6,3,Q,113.158504
sortedness,0.92,0.926,6,1,M,106.173965
sortedness,0.92,0.926,6,2,M,109.977265
sortedness,0.92,0.926,6,3,M,107.479484
sortedness,0.92,0.926,6,1,H,112.413179
sortedness,0.92,0.926,6,2,H,110.617924
sortedness,0.92,0.926,6,3,H,114.389238
sortedness,0.92,0.926,6,1,R,119.702907
sortedness,0.92,0.926,6,2,R,113.354714
sortedness,0.92,0.926,6,3,R,110.793626
sortedness,0.92,0.92075,7,1,I,106.577435
sortedness,0.92,0.92075,7,2,I,108.935167
sortedness,0.92,0.92075,7,3,I,110.08563
sortedness,0.92,0.92075,7,1,Q,112.453571
sortedness,0.92,0.92075,7,2,Q,113.652057
sortedness,0.92,0.92075,7,3,Q,115.614943
sortedness,0.92,0.92075,7,1,M,112.78753
sortedness,0.92,0.92075,7,2,M,112.39256
sortedness,0.92,0.92075,7,3,M,111.863653
sortedness,0.92,0.92075,7,1,H,107.781388
sortedness,0.92,0.92075,7,2,H,108.05246
sortedness,0.92,0.92075,7,3,H,106.62297
sortedness,0.92,0.92075,7,1,R,114.171349
sortedness,0.92,0.92075,7,2,R,114.434879
sortedness,0.92,0.92075,7,3,R,111.928923
sortedness,0.92,0.9195,8,1,I,112.450564
sortedness,0.92,0.9195,8,2,I,112.344139
sortedness,0.92,0.9195,8,3,I,98.410213
sortedness,0.92,0.9195,8,1,Q,102.989285
sortedness,0.92,0.9195,8,2,Q,100.338589
sortedness,0.92,0.9195,8,3,Q,111.162744
sortedness,0.92,0.9195,8,1,M,112.67154
sortedness,0.92,0.9195,8,2,M,115.965984
sortedness,0.92,0.9195,8,3,M,109.622044
sortedness,0.92,0.9195,8,1,H,132.413119
sortedness,0.92,0.9195,8,2,H,115.968768
sortedness,0.92,0.9195,8,3,H,120.794504
sortedness,0.92,0.9195,8,1,R,112.814201
sortedness,0.92,0.9195,8,2,R,110.707973
sortedness,0.92,0.9195,8,3,R,114.836521
sortedness,0.93,0.9305,1,1,I,113.522883
sortedness,0.93,0.9305,1,2,I,108.00719
sortedness,0.93,0.9305,1,3,I,111.326389
sortedness,0.93,0.9305,1,1,Q,110.269855
sortedness,0.93,0.9305,1,2,Q,109.730783
sortedness,0.93,0.9305,1,3,Q,111.521102
sortedness,0.93,0.9305,1,1,M,109.905467
sortedness,0.93,0.9305,1,2,M,117.357219
sortedness,0.93,0.9305,1,3,M,103.591191
sortedness,0.93,0.9305,1,1,H,109.804098
sortedness,0.93,0.9305,1,2,H,109.924292
sortedness,0.93,0.9305,1,3,H,109.892507
sortedness,0.93,0.9305,1,1,R,110.711444
sortedness,0.93,0.9305,1,2,R,115.596294
sortedness,0.93,0.9305,1,3,R,112.160062
sortedness,0.93,0.933,2,1,I,108.722505
sortedness,0.93,0.933,2,2,I,111.104937
sortedness,0.93,0.933,2,3,I,116.436675
sortedness,0.93,0.933,2,1,Q,113.419631
sortedness,0.93,0.933,2,2,Q,115.758336
sortedness,0.93,0.933,2,3,Q,121.018924
sortedness,0.93,0.933,2,1,M,109.065696
sortedness,0.93,0.933,2,2,M,116.593211
sortedness,0.93,0.933,2,3,M,107.641776
sortedness,0.93,0.933,2,1,H,151.211005
sortedness,0.93,0.933,2,2,H,171.468168
sortedness,0.93,0.933,2,3,H,128.369719
sortedness,0.93,0.933,2,1,R,108.659924
sortedness,0.93,0.933,2,2,R,111.702467
sortedness,0.93,0.933,2,3,R,113.863788
sortedness,0.93,0.93425,3,1,I,107.691377
sortedness,0.93,0.93425,3,2,I,102.499173
sortedness,0.93,0.93425,3,3,I,108.244533
sortedness,0.93,0.93425,3,1,Q,111.640424
sortedness,0.93,0.93425,3,2,Q,108.298601
sortedness,0.93,0.93425,3,3,Q,108.734554
sortedness,0.93,0.93425,3,1,M,109.940222
sortedness,0.93,0.93425,3,2,M,107.901849
sortedness,0.93,0.93425,3,3,M,108.350204
sortedness,0.93,0.93425,3,1,H,108.947991
sortedness,0.93,0.93425,3,2,H,115.679261
sortedness,0.93,0.93425,3,3,H,109.892469
sortedness,0.93,0.93425,3,1,R,115.822808
sortedness,0.93,0.93425,3,2,R,112.892679
sortedness,0.93,0.93425,3,3,R,113.485572
sortedness,0.93,0.93775,4,1,I,115.745015
sortedness,0.93,0.93775,4,2,I,112.499252
sortedness,0.93,0.93775,4,3,I,112.108133
sortedness,0.93,0.93775,4,1,Q,115.973374
sortedness,0.93,0.93775,4,2,Q,113.77466
sortedness,0.93,0.93775,4,3,Q,114.038779
sortedness,0.93,0.93775,4,1,M,108.729253
sortedness,0.93,0.93775,4,2,M,110.148947
sortedness,0.93,0.93775,4,3,M,111.721905
sortedness,0.93,0.93775,4,1,H,107.99054
sortedness,0.93,0.93775,4,2,H,109.375315
sortedness,0.93,0.93775,4,3,H,114.564172
sortedness,0.93,0.93775,4,1,R,108.745152
sortedness,0.93,0.93775,4,2,R,107.218673
sortedness,0.93,0.93775,4,3,R,108.55873
sortedness,0.93,0.92875,5,1,I,109.436793
sortedness,0.93,0.92875,5,2,I,110.294608
sortedness,0.93,0.92875,5,3,I,117.766971
sortedness,0.93,0.92875,5,1,Q,114.239543
sortedness,0.93,0.92875,5,2,Q,108.152498
sortedness,0.93,0.92875,5,3,Q,110.712827
sortedness,0.93,0.92875,5,1,M,122.878761
sortedness,0.93,0.92875,5,2,M,116.559998
sortedness,0.93,0.92875,5,3,M,107.12112
sortedness,0.93,0.92875,5,1,H,118.198796
sortedness,0.93,0.92875,5,2,H,111.21808
sortedness,0.93,0.92875,5,3,H,113.6097
sortedness,0.93,0.92875,5,1,R,108.769671
sortedness,0.93,0.92875,5,2,R,111.571399
sortedness,0.93,0.92875,5,3,R,112.067359
sortedness,0.93,0.93875,6,1,I,108.815152
sortedness,0.93,0.93875,6,2,I,107.215491
sortedness,0.93,0.93875,6,3,I,113.30398
sortedness,0.93,0.93875,6,1,Q,110.843886
sortedness,0.93,0.93875,6,2,Q,110.382927
sortedness,0.93,0.93875,6,3,Q,110.421553
sortedness,0.93,0.93875,6,1,M,107.44801
sortedness,0.93,0.93875,6,2,M,116.103719
sortedness,0.93,0.93875,6,3,M,108.153686
sortedness,0.93,0.93875,6,1,H,113.310233
sortedness,0.93,0.93875,6,2,H,108.244054
sortedness,0.93,0.93875,6,3,H,112.061387
sortedness,0.93,0.93875,6,1,R,110.694253
sortedness,0.93,0.93875,6,2,R,112.205028
sortedness,0.93,0.93875,6,3,R,108.72107
sortedness,0.93,0.92475,7,1,I,108.046792
sortedness,0.93,0.92475,7,2,I,122.067804
sortedness,0.93,0.92475,7,3,I,117.66603
sortedness,0.93,0.92475,7,1,Q,119.824917
sortedness,0.93,0.92475,7,2,Q,117.974478
sortedness,0.93,0.92475,7,3,Q,122.394415
sortedness,0.93,0.92475,7,1,M,99.157537
sortedness,0.93,0.92475,7,2,M,116.263622
sortedness,0.93,0.92475,7,3,M,100.470772
sortedness,0.93,0.92475,7,1,H,111.291662
sortedness,0.93,0.92475,7,2,H,126.138194
sortedness,0.93,0.92475,7,3,H,119.888275
sortedness,0.93,0.92475,7,1,R,116.995384
sortedness,0.93,0.92475,7,2,R,124.189675
sortedness,0.93,0.92475,7,3,R,113.519949
sortedness,0.93,0.92675,8,1,I,114.425931
sortedness,0.93,0.92675,8,2,I,116.374712
sortedness,0.93,0.92675,8,3,I,110.531951
sortedness,0.93,0.92675,8,1,Q,114.178645
sortedness,0.93,0.92675,8,2,Q,114.351787
sortedness,0.93,0.92675,8,3,Q,111.170274
sortedness,0.93,0.92675,8,1,M,109.855356
sortedness,0.93,0.92675,8,2,M,111.467307
sortedness,0.93,0.92675,8,3,M,110.064187
sortedness,0.93,0.92675,8,1,H,107.927429
sortedness,0.93,0.92675,8,2,H,110.426431
sortedness,0.93,0.92675,8,3,H,112.427259
sortedness,0.93,0.92675,8,1,R,110.614141
sortedness,0.93,0.92675,8,2,R,109.672823
sortedness,0.93,0.92675,8,3,R,111.801355
sortedness,0.93,0.9355,9,1,I,111.212368
sortedness,0.93,0.9355,9,2,I,110.837423
sortedness,0.93,0.9355,9,3,I,107.463364
sortedness,0.93,0.9355,9,1,Q,111.768337
sortedness,0.93,0.9355,9,2,Q,111.670838
sortedness,0.93,0.9355,9,3,Q,113.958531
sortedness,0.93,0.9355,9,1,M,121.846602
sortedness,0.93,0.9355,9,2,M,112.558975
sortedness,0.93,0.9355,9,3,M,109.410447
sortedness,0.93,0.9355,9,1,H,110.662142
sortedness,0.93,0.9355,9,2,H,110.775846
sortedness,0.93,0.9355,9,3,H,113.126538
sortedness,0.93,0.9355,9,1,R,111.314413
sortedness,0.93,0.9355,9,2,R,113.270191
sortedness,0.93,0.9355,9,3,R,111.984776
sortedness,0.93,0.927,10,1,I,106.36207
sortedness,0.93,0.927,10,2,I,113.41285
sortedness,0.93,0.927,10,3,I,112.432878
sortedness,0.93,0.927,10,1,Q,110.662664
sortedness,0.93,0.927,10,2,Q,110.459779
sortedness,0.93,0.927,10,3,Q,114.52101
sortedness,0.93,0.927,10,1,M,109.3288
sortedness,0.93,0.927,10,2,M,111.068965
sortedness,0.93,0.927,10,3,M,110.54224
sortedness,0.93,0.927,10,1,H,108.152252
sortedness,0.93,0.927,10,2,H,109.465667
sortedness,0.93,0.927,10,3,H,115.43809
sortedness,0.93,0.927,10,1,R,112.814807
sortedness,0.93,0.927,10,2,R,115.268551
sortedness,0.93,0.927,10,3,R,110.814764
sortedness,0.93,0.92925,11,1,I,110.433602
sortedness,0.93,0.92925,11,2,I,111.600584
sortedness,0.93,0.92925,11,3,I,117.958192
sortedness,0.93,0.92925,11,1,Q,110.100896
sortedness,0.93,0.92925,11,2,Q,111.670461
sortedness,0.93,0.92925,11,3,Q,108.672298
sortedness,0.93,0.92925,11,1,M,108.739506
sortedness,0.93,0.92925,11,2,M,112.498934
sortedness,0.93,0.92925,11,3,M,99.980025
sortedness,0.93,0.92925,11,1,H,101.192467
sortedness,0.93,0.92925,11,2,H,111.080533
sortedness,0.93,0.92925,11,3,H,112.902403
sortedness,0.93,0.92925,11,1,R,104.909534
sortedness,0.93,0.92925,11,2,R,111.339713
sortedness,0.93,0.92925,11,3,R,118.137443
sortedness,0.93,0.9285,12,1,I,111.54893
sortedness,0.93,0.9285,12,2,I,114.748226
sortedness,0.93,0.9285,12,3,I,111.411506
sortedness,0.93,0.9285,12,1,Q,112.453282
sortedness,0.93,0.9285,12,2,Q,120.916771
sortedness,0.93,0.9285,12,3,Q,113.39518
sortedness,0.93,0.9285,12,1,M,121.422726
sortedness,0.93,0.9285,12,2,M,132.266306
sortedness,0.93,0.9285,12,3,M,111.042103
sortedness,0.93,0.9285,12,1,H,119.874828
sortedness,0.93,0.9285,12,2,H,114.464004
sortedness,0.93,0.9285,12,3,H,106.392424
sortedness,0.93,0.9285,12,1,R,113.125606
sortedness,0.93,0.9285,12,2,R,113.442817
sortedness,0.93,0.9285,12,3,R,111.06769
sortedness,0.93,0.93125,13,1,I,116.959007
sortedness,0.93,0.93125,13,2,I,111.708382
sortedness,0.93,0.93125,13,3,I,120.673263
sortedness,0.93,0.93125,13,1,Q,99.751513
sortedness,0.93,0.93125,13,2,Q,112.864784
sortedness,0.93,0.93125,13,3,Q,108.895543
sortedness,0.93,0.93125,13,1,M,110.051673
sortedness,0.93,0.93125,13,2,M,114.795045
sortedness,0.93,0.93125,13,3,M,112.277593
sortedness,0.93,0.93125,13,1,H,115.977807
sortedness,0.93,0.93125,13,2,H,112.673189
sortedness,0.93,0.93125,13,3,H,113.759479
sortedness,0.93,0.93125,13,1,R,111.756582
sortedness,0.93,0.93125,13,2,R,106.041273
sortedness,0.93,0.93125,13,3,R,116.168914
sortedness,0.93,0.93525,14,1,I,115.336873
sortedness,0.93,0.93525,14,2,I,110.266575
sortedness,0.93,0.93525,14,3,I,112.353544
sortedness,0.93,0.93525,14,1,Q,114.401519
sortedness,0.93,0.93525,14,2,Q,113.361578
sortedness,0.93,0.93525,14,3,Q,122.183911
sortedness,0.93,0.93525,14,1,M,110.987726
sortedness,0.93,0.93525,14,2,M,112.051903
sortedness,0.93,0.93525,14,3,M,106.717846
sortedness,0.93,0.93525,14,1,H,112.634172
sortedness,0.93,0.93525,14,2,H,112.572344
sortedness,0.93,0.93525,14,3,H,111.73086
sortedness,0.93,0.93525,14,1,R,100.948309
sortedness,0.93,0.93525,14,2,R,109.308274
sortedness,0.93,0.93525,14,3,R,108.431525
sortedness,0.94,0.93875,1,1,I,108.567971
sortedness,0.94,0.93875,1,2,I,111.049446
sortedness,0.94,0.93875,1,3,I,116.357408
sortedness,0.94,0.93875,1,1,Q,108.658318
sortedness,0.94,0.93875,1,2,Q,121.375971
sortedness,0.94,0.93875,1,3,Q,116.599219
sortedness,0.94,0.93875,1,1,M,112.765529
sortedness,0.94,0.93875,1,2,M,108.667736
sortedness,0.94,0.93875,1,3,M,113.196808
sortedness,0.94,0.93875,1,1,H,114.969754
sortedness,0.94,0.93875,1,2,H,114.502083
sortedness,0.94,0.93875,1,3,H,113.585655
sortedness,0.94,0.93875,1,1,R,111.037832
sortedness,0.94,0.93875,1,2,R,110.885156
sortedness,0.94,0.93875,1,3,R,115.513285
sortedness,0.94,0.93775,2,1,I,110.920758
sortedness,0.94,0.93775,2,2,I,107.044755
sortedness,0.94,0.93775,2,3,I,108.906787
sortedness,0.94,0.93775,2,1,Q,107.633545
sortedness,0.94,0.93775,2,2,Q,108.598831
sortedness,0.94,0.93775,2,3,Q,112.509981
sortedness,0.94,0.93775,2,1,M,108.558052
sortedness,0.94,0.93775,2,2,M,111.779767
sortedness,0.94,0.93775,2,3,M,106.375396
sortedness,0.94,0.93775,2,1,H,110.623893
sortedness,0.94,0.93775,2,2,H,109.323062
sortedness,0.94,0.93775,2,3,H,116.236396
sortedness,0.94,0.93775,2,1,R,109.62616
sortedness,0.94,0.93775,2,2,R,112.039252
sortedness,0.94,0.93775,2,3,R,118.850552
sortedness,0.94,0.933,3,1,I,115.977021
sortedness,0.94,0.933,3,2,I,114.064556
sortedness,0.94,0.933,3,3,I,118.06378
sortedness,0.94,0.933,3,1,Q,109.376994
sortedness,0.94,0.933,3,2,Q,111.936438
sortedness,0.94,0.933,3,3,Q,113.337558
sortedness,0.94,0.933,3,1,M,109.839944
sortedness,0.94,0.933,3,2,M,109.70839
sortedness,0.94,0.933,3,3,M,114.650855
sortedness,0.94,0.933,3,1,H,110.213988
sortedness,0.94,0.933,3,2,H,108.787721
sortedness,0.94,0.933,3,3,H,115.000627
sortedness,0.94,0.933,3,1,R,111.816862
sortedness,0.94,0.933,3,2,R,112.961642
sortedness,0.94,0.933,3,3,R,114.593703
sortedness,0.94,0.94125,4,1,I,107.013855
sortedness,0.94,0.94125,4,2,I,113.707236
sortedness,0.94,0.94125,4,3,I,112.071197
sortedness,0.94,0.94125,4,1,Q,124.423202
sortedness,0.94,0.94125,4,2,Q,117.246632
sortedness,0.94,0.94125,4,3,Q,112.262569
sortedness,0.94,0.94125,4,1,M,112.742917
sortedness,0.94,0.94125,4,2,M,107.72116
sortedness,0.94,0.94125,4,3,M,110.030161
sortedness,0.94,0.94125,4,1,H,106.866726
sortedness,0.94,0.94125,4,2,H,119.93034
sortedness,0.94,0.94125,4,3,H,111.36275
sortedness,0.94,0.94125,4,1,R,112.273256
sortedness,0.94,0.94125,4,2,R,109.969908
sortedness,0.94,0.94125,4,3,R,110.237637
sortedness,0.94,0.94,5,1,I,111.132399
sortedness,0.94,0.94,5,2,I,110.431104
sortedness,0.94,0.94,5,3,I,110.06937
sortedness,0.94,0.94,5,1,Q,112.169802
sortedness,0.94,0.94,5,2,Q,112.222984
sortedness,0.94,0.94,5,3,Q,116.764902
sortedness,0.94,0.94,5,1,M,108.528705
sortedness,0.94,0.94,5,2,M,109.993745
sortedness,0.94,0.94,5,3,M,112.948629
sortedness,0.94,0.94,5,1,H,112.181186
sortedness,0.94,0.94,5,2,H,112.290612
sortedness,0.94,0.94,5,3,H,116.952782
sortedness,0.94,0.94,5,1,R,111.612584
sortedness,0.94,0.94,5,2,R,118.168456
sortedness,0.94,0.94,5,3,R,111.183321
sortedness,0.94,0.93925,6,1,I,106.822132
sortedness,0.94,0.93925,6,2,I,111.543274
sortedness,0.94,0.93925,6,3,I,111.034777
sortedness,0.94,0.93925,6,1,Q,118.020254
sortedness,0.94,0.93925,6,2,Q,109.864367
sortedness,0.94,0.93925,6,3,Q,107.092447
sortedness,0.94,0.93925,6,1,M,112.031006
sortedness,0.94,0.93925,6,2,M,113.699896
sortedness,0.94,0.93925,6,3,M,114.868958
sortedness,0.94,0.93925,6,1,H,110.702615
sortedness,0.94,0.93925,6,2,H,113.225853
sortedness,0.94,0.93925,6,3,H,116.77184
sortedness,0.94,0.93925,6,1,R,109.469613
sortedness,0.94,0.93925,6,2,R,98.550128
sortedness,0.94,0.93925,6,3,R,109.344334
sortedness,0.94,0.94525,7,1,I,109.589252
sortedness,0.94,0.94525,7,2,I,111.640959
sortedness,0.94,0.94525,7,3,I,110.053528
sortedness,0.94,0.94525,7,1,Q,125.188319
sortedness,0.94,0.94525,7,2,Q,110.496825
sortedness,0.94,0.94525,7,3,Q,114.969539
sortedness,0.94,0.94525,7,1,M,110.817984
sortedness,0.94,0.94525,7,2,M,100.909625
sortedness,0.94,0.94525,7,3,M,109.562507
sortedness,0.94,0.94525,7,1,H,115.337369
sortedness,0.94,0.94525,7,2,H,114.521803
sortedness,0.94,0.94525,7,3,H,125.579278
sortedness,0.94,0.94525,7,1,R,113.685528
sortedness,0.94,0.94525,7,2,R,125.697686
sortedness,0.94,0.94525,7,3,R,108.463264
sortedness,0.94,0.94525,8,1,I,107.347127
sortedness,0.94,0.94525,8,2,I,112.377727
sortedness,0.94,0.94525,8,3,I,116.002692
sortedness,0.94,0.94525,8,1,Q,111.168373
sortedness,0.94,0.94525,8,2,Q,108.478436
sortedness,0.94,0.94525,8,3,Q,110.329434
sortedness,0.94,0.94525,8,1,M,107.220926
sortedness,0.94,0.94525,8,2,M,117.664484
sortedness,0.94,0.94525,8,3,M,113.249596
sortedness,0.94,0.94525,8,1,H,100.128296
sortedness,0.94,0.94525,8,2,H,117.219423
sortedness,0.94,0.94525,8,3,H,115.173791
sortedness,0.94,0.94525,8,1,R,112.368699
sortedness,0.94,0.94525,8,2,R,98.945112
sortedness,0.94,0.94525,8,3,R,101.089073
sortedness,0.95,0.943,1,1,I,108.193925
sortedness,0.95,0.943,1,2,I,109.936849
sortedness,0.95,0.943,1,3,I,117.381537
sortedness,0.95,0.943,1,1,Q,111.302756
sortedness,0.95,0.943,1,2,Q,109.565394
sortedness,0.95,0.943,1,3,Q,112.885142
sortedness,0.95,0.943,1,1,M,113.374287
sortedness,0.95,0.943,1,2,M,101.248816
sortedness,0.95,0.943,1,3,M,113.729957
sortedness,0.95,0.943,1,1,H,114.1919
sortedness,0.95,0.943,1,2,H,108.801957
sortedness,0.95,0.943,1,3,H,110.355882
sortedness,0.95,0.943,1,1,R,113.72746
sortedness,0.95,0.943,1,2,R,112.970435
sortedness,0.95,0.943,1,3,R,108.549769
sortedness,0.95,0.95375,2,1,I,108.865581
sortedness,0.95,0.95375,2,2,I,112.075346
sortedness,0.95,0.95375,2,3,I,119.838691
sortedness,0.95,0.95375,2,1,Q,112.566421
sortedness,0.95,0.95375,2,2,Q,108.647611
sortedness,0.95,0.95375,2,3,Q,112.131381
sortedness,0.95,0.95375,2,1,M,108.907349
sortedness,0.95,0.95375,2,2,M,112.31575
sortedness,0.95,0.95375,2,3,M,108.544477
sortedness,0.95,0.95375,2,1,H,114.834791
sortedness,0.95,0.95375,2,2,H,131.364894
sortedness,0.95,0.95375,2,3,H,120.727264
sortedness,0.95,0.95375,2,1,R,117.262524
sortedness,0.95,0.95375,2,2,R,131.46719
sortedness,0.95,0.95375,2,3,R,110.286826
sortedness,0.95,0.95475,3,1,I,110.949981
sortedness,0.95,0.95475,3,2,I,110.711947
sortedness,0.95,0.95475,3,3,I,111.543105
sortedness,0.95,0.95475,3,1,Q,111.282165
sortedness,0.95,0.95475,3,2,Q,112.332768
sortedness,0.95,0.95475,3,3,Q,112.324906
sortedness,0.95,0.95475,3,1,M,117.514995
sortedness,0.95,0.95475,3,2,M,112.654285
sortedness,0.95,0.95475,3,3,M,105.881652
sortedness,0.95,0.95475,3,1,H,109.556813
sortedness,0.95,0.95475,3,2,H,118.759738
sortedness,0.95,0.95475,3,3,H,113.282511
sortedness,0.95,0.95475,3,1,R,121.034437
sortedness,0.95,0.95475,3,2,R,116.076238
sortedness,0.95,0.95475,3,3,R,105.759855
sortedness,0.95,0.948,4,1,I,115.058654
sortedness,0.95,0.948,4,2,I,125.027952
sortedness,0.95,0.948,4,3,I,115.27367
sortedness,0.95,0.948,4,1,Q,110.759465
sortedness,0.95,0.948,4,2,Q,112.276186
sortedness,0.95,0.948,4,3,Q,111.521555
sortedness,0.95,0.948,4,1,M,114.978735
sortedness,0.95,0.948,4,2,M,112.116208
sortedness,0.95,0.948,4,3,M,99.292184
sortedness,0.95,0.948,4,1,H,112.201523
sortedness,0.95,0.948,4,2,H,111.42178
sortedness,0.95,0.948,4,3,H,110.338098
sortedness,0.95,0.948,4,1,R,115.423916
sortedness,0.95,0.948,4,2,R,111.469075
sortedness,0.95,0.948,4,3,R,113.045569
sortedness,0.95,0.95175,5,1,I,111.455043
sortedness,0.95,0.95175,5,2,I,125.419839
sortedness,0.95,0.95175,5,3,I,116.286106
sortedness,0.95,0.95175,5,1,Q,101.636625
sortedness,0.95,0.95175,5,2,Q,114.037579
sortedness,0.95,0.95175,5,3,Q,112.075885
sortedness,0.95,0.95175,5,1,M,109.485969
sortedness,0.95,0.95175,5,2,M,111.244909
sortedness,0.95,0.95175,5,3,M,116.652247
sortedness,0.95,0.95175,5,1,H,111.196902
sortedness,0.95,0.95175,5,2,H,129.685499
sortedness,0.95,0.95175,5,3,H,112.829757
sortedness,0.95,0.95175,5,1,R,120.951076
sortedness,0.95,0.95175,5,2,R,115.350954
sortedness,0.95,0.95175,5,3,R,120.98277
sortedness,0.95,0.95475,6,1,I,111.593155
sortedness,0.95,0.95475,6,2,I,114.67886
sortedness,0.95,0.95475,6,3,I,114.119947
sortedness,0.95,0.95475,6,1,Q,111.585709
sortedness,0.95,0.95475,6,2,Q,112.451222
sortedness,0.95,0.95475,6,3,Q,110.543871
sortedness,0.95,0.95475,6,1,M,116.178267
sortedness,0.95,0.95475,6,2,M,112.314389
sortedness,0.95,0.95475,6,3,M,107.775319
sortedness,0.95,0.95475,6,1,H,123.708162
sortedness,0.95,0.95475,6,2,H,121.812255
sortedness,0.95,0.95475,6,3,H,115.213456
sortedness,0.95,0.95475,6,1,R,114.179667
sortedness,0.95,0.95475,6,2,R,110.018187
sortedness,0.95,0.95475,6,3,R,113.985997
sortedness,0.95,0.954,7,1,I,111.51126
sortedness,0.95,0.954,7,2,I,117.736761
sortedness,0.95,0.954,7,3,I,108.432568
sortedness,0.95,0.954,7,1,Q,114.411029
sortedness,0.95,0.954,7,2,Q,112.727486
sortedness,0.95,0.954,7,3,Q,117.78187
sortedness,0.95,0.954,7,1,M,114.574066
sortedness,0.95,0.954,7,2,M,111.031001
sortedness,0.95,0.954,7,3,M,111.275287
sortedness,0.95,0.954,7,1,H,112.023734
sortedness,0.95,0.954,7,2,H,125.018639
sortedness,0.95,0.954,7,3,H,115.772986
sortedness,0.95,0.954,7,1,R,112.378752
sortedness,0.95,0.954,7,2,R,116.522525
sortedness,0.95,0.954,7,3,R,130.044338
sortedness,0.95,0.9455,8,1,I,113.678037
sortedness,0.95,0.9455,8,2,I,130.514087
sortedness,0.95,0.9455,8,3,I,113.420876
sortedness,0.95,0.9455,8,1,Q,116.728744
sortedness,0.95,0.9455,8,2,Q,114.321135
sortedness,0.95,0.9455,8,3,Q,116.149117
sortedness,0.95,0.9455,8,1,M,115.468816
sortedness,0.95,0.9455,8,2,M,109.584715
sortedness,0.95,0.9455,8,3,M,110.081553
sortedness,0.95,0.9455,8,1,H,126.593245
sortedness,0.95,0.9455,8,2,H,116.611717
sortedness,0.95,0.9455,8,3,H,112.781834
sortedness,0.95,0.9455,8,1,R,120.159131
sortedness,0.95,0.9455,8,2,R,125.313001
sortedness,0.95,0.9455,8,3,R,117.090597
sortedness,0.96,0.95925,1,1,I,113.577484
sortedness,0.96,0.95925,1,2,I,113.094145
sortedness,0.96,0.95925,1,3,I,112.435762
sortedness,0.96,0.95925,1,1,Q,115.367859
sortedness,0.96,0.95925,1,2,Q,112.693891
sortedness,0.96,0.95925,1,3,Q,115.446371
sortedness,0.96,0.95925,1,1,M,105.442052
sortedness,0.96,0.95925,1,2,M,111.195914
sortedness,0.96,0.95925,1,3,M,115.172246
sortedness,0.96,0.95925,1,1,H,110.871904
sortedness,0.96,0.95925,1,2,H,119.588702
sortedness,0.96,0.95925,1,3,H,104.80097
sortedness,0.96,0.95925,1,1,R,115.177946
sortedness,0.96,0.95925,1,2,R,126.77514
sortedness,0.96,0.95925,1,3,R,109.061285
sortedness,0.96,0.95525,2,1,I,121.697197
sortedness,0.96,0.95525,2,2,I,118.789637
sortedness,0.96,0.95525,2,3,I,111.278136
sortedness,0.96,0.95525,2,1,Q,113.421025
sortedness,0.96,0.95525,2,2,Q,117.324271
sortedness,0.96,0.95525,2,3,Q,110.764123
sortedness,0.96,0.95525,2,1,M,110.85466
sortedness,0.96,0.95525,2,2,M,114.587997
sortedness,0.96,0.95525,2,3,M,101.757173
sortedness,0.96,0.95525,2,1,H,111.033476
sortedness,0.96,0.95525,2,2,H,115.512037
sortedness,0.96,0.95525,2,3,H,115.422247
sortedness,0.96,0.95525,2,1,R,118.382052
sortedness,0.96,0.95525,2,2,R,112.558858
sortedness,0.96,0.95525,2,3,R,126.213198
sortedness,0.96,0.961,3,1,I,117.733527
sortedness,0.96,0.961,3,2,I,118.884421
sortedness,0.96,0.961,3,3,I,109.821044
sortedness,0.96,0.961,3,1,Q,122.430937
sortedness,0.96,0.961,3,2,Q,111.258839
sortedness,0.96,0.961,3,3,Q,109.283887
sortedness,0.96,0.961,3,1,M,110.308061
sortedness,0.96,0.961,3,2,M,111.479327
sortedness,0.96,0.961,3,3,M,121.772382
sortedness,0.96,0.961,3,1,H,117.294615
sortedness,0.96,0.961,3,2,H,116.427308
sortedness,0.96,0.961,3,3,H,117.901225
sortedness,0.96,0.961,3,1,R,111.881452
sortedness,0.96,0.961,3,2,R,112.876619
sortedness,0.96,0.961,3,3,R,120.358765
sortedness,0.96,0.961,4,1,I,110.574287
sortedness,0.96,0.961,4,2,I,111.419728
sortedness,0.96,0.961,4,3,I,112.386674
sortedness,0.96,0.961,4,1,Q,100.753361
sortedness,0.96,0.961,4,2,Q,116.993674
sortedness,0.96,0.961,4,3,Q,116.804637
sortedness,0.96,0.961,4,1,M,116.401944
sortedness,0.96,0.961,4,2,M,117.25523
sortedness,0.96,0.961,4,3,M,110.921679
sortedness,0.96,0.961,4,1,H,121.085882
sortedness,0.96,0.961,4,2,H,104.097965
sortedness,0.96,0.961,4,3,H,118.878175
sortedness,0.96,0.961,4,1,R,115.130427
sortedness,0.96,0.961,4,2,R,117.589073
sortedness,0.96,0.961,4,3,R,113.891409
sortedness,0.96,0.95275,5,1,I,121.006223
sortedness,0.96,0.95275,5,2,I,111.370554
sortedness,0.96,0.95275,5,3,I,111.395776
sortedness,0.96,0.95275,5,1,Q,112.775533
sortedness,0.96,0.95275,5,2,Q,112.94663
sortedness,0.96,0.95275,5,3,Q,110.937961
sortedness,0.96,0.95275,5,1,M,118.350303
sortedness,0.96,0.95275,5,2,M,112.992364
sortedness,0.96,0.95275,5,3,M,113.444786
sortedness,0.96,0.95275,5,1,H,101.940035
sortedness,0.96,0.95275,5,2,H,124.407994
sortedness,0.96,0.95275,5,3,H,112.542906
sortedness,0.96,0.95275,5,1,R,104.467963
sortedness,0.96,0.95275,5,2,R,115.836917
sortedness,0.96,0.95275,5,3,R,112.378753
sortedness,0.96,0.96225,6,1,I,108.570909
sortedness,0.96,0.96225,6,2,I,109.28669
sortedness,0.96,0.96225,6,3,I,111.803315
sortedness,0.96,0.96225,6,1,Q,98.833729
sortedness,0.96,0.96225,6,2,Q,111.304539
sortedness,0.96,0.96225,6,3,Q,112.244477
sortedness,0.96,0.96225,6,1,M,114.879075
sortedness,0.96,0.96225,6,2,M,109.521199
sortedness,0.96,0.96225,6,3,M,111.578648
sortedness,0.96,0.96225,6,1,H,112.037394
sortedness,0.96,0.96225,6,2,H,119.808516
sortedness,0.96,0.96225,6,3,H,97.756894
sortedness,0.96,0.96225,6,1,R,110.636383
sortedness,0.96,0.96225,6,2,R,108.211637
sortedness,0.96,0.96225,6,3,R,113.387821
sortedness,0.96,0.95925,7,1,I,112.470507
sortedness,0.96,0.95925,7,2,I,114.051831
sortedness,0.96,0.95925,7,3,I,110.974438
sortedness,0.96,0.95925,7,1,Q,122.80019
sortedness,0.96,0.95925,7,2,Q,117.718279
sortedness,0.96,0.95925,7,3,Q,118.1817
sortedness,0.96,0.95925,7,1,M,115.065371
sortedness,0.96,0.95925,7,2,M,132.768624
sortedness,0.96,0.95925,7,3,M,120.417813
sortedness,0.96,0.95925,7,1,H,114.560392
sortedness,0.96,0.95925,7,2,H,113.010208
sortedness,0.96,0.95925,7,3,H,117.839905
sortedness,0.96,0.95925,7,1,R,122.147394
sortedness,0.96,0.95925,7,2,R,119.608203
sortedness,0.96,0.95925,7,3,R,115.301871
sortedness,0.96,0.95675,8,1,I,112.309071
sortedness,0.96,0.95675,8,2,I,120.095265
sortedness,0.96,0.95675,8,3,I,112.468608
sortedness,0.96,0.95675,8,1,Q,116.646096
sortedness,0.96,0.95675,8,2,Q,109.009593
sortedness,0.96,0.95675,8,3,Q,109.443936
sortedness,0.96,0.95675,8,1,M,110.155747
sortedness,0.96,0.95675,8,2,M,118.608436
sortedness,0.96,0.95675,8,3,M,107.784812
sortedness,0.96,0.95675,8,1,H,124.992213
sortedness,0.96,0.95675,8,2,H,111.826134
sortedness,0.96,0.95675,8,3,H,118.070781
sortedness,0.96,0.95675,8,1,R,111.662508
sortedness,0.96,0.95675,8,2,R,111.266357
sortedness,0.96,0.95675,8,3,R,114.236745
sortedness,0.97,0.9695,1,1,I,118.300076
sortedness,0.97,0.9695,1,2,I,108.200747
sortedness,0.97,0.9695,1,3,I,107.899626
sortedness,0.97,0.9695,1,1,Q,110.563839
sortedness,0.97,0.9695,1,2,Q,115.46516
sortedness,0.97,0.9695,1,3,Q,112.194349
sortedness,0.97,0.9695,1,1,M,124.686923
sortedness,0.97,0.9695,1,2,M,125.366965
sortedness,0.97,0.9695,1,3,M,117.294705
sortedness,0.97,0.9695,1,1,H,132.334044
sortedness,0.97,0.9695,1,2,H,114.751238
sortedness,0.97,0.9695,1,3,H,113.257865
sortedness,0.97,0.9695,1,1,R,117.773639
sortedness,0.97,0.9695,1,2,R,113.624576
sortedness,0.97,0.9695,1,3,R,127.920987
sortedness,0.97,0.9705,2,1,I,112.140267
sortedness,0.97,0.9705,2,2,I,124.257989
sortedness,0.97,0.9705,2,3,I,124.516929
sortedness,0.97,0.9705,2,1,Q,112.356933
sortedness,0.97,0.9705,2,2,Q,110.462193
sortedness,0.97,0.9705,2,3,Q,109.536726
sortedness,0.97,0.9705,2,1,M,111.373975
sortedness,0.97,0.9705,2,2,M,115.428197
sortedness,0.97,0.9705,2,3,M,111.362193
sortedness,0.97,0.9705,2,1,H,123.347991
sortedness,0.97,0.9705,2,2,H,124.378361
sortedness,0.97,0.9705,2,3,H,120.489414
sortedness,0.97,0.9705,2,1,R,110.33439
sortedness,0.97,0.9705,2,2,R,113.042856
sortedness,0.97,0.9705,2,3,R,113.951818
sortedness,0.97,0.972,3,1,I,112.274329
sortedness,0.97,0.972,3,2,I,109.702465
sortedness,0.97,0.972,3,3,I,119.114083
sortedness,0.97,0.972,3,1,Q,114.427834
sortedness,0.97,0.972,3,2,Q,100.55111
sortedness,0.97,0.972,3,3,Q,104.149885
sortedness,0.97,0.972,3,1,M,102.755689
sortedness,0.97,0.972,3,2,M,132.625361
sortedness,0.97,0.972,3,3,M,118.33703
sortedness,0.97,0.972,3,1,H,119.907441
sortedness,0.97,0.972,3,2,H,127.42193
sortedness,0.97,0.972,3,3,H,109.434679
sortedness,0.97,0.972,3,1,R,126.973846
sortedness,0.97,0.972,3,2,R,105.662886
sortedness,0.97,0.972,3,3,R,113.707417
sortedness,0.97,0.96775,4,1,I,119.46725
sortedness,0.97,0.96775,4,2,I,121.718281
sortedness,0.97,0.96775,4,3,I,115.901118
sortedness,0.97,0.96775,4,1,Q,110.838297
sortedness,0.97,0.96775,4,2,Q,119.707081
sortedness,0.97,0.96775,4,3,Q,118.690845
sortedness,0.97,0.96775,4,1,M,123.214598
sortedness,0.97,0.96775,4,2,M,107.528938
sortedness,0.97,0.96775,4,3,M,120.176774
sortedness,0.97,0.96775,4,1,H,117.22107
sortedness,0.97,0.96775,4,2,H,112.959994
sortedness,0.97,0.96775,4,3,H,120.423544
sortedness,0.97,0.96775,4,1,R,111.619289
sortedness,0.97,0.96775,4,2,R,118.146812
sortedness,0.97,0.96775,4,3,R,122.368691
sortedness,0.97,0.968,5,1,I,118.1931
sortedness,0.97,0.968,5,2,I,119.164384
sortedness,0.97,0.968,5,3,I,109.4059
sortedness,0.97,0.968,5,1,Q,114.078454
sortedness,0.97,0.968,5,2,Q,120.20047
sortedness,0.97,0.968,5,3,Q,124.358556
sortedness,0.97,0.968,5,1,M,118.763508
sortedness,0.97,0.968,5,2,M,127.301082
sortedness,0.97,0.968,5,3,M,123.42651
sortedness,0.97,0.968,5,1,H,126.659755
sortedness,0.97,0.968,5,2,H,117.731533
sortedness,0.97,0.968,5,3,H,121.27068
sortedness,0.97,0.968,5,1,R,119.442698
sortedness,0.97,0.968,5,2,R,114.786283
sortedness,0.97,0.968,5,3,R,110.79499
sortedness,0.97,0.9675,6,1,I,123.827947
sortedness,0.97,0.9675,6,2,I,120.709619
sortedness,0.97,0.9675,6,3,I,119.275914
sortedness,0.97,0.9675,6,1,Q,124.573879
sortedness,0.97,0.9675,6,2,Q,122.10637
sortedness,0.97,0.9675,6,3,Q,122.543982
sortedness,0.97,0.9675,6,1,M,118.067375
sortedness,0.97,0.9675,6,2,M,111.770129
sortedness,0.97,0.9675,6,3,M,115.037374
sortedness,0.97,0.9675,6,1,H,112.752502
sortedness,0.97,0.9675,6,2,H,112.943395
sortedness,0.97,0.9675,6,3,H,113.462581
sortedness,0.97,0.9675,6,1,R,110.734222
sortedness,0.97,0.9675,6,2,R,131.506474
sortedness,0.97,0.9675,6,3,R,122.271383
sortedness,0.97,0.96875,7,1,I,112.886358
sortedness,0.97,0.96875,7,2,I,112.632358
sortedness,0.97,0.96875,7,3,I,123.582894
sortedness,0.97,0.96875,7,1,Q,117.405981
sortedness,0.97,0.96875,7,2,Q,113.888354
sortedness,0.97,0.96875,7,3,Q,112.361399
sortedness,0.97,0.96875,7,1,M,116.882098
sortedness,0.97,0.96875,7,2,M,113.768393
sortedness,0.97,0.96875,7,3,M,113.650527
sortedness,0.97,0.96875,7,1,H,115.782267
sortedness,0.97,0.96875,7,2,H,113.582902
sortedness,0.97,0.96875,7,3,H,115.105067
sortedness,0.97,0.96875,7,1,R,113.326949
sortedness,0.97,0.96875,7,2,R,117.141313
sortedness,0.97,0.96875,7,3,R,116.899248
sortedness,0.97,0.968,8,1,I,113.551477
sortedness,0.97,0.968,8,2,I,113.645272
sortedness,0.97,0.968,8,3,I,108.500198
sortedness,0.97,0.968,8,1,Q,109.669705
sortedness,0.97,0.968,8,2,Q,109.245985
sortedness,0.97,0.968,8,3,Q,112.705722
sortedness,0.97,0.968,8,1,M,110.660439
sortedness,0.97,0.968,8,2,M,113.02397
sortedness,0.97,0.968,8,3,M,116.284313
sortedness,0.97,0.968,8,1,H,112.613905
sortedness,0.97,0.968,8,2,H,114.512562
sortedness,0.97,0.968,8,3,H,112.016171
sortedness,0.97,0.968,8,1,R,111.693155
sortedness,0.97,0.968,8,2,R,114.892845
sortedness,0.97,0.968,8,3,R,108.539873
sortedness,0.98,0.9775,1,1,I,110.700789
sortedness,0.98,0.9775,1,2,I,114.511705
sortedness,0.98,0.9775,1,3,I,130.937438
sortedness,0.98,0.9775,1,1,Q,114.985886
sortedness,0.98,0.9775,1,2,Q,111.755941
sortedness,0.98,0.9775,1,3,Q,115.307273
sortedness,0.98,0.9775,1,1,M,114.766544
sortedness,0.98,0.9775,1,2,M,116.887103
sortedness,0.98,0.9775,1,3,M,112.987138
sortedness,0.98,0.9775,1,1,H,116.021507
sortedness,0.98,0.9775,1,2,H,113.283454
sortedness,0.98,0.9775,1,3,H,113.884658
sortedness,0.98,0.9775,1,1,R,111.238552
sortedness,0.98,0.9775,1,2,R,108.686736
sortedness,0.98,0.9775,1,3,R,117.574
sortedness,0.98,0.98025,2,1,I,117.78095
sortedness,0.98,0.98025,2,2,I,114.584211
sortedness,0.98,0.98025,2,3,I,111.72303
sortedness,0.98,0.98025,2,1,Q,109.70403
sortedness,0.98,0.98025,2,2,Q,106.375451
sortedness,0.98,0.98025,2,3,Q,107.013389
sortedness,0.98,0.98025,2,1,M,111.479415
sortedness,0.98,0.98025,2,2,M,108.597244
sortedness,0.98,0.98025,2,3,M,115.623833
sortedness,0.98,0.98025,2,1,H,117.040051
sortedness,0.98,0.98025,2,2,H,116.473101
sortedness,0.98,0.98025,2,3,H,111.622299
sortedness,0.98,0.98025,2,1,R,117.532857
sortedness,0.98,0.98025,2,2,R,111.580273
sortedness,0.98,0.98025,2,3,R,111.050196
sortedness,0.98,0.981,3,1,I,125.334726
sortedness,0.98,0.981,3,2,I,111.489827
sortedness,0.98,0.981,3,3,I,116.811994
sortedness,0.98,0.981,3,1,Q,110.886329
sortedness,0.98,0.981,3,2,Q,101.99024
sortedness,0.98,0.981,3,3,Q,111.149298
sortedness,0.98,0.981,3,1,M,113.133362
sortedness,0.98,0.981,3,2,M,111.008005
sortedness,0.98,0.981,3,3,M,117.934098
sortedness,0.98,0.981,3,1,H,108.624662
sortedness,0.98,0.981,3,2,H,120.26637
sortedness,0.98,0.981,3,3,H,110.941732
sortedness,0.98,0.981,3,1,R,113.336945
sortedness,0.98,0.981,3,2,R,113.820779
sortedness,0.98,0.981,3,3,R,105.81757
sortedness,0.98,0.97925,4,1,I,114.374775
sortedness,0.98,0.97925,4,2,I,125.992785
sortedness,0.98,0.97925,4,3,I,112.236455
sortedness,0.98,0.97925,4,1,Q,111.693564
sortedness,0.98,0.97925,4,2,Q,109.70947
sortedness,0.98,0.97925,4,3,Q,120.061787
sortedness,0.98,0.97925,4,1,M,110.242608
sortedness,0.98,0.97925,4,2,M,106.182262
sortedness,0.98,0.97925,4,3,M,109.150633
sortedness,0.98,0.97925,4,1,H,117.433437
sortedness,0.98,0.97925,4,2,H,108.782124
sortedness,0.98,0.97925,4,3,H,108.86686
sortedness,0.98,0.97925,4,1,R,102.534912
sortedness,0.98,0.97925,4,2,R,112.892912
sortedness,0.98,0.97925,4,3,R,110.917729
sortedness,0.98,0.98075,5,1,I,108.031944
sortedness,0.98,0.98075,5,2,I,108.206369
sortedness,0.98,0.98075,5,3,I,114.020237
sortedness,0.98,0.98075,5,1,Q,122.112723
sortedness,0.98,0.98075,5,2,Q,110.920168
sortedness,0.98,0.98075,5,3,Q,120.278135
sortedness,0.98,0.98075,5,1,M,115.598316
sortedness,0.98,0.98075,5,2,M,123.975776
sortedness,0.98,0.98075,5,3,M,119.90607
sortedness,0.98,0.98075,5,1,H,128.811691
sortedness,0.98,0.98075,5,2,H,120.219423
sortedness,0.98,0.98075,5,3,H,123.653132
sortedness,0.98,0.98075,5,1,R,111.989313
sortedness,0.98,0.98075,5,2,R,109.943612
sortedness,0.98,0.98075,5,3,R,109.314485
sortedness,0.98,0.98075,6,1,I,107.809157
sortedness,0.98,0.98075,6,2,I,108.809946
sortedness,0.98,0.98075,6,3,I,110.173949
sortedness,0.98,0.98075,6,1,Q,112.131669
sortedness,0.98,0.98075,6,2,Q,108.904734
sortedness,0.98,0.98075,6,3,Q,113.751718
sortedness,0.98,0.98075,6,1,M,107.119044
sortedness,0.98,0.98075,6,2,M,109.072234
sortedness,0.98,0.98075,6,3,M,107.207207
sortedness,0.98,0.98075,6,1,H,110.89902
sortedness,0.98,0.98075,6,2,H,114.604107
sortedness,0.98,0.98075,6,3,H,110.942935
sortedness,0.98,0.98075,6,1,R,112.139038
sortedness,0.98,0.98075,6,2,R,116.092731
sortedness,0.98,0.98075,6,3,R,114.036066
sortedness,0.98,0.97675,7,1,I,121.035883
sortedness,0.98,0.97675,7,2,I,112.92059
sortedness,0.98,0.97675,7,3,I,111.270964
sortedness,0.98,0.97675,7,1,Q,110.118986
sortedness,0.98,0.97675,7,2,Q,113.505849
sortedness,0.98,0.97675,7,3,Q,108.42742
sortedness,0.98,0.97675,7,1,M,114.969354
sortedness,0.98,0.97675,7,2,M,112.904781
sortedness,0.98,0.97675,7,3,M,113.785339
sortedness,0.98,0.97675,7,1,H,114.706215
sortedness,0.98,0.97675,7,2,H,109.017151
sortedness,0.98,0.97675,7,3,H,111.191593
sortedness,0.98,0.97675,7,1,R,98.33251
sortedness,0.98,0.97675,7,2,R,101.813432
sortedness,0.98,0.97675,7,3,R,110.261418
sortedness,0.98,0.98,8,1,I,110.283953
sortedness,0.98,0.98,8,2,I,109.517734
sortedness,0.98,0.98,8,3,I,112.785013
sortedness,0.98,0.98,8,1,Q,110.071093
sortedness,0.98,0.98,8,2,Q,109.207832
sortedness,0.98,0.98,8,3,Q,107.326394
sortedness,0.98,0.98,8,1,M,112.744166
sortedness,0.98,0.98,8,2,M,119.542707
sortedness,0.98,0.98,8,3,M,111.904376
sortedness,0.98,0.98,8,1,H,116.331603
sortedness,0.98,0.98,8,2,H,111.137986
sortedness,0.98,0.98,8,3,H,121.687744
sortedness,0.98,0.98,8,1,R,111.285558
sortedness,0.98,0.98,8,2,R,117.465868
sortedness,0.98,0.98,8,3,R,123.734138
sortedness,0.99,0.9895,1,1,I,110.630482
sortedness,0.99,0.9895,1,2,I,116.226244
sortedness,0.99,0.9895,1,3,I,109.114832
sortedness,0.99,0.9895,1,1,Q,113.127792
sortedness,0.99,0.9895,1,2,Q,119.217231
sortedness,0.99,0.9895,1,3,Q,111.724366
sortedness,0.99,0.9895,1,1,M,109.603651
sortedness,0.99,0.9895,1,2,M,108.423291
sortedness,0.99,0.9895,1,3,M,106.504139
sortedness,0.99,0.9895,1,1,H,113.432989
sortedness,0.99,0.9895,1,2,H,114.368756
sortedness,0.99,0.9895,1,3,H,118.950303
sortedness,0.99,0.9895,1,1,R,115.22438
sortedness,0.99,0.9895,1,2,R,112.204693
sortedness,0.99,0.9895,1,3,R,125.240308
sortedness,0.99,0.9905,2,1,I,98.680683
sortedness,0.99,0.9905,2,2,I,107.546682
sortedness,0.99,0.9905,2,3,I,109.636236
sortedness,0.99,0.9905,2,1,Q,113.261038
sortedness,0.99,0.9905,2,2,Q,113.411053
sortedness,0.99,0.9905,2,3,Q,97.89257
sortedness,0.99,0.9905,2,1,M,111.934418
sortedness,0.99,0.9905,2,2,M,118.024478
sortedness,0.99,0.9905,2,3,M,112.038055
sortedness,0.99,0.9905,2,1,H,108.816067
sortedness,0.99,0.9905,2,2,H,109.719062
sortedness,0.99,0.9905,2,3,H,113.297444
sortedness,0.99,0.9905,2,1,R,110.721541
sortedness,0.99,0.9905,2,2,R,113.956756
sortedness,0.99,0.9905,2,3,R,110.110302
sortedness,0.99,0.98825,3,1,I,111.568475
sortedness,0.99,0.98825,3,2,I,111.591873
sortedness,0.99,0.98825,3,3,I,114.324981
sortedness,0.99,0.98825,3,1,Q,112.570704
sortedness,0.99,0.98825,3,2,Q,108.98883
sortedness,0.99,0.98825,3,3,Q,103.201251
sortedness,0.99,0.98825,3,1,M,111.299937
sortedness,0.99,0.98825,3,2,M,115.32953
sortedness,0.99,0.98825,3,3,M,116.497974
sortedness,0.99,0.98825,3,1,H,110.489825
sortedness,0.99,0.98825,3,2,H,117.148876
sortedness,0.99,0.98825,3,3,H,104.70985
sortedness,0.99,0.98825,3,1,R,112.738195
sortedness,0.99,0.98825,3,2,R,112.338047
sortedness,0.99,0.98825,3,3,R,108.502408
sortedness,0.99,0.9905,4,1,I,113.115311
sortedness,0.99,0.9905,4,2,I,109.201275
sortedness,0.99,0.9905,4,3,I,111.340704
sortedness,0.99,0.9905,4,1,Q,110.065611
sortedness,0.99,0.9905,4,2,Q,109.845408
sortedness,0.99,0.9905,4,3,Q,107.762099
sortedness,0.99,0.9905,4,1,M,119.386657
sortedness,0.99,0.9905,4,2,M,109.64365
sortedness,0.99,0.9905,4,3,M,110.719152
sortedness,0.99,0.9905,4,1,H,114.064323
sortedness,0.99,0.9905,4,2,H,112.401474
sortedness,0.99,0.9905,4,3,H,112.5331
sortedness,0.99,0.9905,4,1,R,111.610929
sortedness,0.99,0.9905,4,2,R,113.194794
sortedness,0.99,0.9905,4,3,R,117.82187
sortedness,0.99,0.99075,5,1,I,111.297696
sortedness,0.99,0.99075,5,2,I,109.961561
sortedness,0.99,0.99075,5,3,I,112.17944
sortedness,0.99,0.99075,5,1,Q,108.395994
sortedness,0.99,0.99075,5,2,Q,109.68058
sortedness,0.99,0.99075,5,3,Q,109.847828
sortedness,0.99,0.99075,5,1,M,113.315799
sortedness,0.99,0.99075,5,2,M,110.270163
sortedness,0.99,0.99075,5,3,M,106.236924
sortedness,0.99,0.99075,5,1,H,108.802025
sortedness,0.99,0.99075,5,2,H,114.145324
sortedness,0.99,0.99075,5,3,H,113.310598
sortedness,0.99,0.99075,5,1,R,109.30314
sortedness,0.99,0.99075,5,2,R,107.746435
sortedness,0.99,0.99075,5,3,R,112.149735
sortedness,0.99,0.99,6,1,I,112.998784
sortedness,0.99,0.99,6,2,I,104.314704
sortedness,0.99,0.99,6,3,I,108.324346
sortedness,0.99,0.99,6,1,Q,108.351291
sortedness,0.99,0.99,6,2,Q,124.477483
sortedness,0.99,0.99,6,3,Q,120.947566
sortedness,0.99,0.99,6,1,M,110.68323
sortedness,0.99,0.99,6,2,M,123.464115
sortedness,0.99,0.99,6,3,M,112.479204
sortedness,0.99,0.99,6,1,H,110.67076
sortedness,0.99,0.99,6,2,H,110.138538
sortedness,0.99,0.99,6,3,H,106.886844
sortedness,0.99,0.99,6,1,R,112.662714
sortedness,0.99,0.99,6,2,R,111.770638
sortedness,0.99,0.99,6,3,R,111.48102
sortedness,0.99,0.992,7,1,I,112.648313
sortedness,0.99,0.992,7,2,I,99.125807
sortedness,0.99,0.992,7,3,I,108.227507
sortedness,0.99,0.992,7,1,Q,114.809345
sortedness,0.99,0.992,7,2,Q,115.421174
sortedness,0.99,0.992,7,3,Q,113.034923
sortedness,0.99,0.992,7,1,M,108.822173
sortedness,0.99,0.992,7,2,M,110.948917
sortedness,0.99,0.992,7,3,M,112.661187
sortedness,0.99,0.992,7,1,H,109.17775
sortedness,0.99,0.992,7,2,H,119.427242
sortedness,0.99,0.992,7,3,H,117.557335
sortedness,0.99,0.992,7,1,R,113.338157
sortedness,0.99,0.992,7,2,R,103.858702
sortedness,0.99,0.992,7,3,R,118.759618
sortedness,0.99,0.98975,8,1,I,115.378978
sortedness,0.99,0.98975,8,2,I,114.219585
sortedness,0.99,0.98975,8,3,I,107.693722
sortedness,0.99,0.98975,8,1,Q,111.861509
sortedness,0.99,0.98975,8,2,Q,113.337803
sortedness,0.99,0.98975,8,3,Q,112.932086
sortedness,0.99,0.98975,8,1,M,109.203556
sortedness,0.99,0.98975,8,2,M,107.11896
sortedness,0.99,0.98975,8,3,M,112.442191
sortedness,0.99,0.98975,8,1,H,114.047875
sortedness,0.99,0.98975,8,2,H,110.809958
sortedness,0.99,0.98975,8,3,H,109.955999
sortedness,0.99,0.98975,8,1,R,110.693331
sortedness,0.99,0.98975,8,2,R,106.956621
sortedness,0.99,0.98975,8,3,R,98.877932
sortedness,1.0,0.99975,1,1,I,111.21205
sortedness,1.0,0.99975,1,2,I,113.395071
sortedness,1.0,0.99975,1,3,I,107.909768
sortedness,1.0,0.99975,1,1,Q,151.322675
sortedness,1.0,0.99975,1,2,Q,113.825803
sortedness,1.0,0.99975,1,3,Q,116.150233
sortedness,1.0,0.99975,1,1,M,110.089993
sortedness,1.0,0.99975,1,2,M,107.440817
sortedness,1.0,0.99975,1,3,M,108.35917
sortedness,1.0,0.99975,1,1,H,112.89587
sortedness,1.0,0.99975,1,2,H,112.50668
sortedness,1.0,0.99975,1,3,H,113.815323
sortedness,1.0,0.99975,1,1,R,112.733382
sortedness,1.0,0.99975,1,2,R,113.114463
sortedness,1.0,0.99975,1,3,R,109.354189
sortedness,1.0,0.99975,2,1,I,107.77081
sortedness,1.0,0.99975,2,2,I,109.82128
sortedness,1.0,0.99975,2,3,I,112.463747
sortedness,1.0,0.99975,2,1,Q,114.386221
sortedness,1.0,0.99975,2,2,Q,110.973562
sortedness,1.0,0.99975,2,3,Q,111.698885
sortedness,1.0,0.99975,2,1,M,112.928358
sortedness,1.0,0.99975,2,2,M,110.292462
sortedness,1.0,0.99975,2,3,M,110.009628
sortedness,1.0,0.99975,2,1,H,101.782288
sortedness,1.0,0.99975,2,2,H,113.073115
sortedness,1.0,0.99975,2,3,H,112.111811
sortedness,1.0,0.99975,2,1,R,110.096171
sortedness,1.0,0.99975,2,2,R,132.989271
sortedness,1.0,0.99975,2,3,R,117.281886
sortedness,1.0,0.99975,3,1,I,112.842049
sortedness,1.0,0.99975,3,2,I,108.875802
sortedness,1.0,0.99975,3,3,I,108.245488
sortedness,1.0,0.99975,3,1,Q,107.909156
sortedness,1.0,0.99975,3,2,Q,114.193079
sortedness,1.0,0.99975,3,3,Q,118.29806
sortedness,1.0,0.99975,3,1,M,110.718961
sortedness,1.0,0.99975,3,2,M,110.743962
sortedness,1.0,0.99975,3,3,M,110.259157
sortedness,1.0,0.99975,3,1,H,110.700286
sortedness,1.0,0.99975,3,2,H,110.38397
sortedness,1.0,0.99975,3,3,H,120.856003
sortedness,1.0,0.99975,3,1,R,116.301904
sortedness,1.0,0.99975,3,2,R,108.888295
sortedness,1.0,0.99975,3,3,R,110.790797
sortedness,1.0,0.99975,4,1,I,106.352411
sortedness,1.0,0.99975,4,2,I,117.787977
sortedness,1.0,0.99975,4,3,I,112.683004
sortedness,1.0,0.99975,4,1,Q,118.324804
sortedness,1.0,0.99975,4,2,Q,111.470846
sortedness,1.0,0.99975,4,3,Q,111.708564
sortedness,1.0,0.99975,4,1,M,113.588612
sortedness,1.0,0.99975,4,2,M,112.564917
sortedness,1.0,0.99975,4,3,M,110.759242
sortedness,1.0,0.99975,4,1,H,110.20579
sortedness,1.0,0.99975,4,2,H,111.598169
sortedness,1.0,0.99975,4,3,H,112.526747
sortedness,1.0,0.99975,4,1,R,113.352244
sortedness,1.0,0.99975,4,2,R,113.487184
sortedness,1.0,0.99975,4,3,R,111.957687
sortedness,1.0,0.99975,5,1,I,111.676761
sortedness,1.0,0.99975,5,2,I,112.529025
sortedness,1.0,0.99975,5,3,I,109.072534
sortedness,1.0,0.99975,5,1,Q,113.22125
sortedness,1.0,0.99975,5,2,Q,110.47049
sortedness,1.0,0.99975,5,3,Q,102.975226
sortedness,1.0,0.99975,5,1,M,114.788576
sortedness,1.0,0.99975,5,2,M,115.663054
sortedness,1.0,0.99975,5,3,M,127.136729
sortedness,1.0,0.99975,5,1,H,114.261475
sortedness,1.0,0.99975,5,2,H,113.59715
sortedness,1.0,0.99975,5,3,H,112.305625
sortedness,1.0,0.99975,5,1,R,115.969221
sortedness,1.0,0.99975,5,2,R,107.206815
sortedness,1.0,0.99975,5,3,R,116.264591
sortedness,1.0,0.99975,6,1,I,116.070542
sortedness,1.0,0.99975,6,2,I,120.636715
sortedness,1.0,0.99975,6,3,I,119.279663
sortedness,1.0,0.99975,6,1,Q,120.614516
sortedness,1.0,0.99975,6,2,Q,114.420497
sortedness,1.0,0.99975,6,3,Q,120.950045
sortedness,1.0,0.99975,6,1,M,119.926185
sortedness,1.0,0.99975,6,2,M,113.48618
sortedness,1.0,0.99975,6,3,M,112.267382
sortedness,1.0,0.99975,6,1,H,102.182009
sortedness,1.0,0.99975,6,2,H,108.771775
sortedness,1.0,0.99975,6,3,H,111.316751
sortedness,1.0,0.99975,6,1,R,100.736305
sortedness,1.0,0.99975,6,2,R,112.165952
sortedness,1.0,0.99975,6,3,R,121.339351
sortedness,1.0,0.99975,7,1,I,110.974462
sortedness,1.0,0.99975,7,2,I,121.652162
sortedness,1.0,0.99975,7,3,I,111.498731
sortedness,1.0,0.99975,7,1,Q,121.033649
sortedness,1.0,0.99975,7,2,Q,114.225575
sortedness,1.0,0.99975,7,3,Q,116.533085
sortedness,1.0,0.99975,7,1,M,112.162258
sortedness,1.0,0.99975,7,2,M,114.362704
sortedness,1.0,0.99975,7,3,M,107.602816
sortedness,1.0,0.99975,7,1,H,124.169908
sortedness,1.0,0.99975,7,2,H,115.295364
sortedness,1.0,0.99975,7,3,H,122.675872
sortedness,1.0,0.99975,7,1,R,118.755647
sortedness,1.0,0.99975,7,2,R,114.876677
sortedness,1.0,0.99975,7,3,R,112.715671
sortedness,1.0,0.99975,8,1,I,111.669301
sortedness,1.0,0.99975,8,2,I,115.859699
sortedness,1.0,0.99975,8,3,I,118.555133
sortedness,1.0,0.99975,8,1,Q,112.590288
sortedness,1.0,0.99975,8,2,Q,110.575117
sortedness,1.0,0.99975,8,3,Q,111.331137
sortedness,1.0,0.99975,8,1,M,116.681517
sortedness,1.0,0.99975,8,2,M,116.918751
sortedness,1.0,0.99975,8,3,M,109.394038
sortedness,1.0,0.99975,8,1,H,110.37265
sortedness,1.0,0.99975,8,2,H,122.294375
sortedness,1.0,0.99975,8,3,H,115.407453
sortedness,1.0,0.99975,8,1,R,109.926872
sortedness,1.0,0.99975,8,2,R,100.09045
sortedness,1.0,0.99975,8,3,R,100.433798
